[16:50:36] [main/WARN] (FabricLoader/Knot) Class path entries reference missing files: /Users/jackangione/Desktop/VULKAN SHADERS/build/classes/java/main - the game may not load properly!
[16:50:36] [main/INFO] (FabricLoader/GameProvider) Loading Minecraft 26.2 with Fabric Loader 0.19.3
[16:50:36] [main/INFO] (FabricLoader/Mappings) Mappings not present!
[16:50:37] [main/INFO] (FabricLoader) Loading 51 mods:
	- fabric-api 0.157.0+26.2
	- fabric-api-base 2.0.4+ece063239e
	- fabric-api-lookup-api-v1 2.0.17+11e1c9a39e
	- fabric-biome-api-v1 18.0.6+c7bd5b8e9e
	- fabric-block-api-v1 3.0.3+ec56b6019e
	- fabric-block-getter-api-v2 2.0.7+ec56b6019e
	- fabric-client-gametest-api-v1 6.0.0+515ac5339e
	- fabric-command-api-v2 3.1.0+00cb03469e
	- fabric-content-registries-v0 11.3.1+37b1aa249e
	- fabric-convention-tags-v2 4.7.0+1f023a9e9e
	- fabric-crash-report-info-v1 1.0.5+086d547a9e
	- fabric-creative-tab-api-v1 5.0.14+d871b99e9e
	- fabric-data-attachment-api-v1 2.2.18+515ac5339e
	- fabric-data-generation-api-v1 25.5.0+aed122aa9e
	- fabric-debug-api-v1 1.0.2+c792624d9e
	- fabric-dimensions-v1 5.1.11+515ac5339e
	- fabric-entity-events-v1 5.0.5+06488ac19e
	- fabric-events-interaction-v0 5.2.7+515ac5339e
	- fabric-game-rule-api-v1 4.0.8+46a6d00c9e
	- fabric-gametest-api-v1 4.0.21+4a7fa0819e
	- fabric-item-api-v1 14.4.0+49a69a7b9e
	- fabric-key-mapping-api-v1 2.0.5+e2bdee789e
	- fabric-lifecycle-events-v1 4.1.3+4575b05f9e
	- fabric-loot-api-v3 3.0.17+06488ac19e
	- fabric-menu-api-v1 2.0.16+086d547a9e
	- fabric-message-api-v1 7.0.8+bb2ed3f79e
	- fabric-model-loading-api-v1 8.0.16+c80601bb9e
	- fabric-networking-api-v1 6.3.3+72073ef09e
	- fabric-object-builder-api-v1 24.1.0+6fcd5f039e
	- fabric-particles-v1 5.0.18+d1756aa99e
	- fabric-permission-api-v1 1.0.5+e442d8d09e
	- fabric-recipe-api-v1 9.0.20+11e1c9a39e
	- fabric-registry-sync-v0 7.1.0+c7bd5b8e9e
	- fabric-renderer-api-v1 14.1.3+2b0d8a229e
	- fabric-renderer-indigo 9.1.3+2b0d8a229e
	- fabric-rendering-fluids-v1 6.0.4+06488ac19e
	- fabric-rendering-v1 25.3.2+515ac5339e
	- fabric-resource-conditions-api-v1 6.1.0+10e9a28b9e
	- fabric-resource-loader-v0 3.3.20+4fc5413f9e
	- fabric-resource-loader-v1 2.0.13+9edec1269e
	- fabric-screen-api-v1 5.2.0+58e078ad9e
	- fabric-serialization-api-v1 2.0.4+11a26f319e
	- fabric-sound-api-v1 2.0.5+11a26f319e
	- fabric-tag-api-v1 2.1.4+515ac5339e
	- fabric-transfer-api-v1 8.0.12+11dbb7d79e
	- fabric-transitive-access-wideners-v1 8.1.4+67c847259e
	- fabricloader 0.19.3
	- java 25
	- metalcraft 0.2.0-dev.1
	- minecraft 26.2
	- mixinextras 0.5.4
[16:50:37] [main/INFO] (FabricLoader/Mixin) SpongePowered MIXIN Subsystem Version=0.8.7 Source=file:/Users/jackangione/.gradle/caches/modules-2/files-2.1/net.fabricmc/sponge-mixin/0.17.3+mixin.0.8.7/41c4a3984a80f4679e759fb9f495587acc5cdac7/sponge-mixin-0.17.3+mixin.0.8.7.jar Service=Knot/Fabric Env=CLIENT
[16:50:37] [main/INFO] (FabricLoader/Mixin) Compatibility level set to JAVA_25
[16:50:37] [main/INFO] (MetalCraftPreLaunch) MetalCraft direct Metal bridge opened an owned device and command queue: Apple M4 Max (recommended working set: 53084 MiB)
[16:50:37] [main/WARN] (MetalCraftPreLaunch) Direct Metal backend selection is active and experimental; Minecraft's OpenGL crash recovery remains available
[16:50:37] [main/INFO] (FabricLoader/MixinExtras|Service) Initializing MixinExtras via com.llamalad7.mixinextras.service.MixinExtrasServiceImpl(version=0.5.4).
[16:50:37] [Datafixer Bootstrap #0/INFO] (Minecraft) 295 Datafixer optimizations took 125 milliseconds
[16:50:38] [main/WARN] (MacOperatingSystem) Unable to parse version 27.0 to a codename.
[16:50:39] [Render thread/INFO] (Minecraft) Environment: Environment[sessionHost=https://sessionserver.mojang.com, servicesHost=https://api.minecraftservices.com, profilesHost=https://api.mojang.com, name=PROD]
[16:50:39] [Render thread/INFO] (Minecraft) Setting user: Player516
[16:50:40] [Render thread/INFO] (Indigo) [Indigo] Registering Indigo renderer!
[16:50:40] [Download-2/ERROR] (Minecraft) Failed to fetch user properties
com.mojang.authlib.exceptions.InvalidCredentialsException: Status: 401
	at knot//com.mojang.authlib.exceptions.MinecraftClientHttpException.toAuthenticationException(MinecraftClientHttpException.java:70)
	at knot//com.mojang.authlib.yggdrasil.YggdrasilUserApiService.fetchProperties(YggdrasilUserApiService.java:173)
	at knot//net.minecraft.client.Minecraft.lambda$new$1(Minecraft.java:418)
	at java.base/java.util.concurrent.CompletableFuture$AsyncSupply.run(CompletableFuture.java:1789)
	at java.base/java.util.concurrent.ThreadPoolExecutor.runWorker(ThreadPoolExecutor.java:1090)
	at java.base/java.util.concurrent.ThreadPoolExecutor$Worker.run(ThreadPoolExecutor.java:614)
	at java.base/java.lang.Thread.run(Thread.java:1474)
Caused by: MinecraftClientHttpException[type=HTTP_ERROR, status=401, response=ErrorResponse[path=/player/attributes, error=null, errorMessage=null, details=null]]
	at knot//com.mojang.authlib.minecraft.client.MinecraftClient.buildHttpException(MinecraftClient.java:170)
	at knot//com.mojang.authlib.minecraft.client.MinecraftClient.readServiceResponse(MinecraftClient.java:147)
	at knot//com.mojang.authlib.minecraft.client.MinecraftClient.getWithEtag(MinecraftClient.java:81)
	at knot//com.mojang.authlib.minecraft.client.MinecraftClient.get(MinecraftClient.java:65)
	at knot//com.mojang.authlib.yggdrasil.YggdrasilUserApiService.fetchProperties(YggdrasilUserApiService.java:123)
	... 5 more
[16:50:40] [Render thread/ERROR] (Minecraft) Illegal option value 0 for Anisotropic Filtering
[16:50:40] [Render thread/INFO] (Minecraft) Backend library: LWJGL version 3.4.1-snapshot
[16:50:40] [Render thread/WARN] (Minecraft) Graphics backend forced to default by launch argument, in-game preferred graphics backend setting is ignored
[16:50:40] [Render thread/INFO] (Minecraft) Using graphics backend Metal, using drivers: Mac OS X 27.0
[16:50:40] [Render thread/INFO] (Minecraft) Using graphics device: Apple M4 Max (Apple)
[16:50:40] [Render thread/INFO] (Minecraft) Using graphics device extensions: Metal
[16:50:40] [Download-1/INFO] (Minecraft) Could not authorize you against Realms server: java.lang.RuntimeException: Failed to parse into SignedJWT: FabricMC
[16:50:40] [Download-1/ERROR] (Minecraft) Failed to fetch Realms feature flags
com.mojang.realmsclient.exception.RealmsServiceException: Realms authentication error with message 'java.lang.RuntimeException: Failed to parse into SignedJWT: FabricMC'
	at knot//com.mojang.realmsclient.client.RealmsClient.execute(RealmsClient.java:509)
	at knot//com.mojang.realmsclient.client.RealmsClient.fetchFeatureFlags(RealmsClient.java:159)
	at java.base/java.util.concurrent.CompletableFuture$AsyncSupply.run(CompletableFuture.java:1789)
	at java.base/java.util.concurrent.ThreadPoolExecutor.runWorker(ThreadPoolExecutor.java:1090)
	at java.base/java.util.concurrent.ThreadPoolExecutor$Worker.run(ThreadPoolExecutor.java:614)
	at java.base/java.lang.Thread.run(Thread.java:1474)
[16:50:40] [Render thread/INFO] (Minecraft) Reloading ResourceManager: vanilla, fabric-api, fabric-api-base, fabric-api-lookup-api-v1, fabric-biome-api-v1, fabric-block-api-v1, fabric-block-getter-api-v2, fabric-client-gametest-api-v1, fabric-command-api-v2, fabric-content-registries-v0, fabric-convention-tags-v2, fabric-crash-report-info-v1, fabric-creative-tab-api-v1, fabric-data-attachment-api-v1, fabric-data-generation-api-v1, fabric-debug-api-v1, fabric-dimensions-v1, fabric-entity-events-v1, fabric-events-interaction-v0, fabric-game-rule-api-v1, fabric-gametest-api-v1, fabric-item-api-v1, fabric-key-mapping-api-v1, fabric-lifecycle-events-v1, fabric-loot-api-v3, fabric-menu-api-v1, fabric-message-api-v1, fabric-model-loading-api-v1, fabric-networking-api-v1, fabric-object-builder-api-v1, fabric-particles-v1, fabric-permission-api-v1, fabric-recipe-api-v1, fabric-registry-sync-v0, fabric-renderer-api-v1, fabric-renderer-indigo, fabric-rendering-fluids-v1, fabric-rendering-v1, fabric-resource-conditions-api-v1, fabric-resource-loader-v0, fabric-resource-loader-v1, fabric-screen-api-v1, fabric-serialization-api-v1, fabric-sound-api-v1, fabric-tag-api-v1, fabric-transfer-api-v1, fabric-transitive-access-wideners-v1, fabricloader, metalcraft
[16:50:40] [Render thread/INFO] (MetalCraftClient) MetalCraft direct renderer active: Apple / Apple M4 Max using Metal
[16:50:40] [Render thread/WARN] (Minecraft) Failed to find suitable monitor for fullscreen mode
[16:50:40] [Render thread/INFO] (MetalGpuSurface) MetalCraft surface configured: 1708x960 presentMode=IMMEDIATE displaySync=false unlockedFrameRate=true
[16:50:40] [Worker-Main-2/INFO] (Minecraft) Found unifont_all_no_pua-17.0.01.hex, loading
[16:50:40] [Worker-Main-1/INFO] (Minecraft) Found unifont_pua-17.0.01.hex, loading
[16:50:40] [Worker-Main-11/INFO] (Minecraft) Found unifont_jp_patch-17.0.01.hex, loading
[16:50:40] [Render thread/INFO] (MetalGpuSurface) MetalCraft surface configured: 1708x960 presentMode=IMMEDIATE displaySync=false unlockedFrameRate=true
[16:50:43] [Render thread/INFO] (Minecraft) OpenAL initialized on device DENON-AVR
[16:50:43] [Render thread/INFO] (Minecraft) Sound engine started
[16:50:43] [Render thread/INFO] (Minecraft) Created: 512x256x0 minecraft:textures/atlas/particles.png-atlas
[16:50:43] [Render thread/INFO] (Minecraft) Created: 128x128x0 minecraft:textures/atlas/decorated_pot.png-atlas
[16:50:43] [Render thread/INFO] (Minecraft) Created: 2048x1024x0 minecraft:textures/atlas/armor_trims.png-atlas
[16:50:43] [Render thread/INFO] (Minecraft) Created: 512x256x0 minecraft:textures/atlas/paintings.png-atlas
[16:50:43] [Render thread/INFO] (Minecraft) Created: 1024x512x0 minecraft:textures/atlas/shield_patterns.png-atlas
[16:50:43] [Render thread/INFO] (Minecraft) Created: 2048x2048x4 minecraft:textures/atlas/blocks.png-atlas
[16:50:43] [Render thread/INFO] (Minecraft) Created: 512x512x0 minecraft:textures/atlas/chest.png-atlas
[16:50:43] [Render thread/INFO] (Minecraft) Created: 256x128x0 minecraft:textures/atlas/celestials.png-atlas
[16:50:43] [Render thread/INFO] (Minecraft) Created: 1024x512x0 minecraft:textures/atlas/banner_patterns.png-atlas
[16:50:43] [Render thread/INFO] (Minecraft) Created: 1024x512x0 minecraft:textures/atlas/items.png-atlas
[16:50:43] [Render thread/INFO] (Minecraft) Created: 1024x1024x0 minecraft:textures/atlas/gui.png-atlas
[16:50:43] [Render thread/INFO] (Minecraft) Created: 128x64x0 minecraft:textures/atlas/map_decorations.png-atlas
[16:50:43] [Render thread/INFO] (Minecraft) Created: 512x512x0 minecraft:textures/atlas/shulker_boxes.png-atlas
[16:50:43] [Download-1/INFO] (Minecraft) Could not authorize you against Realms server: java.lang.RuntimeException: Failed to parse into SignedJWT: FabricMC
[16:50:43] [Download-1/ERROR] (Minecraft) Couldn't connect to realms
com.mojang.realmsclient.exception.RealmsServiceException: Realms authentication error with message 'java.lang.RuntimeException: Failed to parse into SignedJWT: FabricMC'
	at knot//com.mojang.realmsclient.client.RealmsClient.execute(RealmsClient.java:509)
	at knot//com.mojang.realmsclient.client.RealmsClient.clientCompatible(RealmsClient.java:281)
	at knot//com.mojang.realmsclient.RealmsAvailability.lambda$check$0(RealmsAvailability.java:47)
	at java.base/java.util.concurrent.CompletableFuture$AsyncSupply.run(CompletableFuture.java:1789)
	at java.base/java.util.concurrent.ThreadPoolExecutor.runWorker(ThreadPoolExecutor.java:1090)
	at java.base/java.util.concurrent.ThreadPoolExecutor$Worker.run(ThreadPoolExecutor.java:614)
	at java.base/java.lang.Thread.run(Thread.java:1474)
[16:50:45] [Test thread/INFO] (MetalLifecycleGameTest) Metal lifecycle validation: Metal backend selected
[16:50:45] [Render thread/INFO] (ShaderPackRuntime) Loaded MetalCraft shader pack 'MetalCraft Standard': 3 pass(es), 4 target(s), 18 option(s), 6558720 bytes
[16:50:45] [Render thread/INFO] (MetalGpuSurface) MetalCraft surface configured: 1708x960 presentMode=IMMEDIATE displaySync=false unlockedFrameRate=true
[16:50:46] [Render thread/INFO] (Minecraft) Loaded 1585 recipes
[16:50:46] [Render thread/INFO] (Minecraft) Loaded 1688 advancements
[16:50:46] [Render thread/INFO] (fabric-client-gametest-api-v1) World loading finished: null screen: net.minecraft.client.gui.screens.GenericMessageScreen@f5eaf29
[16:50:46] [Render thread/INFO] (BiomeModificationImpl) Applied 0 biome modifications to 0 of 66 new biomes in 797.8 μs
[16:50:46] [Server thread/INFO] (Minecraft) Starting integrated minecraft server version 26.2
[16:50:46] [Server thread/INFO] (Minecraft) Generating keypair
[16:50:46] [Server thread/INFO] (Minecraft) Selecting global world spawn...
[16:50:47] [Server thread/INFO] (Minecraft) Loading 0 persistent chunks...
[16:50:47] [Server thread/INFO] (Minecraft) Preparing spawn area: 16%
[16:50:47] [Server thread/INFO] (Minecraft) Saving chunks for level 'ServerLevel[New World]'/minecraft:overworld
[16:50:47] [Server thread/INFO] (Minecraft) Saving chunks for level 'ServerLevel[New World]'/minecraft:the_end
[16:50:47] [Server thread/INFO] (Minecraft) Saving chunks for level 'ServerLevel[New World]'/minecraft:the_nether
[16:50:47] [Server thread/INFO] (Minecraft) ThreadedAnvilChunkStorage (world): All chunks are saved
[16:50:47] [Server thread/INFO] (Minecraft) ThreadedAnvilChunkStorage (DIM1): All chunks are saved
[16:50:47] [Server thread/INFO] (Minecraft) ThreadedAnvilChunkStorage (DIM-1): All chunks are saved
[16:50:47] [Server thread/INFO] (Minecraft) ThreadedAnvilChunkStorage: All dimensions are saved
[16:50:47] [Render thread/INFO] (fabric-client-gametest-api-v1) World loading finished: null screen: net.minecraft.client.gui.screens.LevelLoadingScreen@7d8057e5
[16:50:47] [Render thread/INFO] (fabric-client-gametest-api-v1) World loading finished: null screen: net.minecraft.client.gui.screens.LevelLoadingScreen@7d8057e5
[16:50:47] [Render thread/INFO] (fabric-client-gametest-api-v1) World loading finished: null screen: net.minecraft.client.gui.screens.LevelLoadingScreen@7d8057e5
[16:50:47] [Render thread/INFO] (fabric-client-gametest-api-v1) World loading finished: null screen: net.minecraft.client.gui.screens.LevelLoadingScreen@7d8057e5
[16:50:47] [Render thread/INFO] (fabric-client-gametest-api-v1) World loading finished: null screen: net.minecraft.client.gui.screens.LevelLoadingScreen@7d8057e5
[16:50:47] [Server thread/INFO] (Minecraft) Loading 48 chunks for player spawn...
[16:50:47] [Server thread/INFO] (Minecraft) Preparing spawn area: 16%
[16:50:47] [Render thread/INFO] (fabric-client-gametest-api-v1) World loading finished: null screen: net.minecraft.client.gui.screens.LevelLoadingScreen@7d8057e5
[16:50:47] [Server thread/INFO] (Minecraft) Preparing spawn area: 16%
[16:50:47] [Render thread/INFO] (fabric-client-gametest-api-v1) World loading finished: null screen: net.minecraft.client.gui.screens.LevelLoadingScreen@7d8057e5
[16:50:47] [Render thread/INFO] (fabric-client-gametest-api-v1) World loading finished: null screen: net.minecraft.client.gui.screens.LevelLoadingScreen@7d8057e5
[16:50:47] [Render thread/INFO] (fabric-client-gametest-api-v1) World loading finished: null screen: net.minecraft.client.gui.screens.LevelLoadingScreen@7d8057e5
[16:50:47] [Render thread/INFO] (fabric-client-gametest-api-v1) World loading finished: null screen: net.minecraft.client.gui.screens.LevelLoadingScreen@7d8057e5
[16:50:48] [Render thread/INFO] (fabric-client-gametest-api-v1) World loading finished: null screen: net.minecraft.client.gui.screens.LevelLoadingScreen@7d8057e5
[16:50:48] [Render thread/INFO] (fabric-client-gametest-api-v1) World loading finished: null screen: net.minecraft.client.gui.screens.LevelLoadingScreen@7d8057e5
[16:50:48] [Render thread/INFO] (fabric-client-gametest-api-v1) World loading finished: null screen: net.minecraft.client.gui.screens.LevelLoadingScreen@7d8057e5
[16:50:48] [Server thread/INFO] (Minecraft) Preparing spawn area: 30%
[16:50:48] [Render thread/INFO] (fabric-client-gametest-api-v1) World loading finished: null screen: net.minecraft.client.gui.screens.LevelLoadingScreen@7d8057e5
[16:50:48] [Render thread/INFO] (fabric-client-gametest-api-v1) World loading finished: null screen: net.minecraft.client.gui.screens.LevelLoadingScreen@7d8057e5
[16:50:48] [Render thread/INFO] (fabric-client-gametest-api-v1) World loading finished: null screen: net.minecraft.client.gui.screens.LevelLoadingScreen@7d8057e5
[16:50:48] [Render thread/INFO] (fabric-client-gametest-api-v1) World loading finished: null screen: net.minecraft.client.gui.screens.LevelLoadingScreen@7d8057e5
[16:50:48] [Render thread/INFO] (fabric-client-gametest-api-v1) World loading finished: null screen: net.minecraft.client.gui.screens.LevelLoadingScreen@7d8057e5
[16:50:48] [Render thread/INFO] (fabric-client-gametest-api-v1) World loading finished: null screen: net.minecraft.client.gui.screens.LevelLoadingScreen@7d8057e5
[16:50:48] [Render thread/INFO] (fabric-client-gametest-api-v1) World loading finished: null screen: net.minecraft.client.gui.screens.LevelLoadingScreen@7d8057e5
[16:50:48] [Render thread/INFO] (fabric-client-gametest-api-v1) World loading finished: null screen: net.minecraft.client.gui.screens.LevelLoadingScreen@7d8057e5
[16:50:48] [Render thread/INFO] (fabric-client-gametest-api-v1) World loading finished: null screen: net.minecraft.client.gui.screens.LevelLoadingScreen@7d8057e5
[16:50:48] [Server thread/INFO] (Minecraft) Time elapsed: 2000 ms
[16:50:48] [Render thread/INFO] (fabric-client-gametest-api-v1) World loading finished: null screen: net.minecraft.client.gui.screens.LevelLoadingScreen@7d8057e5
[16:50:48] [Server thread/INFO] (Minecraft) Player516[local:E:09337593] logged in with entity id 45 at (0.5, 79.0, 0.5)
[16:50:48] [Server thread/INFO] (Minecraft) Player516 joined the game
[16:50:48] [Server thread/INFO] (Minecraft) Changing view distance to 16, from 10
[16:50:48] [Server thread/INFO] (Minecraft) Changing simulation distance to 16, from 0
[16:50:48] [Download-1/ERROR] (Minecraft) Failed to retrieve profile key pair
MinecraftClientHttpException[type=HTTP_ERROR, status=401, response=ErrorResponse[path=/player/certificates, error=null, errorMessage=null, details=null]]
	at knot//com.mojang.authlib.minecraft.client.MinecraftClient.buildHttpException(MinecraftClient.java:170)
	at knot//com.mojang.authlib.minecraft.client.MinecraftClient.readServiceResponse(MinecraftClient.java:147)
	at knot//com.mojang.authlib.minecraft.client.MinecraftClient.post(MinecraftClient.java:89)
	at knot//com.mojang.authlib.yggdrasil.YggdrasilUserApiService.getKeyPair(YggdrasilUserApiService.java:62)
	at knot//net.minecraft.client.multiplayer.AccountProfileKeyPairManager.fetchProfileKeyPair(AccountProfileKeyPairManager.java:119)
	at knot//net.minecraft.client.multiplayer.AccountProfileKeyPairManager.lambda$readOrFetchProfileKeyPair$0(AccountProfileKeyPairManager.java:72)
	at java.base/java.util.concurrent.CompletableFuture$AsyncSupply.run(CompletableFuture.java:1789)
	at java.base/java.util.concurrent.ThreadPoolExecutor.runWorker(ThreadPoolExecutor.java:1090)
	at java.base/java.util.concurrent.ThreadPoolExecutor$Worker.run(ThreadPoolExecutor.java:614)
	at java.base/java.lang.Thread.run(Thread.java:1474)
[16:50:50] [Render thread/INFO] (Minecraft) Resizing Dynamic Transforms UBO, capacity limit of 2 reached during a single frame. New capacity will be 4.
[16:50:50] [Render thread/INFO] (Minecraft) Loaded 2 advancements
[16:50:50] [Render thread/INFO] (fabric-client-gametest-api-v1) World loading finished: ClientLevel screen: net.minecraft.client.gui.screens.LevelLoadingScreen@7d8057e5
[16:50:50] [Render thread/INFO] (Minecraft) Resizing Dynamic Transforms UBO, capacity limit of 4 reached during a single frame. New capacity will be 8.
[16:50:50] [Render thread/INFO] (fabric-client-gametest-api-v1) World loading finished: ClientLevel screen: net.minecraft.client.gui.screens.LevelLoadingScreen@7d8057e5
[16:50:50] [Render thread/INFO] (Minecraft) Resizing Dynamic Transforms UBO, capacity limit of 8 reached during a single frame. New capacity will be 16.
[16:50:50] [Render thread/INFO] (fabric-client-gametest-api-v1) World loading finished: ClientLevel screen: net.minecraft.client.gui.screens.LevelLoadingScreen@7d8057e5
[16:50:50] [Render thread/INFO] (fabric-client-gametest-api-v1) World loading finished: ClientLevel screen: net.minecraft.client.gui.screens.LevelLoadingScreen@7d8057e5
[16:50:50] [Render thread/INFO] (Minecraft) Resizing Chunk Sections UBO, capacity limit of 2 reached during a single frame. New capacity will be 4.
[16:50:50] [Render thread/INFO] (fabric-client-gametest-api-v1) World loading finished: ClientLevel screen: net.minecraft.client.gui.screens.LevelLoadingScreen@7d8057e5
[16:50:50] [Render thread/INFO] (Minecraft) Resizing Chunk Sections UBO, capacity limit of 4 reached during a single frame. New capacity will be 8.
[16:50:50] [Render thread/INFO] (fabric-client-gametest-api-v1) World loading finished: ClientLevel screen: net.minecraft.client.gui.screens.LevelLoadingScreen@7d8057e5
[16:50:50] [Render thread/INFO] (Minecraft) Resizing Chunk Sections UBO, capacity limit of 8 reached during a single frame. New capacity will be 16.
[16:50:50] [Render thread/INFO] (fabric-client-gametest-api-v1) World loading finished: ClientLevel screen: net.minecraft.client.gui.screens.LevelLoadingScreen@7d8057e5
[16:50:51] [Render thread/INFO] (fabric-client-gametest-api-v1) World loading finished: ClientLevel screen: net.minecraft.client.gui.screens.LevelLoadingScreen@7d8057e5
[16:50:51] [Render thread/INFO] (fabric-client-gametest-api-v1) World loading finished: ClientLevel screen: net.minecraft.client.gui.screens.LevelLoadingScreen@7d8057e5
[16:50:51] [Render thread/INFO] (fabric-client-gametest-api-v1) World loading finished: ClientLevel screen: net.minecraft.client.gui.screens.LevelLoadingScreen@7d8057e5
[16:50:51] [Render thread/INFO] (fabric-client-gametest-api-v1) World loading finished: ClientLevel screen: net.minecraft.client.gui.screens.LevelLoadingScreen@7d8057e5
[16:50:51] [Render thread/INFO] (fabric-client-gametest-api-v1) World loading finished: ClientLevel screen: net.minecraft.client.gui.screens.LevelLoadingScreen@7d8057e5
[16:50:51] [Render thread/INFO] (fabric-client-gametest-api-v1) World loading finished: ClientLevel screen: net.minecraft.client.gui.screens.LevelLoadingScreen@7d8057e5
[16:50:51] [Render thread/INFO] (fabric-client-gametest-api-v1) World loading finished: ClientLevel screen: net.minecraft.client.gui.screens.LevelLoadingScreen@7d8057e5
[16:50:51] [Render thread/INFO] (fabric-client-gametest-api-v1) World loading finished: ClientLevel screen: net.minecraft.client.gui.screens.LevelLoadingScreen@7d8057e5
[16:50:51] [Render thread/INFO] (fabric-client-gametest-api-v1) World loading finished: ClientLevel screen: null
[16:50:51] [Render thread/INFO] (Minecraft) Resizing Chunk Sections UBO, capacity limit of 16 reached during a single frame. New capacity will be 32.
[16:50:51] [Render thread/INFO] (Minecraft) Resizing Chunk Sections UBO, capacity limit of 32 reached during a single frame. New capacity will be 64.
[16:51:18] [Test thread/INFO] (MetalLifecycleGameTest) Metal benchmark scene: x=-1536 y=173 z=-128 yaw=22.500 roughness=32.938 minimumGroundY=103
[16:51:18] [Server thread/INFO] (Minecraft) Teleported Player516 to -1535.500000, 174.620000, -127.500000
[16:51:18] [Render thread/INFO] (MetalGpuSurface) MetalCraft surface configured: 3840x2104 presentMode=IMMEDIATE displaySync=false unlockedFrameRate=true
[16:51:19] [Render thread/INFO] (Minecraft) [System] [CHAT] [Server: Teleported Player516 to -1535.500000, 174.620000, -127.500000]
[16:51:20] [Render thread/INFO] (MetalGpuSurface) MetalCraft surface configured: 3840x2104 presentMode=IMMEDIATE displaySync=false unlockedFrameRate=true
[16:51:20] [Test thread/WARN] (MetalLifecycleGameTest) Metal benchmark: requested 3840x2160 but the window manager gave 3840x2104; results are reported at the achieved size and are not comparable with runs at another size.
[16:51:20] [Test thread/INFO] (MetalLifecycleGameTest) Metal benchmark: rendering at 3840x2104, 16 chunks render distance, 16 chunks simulation distance
[16:51:20] [Render thread/INFO] (Minecraft) Reloading ResourceManager: vanilla, fabric-api, fabric-api-base, fabric-api-lookup-api-v1, fabric-biome-api-v1, fabric-block-api-v1, fabric-block-getter-api-v2, fabric-client-gametest-api-v1, fabric-command-api-v2, fabric-content-registries-v0, fabric-convention-tags-v2, fabric-crash-report-info-v1, fabric-creative-tab-api-v1, fabric-data-attachment-api-v1, fabric-data-generation-api-v1, fabric-debug-api-v1, fabric-dimensions-v1, fabric-entity-events-v1, fabric-events-interaction-v0, fabric-game-rule-api-v1, fabric-gametest-api-v1, fabric-item-api-v1, fabric-key-mapping-api-v1, fabric-lifecycle-events-v1, fabric-loot-api-v3, fabric-menu-api-v1, fabric-message-api-v1, fabric-model-loading-api-v1, fabric-networking-api-v1, fabric-object-builder-api-v1, fabric-particles-v1, fabric-permission-api-v1, fabric-recipe-api-v1, fabric-registry-sync-v0, fabric-renderer-api-v1, fabric-renderer-indigo, fabric-rendering-fluids-v1, fabric-rendering-v1, fabric-resource-conditions-api-v1, fabric-resource-loader-v0, fabric-resource-loader-v1, fabric-screen-api-v1, fabric-serialization-api-v1, fabric-sound-api-v1, fabric-tag-api-v1, fabric-transfer-api-v1, fabric-transitive-access-wideners-v1, fabricloader, metalcraft
[16:51:20] [Server thread/INFO] (Minecraft) Saving and pausing game...
[16:51:20] [Worker-Main-8/INFO] (Minecraft) Found unifont_all_no_pua-17.0.01.hex, loading
[16:51:20] [Worker-Main-10/INFO] (Minecraft) Found unifont_pua-17.0.01.hex, loading
[16:51:20] [Worker-Main-7/INFO] (Minecraft) Found unifont_jp_patch-17.0.01.hex, loading
[16:51:20] [Server thread/INFO] (Minecraft) Saving chunks for level 'ServerLevel[New World]'/minecraft:overworld
[16:51:20] [Server thread/INFO] (Minecraft) Saving chunks for level 'ServerLevel[New World]'/minecraft:the_end
[16:51:20] [Server thread/INFO] (Minecraft) Saving chunks for level 'ServerLevel[New World]'/minecraft:the_nether
[16:51:20] [Render thread/INFO] (WorldGeometryAdapter) Shader pack 'metalcraft-standard' leaves 2 pipeline(s) outside the G-buffer: [minecraft:pipeline/translucent_terrain, minecraft:pipeline/entity_translucent]
[16:51:20] [Render thread/INFO] (ShaderPackRuntime) Loaded MetalCraft shader pack 'MetalCraft Standard': 3 pass(es), 4 target(s), 18 option(s), 32317440 bytes
[16:51:22] [Render thread/INFO] (ShaderPackRuntime) Loaded MetalCraft shader pack 'MetalCraft Standard': 3 pass(es), 4 target(s), 18 option(s), 32317440 bytes
[16:51:22] [Render thread/INFO] (Minecraft) OpenAL initialized on device DENON-AVR
[16:51:22] [Render thread/INFO] (Minecraft) Sound engine started
[16:51:22] [Render thread/INFO] (Minecraft) Created: 512x256x0 minecraft:textures/atlas/particles.png-atlas
[16:51:22] [Render thread/INFO] (Minecraft) Created: 128x128x0 minecraft:textures/atlas/decorated_pot.png-atlas
[16:51:22] [Render thread/INFO] (Minecraft) Created: 2048x1024x0 minecraft:textures/atlas/armor_trims.png-atlas
[16:51:22] [Render thread/INFO] (Minecraft) Created: 512x256x0 minecraft:textures/atlas/paintings.png-atlas
[16:51:22] [Render thread/INFO] (Minecraft) Created: 1024x512x0 minecraft:textures/atlas/shield_patterns.png-atlas
[16:51:22] [Render thread/INFO] (Minecraft) Created: 4096x4096x4 minecraft:textures/atlas/blocks.png-atlas
[16:51:22] [Render thread/INFO] (Minecraft) Created: 512x512x0 minecraft:textures/atlas/chest.png-atlas
[16:51:22] [Render thread/INFO] (Minecraft) Created: 256x128x0 minecraft:textures/atlas/celestials.png-atlas
[16:51:22] [Render thread/INFO] (Minecraft) Created: 1024x512x0 minecraft:textures/atlas/banner_patterns.png-atlas
[16:51:22] [Render thread/INFO] (Minecraft) Created: 1024x512x0 minecraft:textures/atlas/items.png-atlas
[16:51:22] [Render thread/INFO] (Minecraft) Created: 1024x1024x0 minecraft:textures/atlas/gui.png-atlas
[16:51:22] [Render thread/INFO] (Minecraft) Created: 128x64x0 minecraft:textures/atlas/map_decorations.png-atlas
[16:51:22] [Render thread/INFO] (Minecraft) Created: 512x512x0 minecraft:textures/atlas/shulker_boxes.png-atlas
[16:51:27] [Test thread/INFO] (MetalLifecycleGameTest) Metal benchmark: streaming terrain, 0.119 of the render distance loaded
[16:51:27] [Render thread/INFO] (Minecraft) Resizing Chunk Sections UBO, capacity limit of 64 reached during a single frame. New capacity will be 128.
[16:51:27] [Render thread/INFO] (Minecraft) Resizing Chunk Sections UBO, capacity limit of 128 reached during a single frame. New capacity will be 256.
[16:51:29] [Server thread/WARN] (Minecraft) Can't keep up! Is the server overloaded? Running 34304ms or 686 ticks behind
[16:51:30] [Render thread/INFO] (Minecraft) Resizing Chunk Sections UBO, capacity limit of 256 reached during a single frame. New capacity will be 512.
[16:51:32] [Worker-Main-8/ERROR] (Minecraft) Detected unsafe terrain read during worldgen: reading from chunk [-109, -9] while generating chunk [-108, -11] (distance: 2, write radius: 1), step: minecraft:features, currently generating: ResourceKey[minecraft:worldgen/placed_feature / minecraft:sculk_patch_deep_dark]
[16:51:32] [Worker-Main-8/ERROR] (Minecraft) Detected unsafe terrain read during worldgen: reading from chunk [-109, -9] while generating chunk [-108, -11] (distance: 2, write radius: 1), step: minecraft:features, currently generating: ResourceKey[minecraft:worldgen/placed_feature / minecraft:sculk_patch_deep_dark]
[16:51:32] [Worker-Main-8/ERROR] (Minecraft) Detected unsafe terrain read during worldgen: reading from chunk [-109, -9] while generating chunk [-108, -11] (distance: 2, write radius: 1), step: minecraft:features, currently generating: ResourceKey[minecraft:worldgen/placed_feature / minecraft:sculk_patch_deep_dark]
[16:51:32] [Worker-Main-8/ERROR] (Minecraft) Detected unsafe terrain read during worldgen: reading from chunk [-108, -9] while generating chunk [-108, -11] (distance: 2, write radius: 1), step: minecraft:features, currently generating: ResourceKey[minecraft:worldgen/placed_feature / minecraft:sculk_patch_deep_dark]
[16:51:32] [Worker-Main-8/ERROR] (Minecraft) Detected unsafe terrain read during worldgen: reading from chunk [-108, -9] while generating chunk [-108, -11] (distance: 2, write radius: 1), step: minecraft:features, currently generating: ResourceKey[minecraft:worldgen/placed_feature / minecraft:sculk_patch_deep_dark]
[16:51:32] [Worker-Main-8/ERROR] (Minecraft) Detected unsafe terrain read during worldgen: reading from chunk [-108, -9] while generating chunk [-108, -11] (distance: 2, write radius: 1), step: minecraft:features, currently generating: ResourceKey[minecraft:worldgen/placed_feature / minecraft:sculk_patch_deep_dark]
[16:51:32] [Worker-Main-8/ERROR] (Minecraft) Detected unsafe terrain read during worldgen: reading from chunk [-108, -9] while generating chunk [-108, -11] (distance: 2, write radius: 1), step: minecraft:features, currently generating: ResourceKey[minecraft:worldgen/placed_feature / minecraft:sculk_patch_deep_dark]
[16:51:32] [Worker-Main-8/ERROR] (Minecraft) Detected unsafe terrain read during worldgen: reading from chunk [-108, -9] while generating chunk [-108, -11] (distance: 2, write radius: 1), step: minecraft:features, currently generating: ResourceKey[minecraft:worldgen/placed_feature / minecraft:sculk_patch_deep_dark]
[16:51:32] [Worker-Main-8/ERROR] (Minecraft) Detected unsafe terrain read during worldgen: reading from chunk [-108, -9] while generating chunk [-108, -11] (distance: 2, write radius: 1), step: minecraft:features, currently generating: ResourceKey[minecraft:worldgen/placed_feature / minecraft:sculk_patch_deep_dark]
[16:51:32] [Worker-Main-8/ERROR] (Minecraft) Detected unsafe terrain read during worldgen: reading from chunk [-109, -9] while generating chunk [-108, -11] (distance: 2, write radius: 1), step: minecraft:features, currently generating: ResourceKey[minecraft:worldgen/placed_feature / minecraft:sculk_patch_deep_dark]
[16:51:32] [Worker-Main-8/ERROR] (Minecraft) Detected unsafe terrain read during worldgen: reading from chunk [-109, -9] while generating chunk [-108, -11] (distance: 2, write radius: 1), step: minecraft:features, currently generating: ResourceKey[minecraft:worldgen/placed_feature / minecraft:sculk_patch_deep_dark]
[16:51:32] [Worker-Main-8/ERROR] (Minecraft) Detected unsafe terrain read during worldgen: reading from chunk [-109, -9] while generating chunk [-108, -11] (distance: 2, write radius: 1), step: minecraft:features, currently generating: ResourceKey[minecraft:worldgen/placed_feature / minecraft:sculk_patch_deep_dark]
[16:51:32] [Worker-Main-8/ERROR] (Minecraft) Detected unsafe terrain read during worldgen: reading from chunk [-108, -9] while generating chunk [-108, -11] (distance: 2, write radius: 1), step: minecraft:features, currently generating: ResourceKey[minecraft:worldgen/placed_feature / minecraft:sculk_patch_deep_dark]
[16:51:32] [Worker-Main-8/ERROR] (Minecraft) Detected unsafe terrain read during worldgen: reading from chunk [-108, -9] while generating chunk [-108, -11] (distance: 2, write radius: 1), step: minecraft:features, currently generating: ResourceKey[minecraft:worldgen/placed_feature / minecraft:sculk_patch_deep_dark]
[16:51:32] [Worker-Main-8/ERROR] (Minecraft) Detected unsafe terrain read during worldgen: reading from chunk [-108, -9] while generating chunk [-108, -11] (distance: 2, write radius: 1), step: minecraft:features, currently generating: ResourceKey[minecraft:worldgen/placed_feature / minecraft:sculk_patch_deep_dark]
[16:51:32] [Worker-Main-8/ERROR] (Minecraft) Detected unsafe terrain read during worldgen: reading from chunk [-108, -9] while generating chunk [-108, -11] (distance: 2, write radius: 1), step: minecraft:features, currently generating: ResourceKey[minecraft:worldgen/placed_feature / minecraft:sculk_patch_deep_dark]
[16:51:32] [Worker-Main-8/ERROR] (Minecraft) Detected unsafe terrain read during worldgen: reading from chunk [-108, -9] while generating chunk [-108, -11] (distance: 2, write radius: 1), step: minecraft:features, currently generating: ResourceKey[minecraft:worldgen/placed_feature / minecraft:sculk_patch_deep_dark]
[16:51:32] [Worker-Main-8/ERROR] (Minecraft) Detected unsafe terrain read during worldgen: reading from chunk [-108, -9] while generating chunk [-108, -11] (distance: 2, write radius: 1), step: minecraft:features, currently generating: ResourceKey[minecraft:worldgen/placed_feature / minecraft:sculk_patch_deep_dark]
[16:51:32] [Worker-Main-8/ERROR] (Minecraft) Detected unsafe terrain read during worldgen: reading from chunk [-109, -9] while generating chunk [-108, -11] (distance: 2, write radius: 1), step: minecraft:features, currently generating: ResourceKey[minecraft:worldgen/placed_feature / minecraft:sculk_patch_deep_dark]
[16:51:32] [Worker-Main-8/ERROR] (Minecraft) Detected unsafe terrain read during worldgen: reading from chunk [-109, -9] while generating chunk [-108, -11] (distance: 2, write radius: 1), step: minecraft:features, currently generating: ResourceKey[minecraft:worldgen/placed_feature / minecraft:sculk_patch_deep_dark]
[16:51:32] [Worker-Main-8/ERROR] (Minecraft) Detected unsafe terrain read during worldgen: reading from chunk [-109, -9] while generating chunk [-108, -11] (distance: 2, write radius: 1), step: minecraft:features, currently generating: ResourceKey[minecraft:worldgen/placed_feature / minecraft:sculk_patch_deep_dark]
[16:51:32] [Worker-Main-8/ERROR] (Minecraft) Detected unsafe terrain read during worldgen: reading from chunk [-108, -9] while generating chunk [-108, -11] (distance: 2, write radius: 1), step: minecraft:features, currently generating: ResourceKey[minecraft:worldgen/placed_feature / minecraft:sculk_patch_deep_dark]
[16:51:32] [Worker-Main-8/ERROR] (Minecraft) Detected unsafe terrain read during worldgen: reading from chunk [-108, -9] while generating chunk [-108, -11] (distance: 2, write radius: 1), step: minecraft:features, currently generating: ResourceKey[minecraft:worldgen/placed_feature / minecraft:sculk_patch_deep_dark]
[16:51:32] [Worker-Main-8/ERROR] (Minecraft) Detected unsafe terrain read during worldgen: reading from chunk [-108, -9] while generating chunk [-108, -11] (distance: 2, write radius: 1), step: minecraft:features, currently generating: ResourceKey[minecraft:worldgen/placed_feature / minecraft:sculk_patch_deep_dark]
[16:51:32] [Worker-Main-8/ERROR] (Minecraft) Detected unsafe terrain read during worldgen: reading from chunk [-108, -9] while generating chunk [-108, -11] (distance: 2, write radius: 1), step: minecraft:features, currently generating: ResourceKey[minecraft:worldgen/placed_feature / minecraft:sculk_patch_deep_dark]
[16:51:32] [Worker-Main-8/ERROR] (Minecraft) Detected unsafe terrain read during worldgen: reading from chunk [-108, -9] while generating chunk [-108, -11] (distance: 2, write radius: 1), step: minecraft:features, currently generating: ResourceKey[minecraft:worldgen/placed_feature / minecraft:sculk_patch_deep_dark]
[16:51:32] [Worker-Main-8/ERROR] (Minecraft) Detected unsafe terrain read during worldgen: reading from chunk [-108, -9] while generating chunk [-108, -11] (distance: 2, write radius: 1), step: minecraft:features, currently generating: ResourceKey[minecraft:worldgen/placed_feature / minecraft:sculk_patch_deep_dark]
[16:51:32] [Worker-Main-8/ERROR] (Minecraft) Detected unsafe terrain read during worldgen: reading from chunk [-109, -9] while generating chunk [-108, -11] (distance: 2, write radius: 1), step: minecraft:features, currently generating: ResourceKey[minecraft:worldgen/placed_feature / minecraft:sculk_patch_deep_dark]
[16:51:32] [Worker-Main-8/ERROR] (Minecraft) Detected unsafe terrain read during worldgen: reading from chunk [-109, -9] while generating chunk [-108, -11] (distance: 2, write radius: 1), step: minecraft:features, currently generating: ResourceKey[minecraft:worldgen/placed_feature / minecraft:sculk_patch_deep_dark]
[16:51:32] [Worker-Main-8/ERROR] (Minecraft) Detected unsafe terrain read during worldgen: reading from chunk [-108, -9] while generating chunk [-108, -11] (distance: 2, write radius: 1), step: minecraft:features, currently generating: ResourceKey[minecraft:worldgen/placed_feature / minecraft:sculk_patch_deep_dark]
[16:51:32] [Worker-Main-8/ERROR] (Minecraft) Detected unsafe terrain read during worldgen: reading from chunk [-108, -9] while generating chunk [-108, -11] (distance: 2, write radius: 1), step: minecraft:features, currently generating: ResourceKey[minecraft:worldgen/placed_feature / minecraft:sculk_patch_deep_dark]
[16:51:32] [Worker-Main-8/ERROR] (Minecraft) Detected unsafe terrain read during worldgen: reading from chunk [-108, -9] while generating chunk [-108, -11] (distance: 2, write radius: 1), step: minecraft:features, currently generating: ResourceKey[minecraft:worldgen/placed_feature / minecraft:sculk_patch_deep_dark]
[16:51:32] [Worker-Main-8/ERROR] (Minecraft) Detected unsafe terrain read during worldgen: reading from chunk [-108, -9] while generating chunk [-108, -11] (distance: 2, write radius: 1), step: minecraft:features, currently generating: ResourceKey[minecraft:worldgen/placed_feature / minecraft:sculk_patch_deep_dark]
[16:51:32] [Worker-Main-8/ERROR] (Minecraft) Detected unsafe terrain read during worldgen: reading from chunk [-108, -9] while generating chunk [-108, -11] (distance: 2, write radius: 1), step: minecraft:features, currently generating: ResourceKey[minecraft:worldgen/placed_feature / minecraft:sculk_patch_deep_dark]
[16:51:32] [Worker-Main-8/ERROR] (Minecraft) Detected unsafe terrain read during worldgen: reading from chunk [-108, -9] while generating chunk [-108, -11] (distance: 2, write radius: 1), step: minecraft:features, currently generating: ResourceKey[minecraft:worldgen/placed_feature / minecraft:sculk_patch_deep_dark]
[16:51:32] [Worker-Main-8/ERROR] (Minecraft) Detected unsafe terrain read during worldgen: reading from chunk [-108, -9] while generating chunk [-108, -11] (distance: 2, write radius: 1), step: minecraft:features, currently generating: ResourceKey[minecraft:worldgen/placed_feature / minecraft:sculk_patch_deep_dark]
[16:51:32] [Worker-Main-8/ERROR] (Minecraft) Detected unsafe terrain read during worldgen: reading from chunk [-109, -9] while generating chunk [-108, -11] (distance: 2, write radius: 1), step: minecraft:features, currently generating: ResourceKey[minecraft:worldgen/placed_feature / minecraft:sculk_patch_deep_dark]
[16:51:32] [Worker-Main-8/ERROR] (Minecraft) Detected unsafe terrain read during worldgen: reading from chunk [-109, -9] while generating chunk [-108, -11] (distance: 2, write radius: 1), step: minecraft:features, currently generating: ResourceKey[minecraft:worldgen/placed_feature / minecraft:sculk_patch_deep_dark]
[16:51:32] [Worker-Main-8/ERROR] (Minecraft) Detected unsafe terrain read during worldgen: reading from chunk [-108, -9] while generating chunk [-108, -11] (distance: 2, write radius: 1), step: minecraft:features, currently generating: ResourceKey[minecraft:worldgen/placed_feature / minecraft:sculk_patch_deep_dark]
[16:51:32] [Worker-Main-8/ERROR] (Minecraft) Detected unsafe terrain read during worldgen: reading from chunk [-108, -9] while generating chunk [-108, -11] (distance: 2, write radius: 1), step: minecraft:features, currently generating: ResourceKey[minecraft:worldgen/placed_feature / minecraft:sculk_patch_deep_dark]
[16:51:32] [Worker-Main-8/ERROR] (Minecraft) Detected unsafe terrain read during worldgen: reading from chunk [-108, -9] while generating chunk [-108, -11] (distance: 2, write radius: 1), step: minecraft:features, currently generating: ResourceKey[minecraft:worldgen/placed_feature / minecraft:sculk_patch_deep_dark]
[16:51:32] [Worker-Main-8/ERROR] (Minecraft) Detected unsafe terrain read during worldgen: reading from chunk [-108, -9] while generating chunk [-108, -11] (distance: 2, write radius: 1), step: minecraft:features, currently generating: ResourceKey[minecraft:worldgen/placed_feature / minecraft:sculk_patch_deep_dark]
[16:51:32] [Worker-Main-8/ERROR] (Minecraft) Detected unsafe terrain read during worldgen: reading from chunk [-108, -9] while generating chunk [-108, -11] (distance: 2, write radius: 1), step: minecraft:features, currently generating: ResourceKey[minecraft:worldgen/placed_feature / minecraft:sculk_patch_deep_dark]
[16:51:32] [Worker-Main-8/ERROR] (Minecraft) Detected unsafe terrain read during worldgen: reading from chunk [-108, -9] while generating chunk [-108, -11] (distance: 2, write radius: 1), step: minecraft:features, currently generating: ResourceKey[minecraft:worldgen/placed_feature / minecraft:sculk_patch_deep_dark]
[16:51:32] [Worker-Main-8/ERROR] (Minecraft) Detected unsafe terrain read during worldgen: reading from chunk [-108, -9] while generating chunk [-108, -11] (distance: 2, write radius: 1), step: minecraft:features, currently generating: ResourceKey[minecraft:worldgen/placed_feature / minecraft:sculk_patch_deep_dark]
[16:51:32] [Worker-Main-8/ERROR] (Minecraft) Detected unsafe terrain read during worldgen: reading from chunk [-109, -9] while generating chunk [-108, -11] (distance: 2, write radius: 1), step: minecraft:features, currently generating: ResourceKey[minecraft:worldgen/placed_feature / minecraft:sculk_patch_deep_dark]
[16:51:32] [Worker-Main-8/ERROR] (Minecraft) Detected unsafe terrain read during worldgen: reading from chunk [-109, -9] while generating chunk [-108, -11] (distance: 2, write radius: 1), step: minecraft:features, currently generating: ResourceKey[minecraft:worldgen/placed_feature / minecraft:sculk_patch_deep_dark]
[16:51:32] [Worker-Main-8/ERROR] (Minecraft) Detected unsafe terrain read during worldgen: reading from chunk [-108, -9] while generating chunk [-108, -11] (distance: 2, write radius: 1), step: minecraft:features, currently generating: ResourceKey[minecraft:worldgen/placed_feature / minecraft:sculk_patch_deep_dark]
[16:51:32] [Worker-Main-8/ERROR] (Minecraft) Detected unsafe terrain read during worldgen: reading from chunk [-108, -9] while generating chunk [-108, -11] (distance: 2, write radius: 1), step: minecraft:features, currently generating: ResourceKey[minecraft:worldgen/placed_feature / minecraft:sculk_patch_deep_dark]
[16:51:32] [Worker-Main-8/ERROR] (Minecraft) Detected unsafe terrain read during worldgen: reading from chunk [-108, -9] while generating chunk [-108, -11] (distance: 2, write radius: 1), step: minecraft:features, currently generating: ResourceKey[minecraft:worldgen/placed_feature / minecraft:sculk_patch_deep_dark]
[16:51:32] [Worker-Main-8/ERROR] (Minecraft) Detected unsafe terrain read during worldgen: reading from chunk [-108, -9] while generating chunk [-108, -11] (distance: 2, write radius: 1), step: minecraft:features, currently generating: ResourceKey[minecraft:worldgen/placed_feature / minecraft:sculk_patch_deep_dark]
[16:51:32] [Worker-Main-8/ERROR] (Minecraft) Detected unsafe terrain read during worldgen: reading from chunk [-108, -9] while generating chunk [-108, -11] (distance: 2, write radius: 1), step: minecraft:features, currently generating: ResourceKey[minecraft:worldgen/placed_feature / minecraft:sculk_patch_deep_dark]
[16:51:32] [Worker-Main-8/ERROR] (Minecraft) Detected unsafe terrain read during worldgen: reading from chunk [-108, -9] while generating chunk [-108, -11] (distance: 2, write radius: 1), step: minecraft:features, currently generating: ResourceKey[minecraft:worldgen/placed_feature / minecraft:sculk_patch_deep_dark]
[16:51:32] [Worker-Main-8/ERROR] (Minecraft) Detected unsafe terrain read during worldgen: reading from chunk [-108, -9] while generating chunk [-108, -11] (distance: 2, write radius: 1), step: minecraft:features, currently generating: ResourceKey[minecraft:worldgen/placed_feature / minecraft:sculk_patch_deep_dark]
[16:51:33] [Render thread/INFO] (Minecraft) Resizing Chunk Sections UBO, capacity limit of 512 reached during a single frame. New capacity will be 1024.
[16:51:52] [Test thread/INFO] (MetalLifecycleGameTest) Metal benchmark: phase=streaming frames=4491 seconds=20.0 avgFps=224.8 onePercentLow=70.3 pointOnePercentLow=20.1 p50CpuMs=4.233 p95CpuMs=5.147 p99CpuMs=5.738 p50IntervalMs=4.338 p99IntervalMs=8.625 worstIntervalMs=195.119 p50AcquireMs=0.008 p99AcquireMs=0.023 p50OutsideLoopMs=0.039 p99OutsideLoopMs=0.075
[16:51:52] [Test thread/INFO] (MetalLifecycleGameTest) Metal benchmark stall: phase=streaming whole-phase render_frame=18802.347ms/4491 gpu_frame=14912.239ms/4491 command_batch=1436.997ms/8982 1250.6MiB buffer_create=1341.856ms/699864 2363.4MiB buffer_map=1139.619ms/7557604 3379.3MiB lod_prepare=573.400ms/8982 7.6MiB client_tasks=396.480ms/4491 client_tick=344.865ms/397 jvm_gc=124.000ms/46 client_post_tasks=116.029ms/4491 client_packets=105.889ms/4491 resource_release=41.664ms/699670 2358.8MiB acquire=41.240ms/4491 submit=38.113ms/4491 client_post_render=19.485ms/4491 upload_copy=18.453ms/12915 148.8MiB client_pre_frame=18.440ms/4491 level_end_frame=11.976ms/4491 client_pre_render=3.877ms/4491 harness_handoff=3.163ms/450 arena_wait=1.523ms/4491 present=0.890ms/4491 task_drain=0.742ms/4491 client_gizmos=0.440ms/397 render_pass_merge=0.000ms/35927
[16:51:52] [Test thread/INFO] (MetalLifecycleGameTest) Metal benchmark stall: phase=streaming worst-1% client_tasks=350.959ms/44 render_frame=224.864ms/44 gpu_frame=131.708ms/45 jvm_gc=51.000ms/14 client_tick=40.656ms/36 command_batch=15.721ms/88 10.1MiB buffer_map=11.466ms/55702 27.0MiB client_post_tasks=10.693ms/44 lod_prepare=10.508ms/88 0.1MiB buffer_create=9.783ms/4721 5.4MiB client_packets=1.855ms/44 acquire=0.804ms/44 submit=0.669ms/44 resource_release=0.581ms/4727 6.7MiB upload_copy=0.294ms/111 0.9MiB client_post_render=0.220ms/44 client_pre_frame=0.201ms/44 level_end_frame=0.112ms/44 client_pre_render=0.050ms/44 client_gizmos=0.048ms/36 harness_handoff=0.045ms/7 arena_wait=0.033ms/44 present=0.020ms/44 task_drain=0.008ms/44 render_pass_merge=0.000ms/352
[16:51:52] [Test thread/INFO] (MetalLifecycleGameTest) Metal benchmark stall: phase=streaming tasks total=0.000ms/0
[16:51:52] [Test thread/INFO] (MetalLifecycleGameTest) Metal benchmark stall: phase=streaming gpuPassSpans sumOfSpans=51162.344ms/52721 MetalCraft shader: shadow_terrain=7297.106ms/4520 Section layers for opaque=7252.268ms/4520 Immediate draw with minecraft:pipeline/entity_translucent=6973.380ms/4520 MetalCraft shader: grade=6296.938ms/4520 (depth clear)=6160.586ms/9040 Section layers for translucent=5954.977ms/4520 Immediate draw with minecraft:pipeline/entity_cutout=5388.228ms/4520 Immediate draw with minecraft:pipeline/item_cutout=4879.883ms/4520 Sky disc=524.279ms/4520 GUI before blur=397.006ms/4520 Animate minecraft:textures/atlas/blocks.png=27.148ms/2000 Animate minecraft:textures/atlas/particles.png=3.627ms/400
[16:51:52] [Test thread/INFO] (MetalLifecycleGameTest) Metal benchmark stall: phase=streaming frame=717 intervalMs=195.119 cpuMs=3.879 outsideLoopMs=0.037 client_tasks=190.069ms/1 render_frame=3.934ms/1 gpu_frame=2.805ms/1 client_tick=0.716ms/1 client_post_tasks=0.355ms/1 command_batch=0.277ms/2 0.2MiB buffer_create=0.200ms/91 0.0MiB buffer_map=0.188ms/1155 0.6MiB lod_prepare=0.179ms/2 acquire=0.022ms/1 submit=0.014ms/1 resource_release=0.012ms/91 0.0MiB upload_copy=0.006ms/2 0.0MiB client_pre_frame=0.005ms/1 client_post_render=0.004ms/1 level_end_frame=0.002ms/1 client_pre_render=0.001ms/1 client_gizmos=0.001ms/1 arena_wait=0.001ms/1 present=0.001ms/1 client_packets=0.000ms/1 task_drain=0.000ms/1 render_pass_merge=0.000ms/8 unphasedMs=-0.003
[16:51:52] [Test thread/INFO] (MetalLifecycleGameTest) Metal benchmark stall: phase=streaming frame=718 intervalMs=14.749 cpuMs=4.746 outsideLoopMs=0.059 client_tasks=7.645ms/1 gpu_frame=4.966ms/1 render_frame=4.804ms/1 client_packets=1.256ms/1 client_tick=0.673ms/1 client_post_tasks=0.304ms/1 command_batch=0.269ms/2 0.2MiB buffer_create=0.209ms/91 0.0MiB buffer_map=0.189ms/1155 0.6MiB lod_prepare=0.181ms/2 acquire=0.025ms/1 resource_release=0.016ms/91 0.0MiB submit=0.015ms/1 upload_copy=0.007ms/2 0.0MiB client_post_render=0.005ms/1 client_pre_frame=0.004ms/1 level_end_frame=0.003ms/1 client_pre_render=0.002ms/1 client_gizmos=0.001ms/1 arena_wait=0.001ms/1 task_drain=0.001ms/1 present=0.000ms/1 render_pass_merge=0.000ms/8 unphasedMs=-0.005
[16:51:52] [Test thread/INFO] (MetalLifecycleGameTest) Metal benchmark stall: phase=streaming frame=576 intervalMs=13.798 cpuMs=7.387 outsideLoopMs=0.034 render_frame=7.444ms/1 client_tasks=4.814ms/1 jvm_gc=3.000ms/1 gpu_frame=2.799ms/1 client_tick=1.222ms/1 command_batch=0.281ms/2 0.2MiB client_post_tasks=0.274ms/1 buffer_create=0.216ms/90 0.0MiB buffer_map=0.195ms/1148 0.6MiB lod_prepare=0.162ms/2 acquire=0.020ms/1 submit=0.016ms/1 resource_release=0.013ms/90 0.0MiB client_pre_frame=0.007ms/1 upload_copy=0.006ms/2 0.0MiB client_post_render=0.004ms/1 harness_handoff=0.004ms/1 level_end_frame=0.003ms/1 client_pre_render=0.001ms/1 client_gizmos=0.001ms/1 arena_wait=0.001ms/1 present=0.001ms/1 client_packets=0.000ms/1 task_drain=0.000ms/1 render_pass_merge=0.000ms/8 unphasedMs=-0.003
[16:51:52] [Test thread/INFO] (MetalLifecycleGameTest) Metal benchmark stall: phase=streaming frame=276 intervalMs=12.282 cpuMs=3.690 outsideLoopMs=0.039 client_tasks=6.943ms/1 render_frame=3.749ms/1 gpu_frame=2.441ms/1 client_tick=1.237ms/1 client_post_tasks=0.304ms/1 command_batch=0.235ms/2 0.2MiB buffer_create=0.170ms/72 0.0MiB buffer_map=0.158ms/948 0.5MiB lod_prepare=0.140ms/2 acquire=0.024ms/1 submit=0.016ms/1 resource_release=0.011ms/72 0.0MiB upload_copy=0.008ms/2 0.0MiB client_post_render=0.006ms/1 client_pre_frame=0.005ms/1 level_end_frame=0.003ms/1 client_gizmos=0.002ms/1 client_pre_render=0.001ms/1 arena_wait=0.001ms/1 present=0.001ms/1 client_packets=0.000ms/1 task_drain=0.000ms/1 render_pass_merge=0.000ms/8 unphasedMs=-0.005
[16:51:52] [Test thread/INFO] (MetalLifecycleGameTest) Metal benchmark stall: phase=streaming frame=564 intervalMs=12.280 cpuMs=3.954 outsideLoopMs=0.040 client_tasks=6.941ms/1 render_frame=4.011ms/1 gpu_frame=2.737ms/1 client_tick=0.958ms/1 client_post_tasks=0.320ms/1 command_batch=0.269ms/2 0.2MiB buffer_create=0.203ms/90 0.0MiB buffer_map=0.186ms/1148 0.6MiB lod_prepare=0.164ms/2 acquire=0.021ms/1 submit=0.016ms/1 resource_release=0.011ms/90 0.0MiB upload_copy=0.008ms/2 0.0MiB client_pre_frame=0.006ms/1 client_post_render=0.005ms/1 level_end_frame=0.002ms/1 client_pre_render=0.001ms/1 arena_wait=0.001ms/1 client_gizmos=0.001ms/1 present=0.001ms/1 task_drain=0.000ms/1 client_packets=0.000ms/1 render_pass_merge=0.000ms/8 unphasedMs=-0.004
[16:51:52] [Test thread/INFO] (MetalLifecycleGameTest) Metal benchmark stall: phase=streaming frame=288 intervalMs=11.135 cpuMs=3.418 outsideLoopMs=0.040 client_tasks=6.373ms/1 render_frame=3.475ms/1 gpu_frame=2.462ms/1 client_tick=0.953ms/1 client_post_tasks=0.285ms/1 command_batch=0.227ms/2 0.2MiB lod_prepare=0.154ms/2 buffer_map=0.152ms/948 0.5MiB buffer_create=0.145ms/72 0.0MiB acquire=0.021ms/1 submit=0.015ms/1 resource_release=0.011ms/72 0.0MiB upload_copy=0.009ms/2 0.0MiB client_post_render=0.005ms/1 client_pre_frame=0.004ms/1 level_end_frame=0.003ms/1 client_gizmos=0.001ms/1 client_pre_render=0.001ms/1 arena_wait=0.001ms/1 present=0.001ms/1 client_packets=0.000ms/1 task_drain=0.000ms/1 render_pass_merge=0.000ms/8 unphasedMs=-0.004
[16:51:52] [Test thread/INFO] (MetalLifecycleGameTest) Metal benchmark stall: phase=streaming frame=445 intervalMs=11.037 cpuMs=3.825 outsideLoopMs=0.043 client_tasks=5.848ms/1 render_frame=3.885ms/1 gpu_frame=2.766ms/1 client_tick=0.914ms/1 client_post_tasks=0.338ms/1 command_batch=0.253ms/2 0.2MiB buffer_create=0.186ms/85 0.0MiB buffer_map=0.177ms/1054 0.5MiB lod_prepare=0.164ms/2 acquire=0.021ms/1 submit=0.018ms/1 resource_release=0.011ms/85 0.0MiB upload_copy=0.007ms/2 0.0MiB client_pre_frame=0.005ms/1 client_post_render=0.005ms/1 level_end_frame=0.002ms/1 client_gizmos=0.001ms/1 client_pre_render=0.001ms/1 arena_wait=0.001ms/1 present=0.001ms/1 client_packets=0.000ms/1 task_drain=0.000ms/1 render_pass_merge=0.000ms/8 unphasedMs=-0.004
[16:51:52] [Test thread/INFO] (MetalLifecycleGameTest) Metal benchmark stall: phase=streaming frame=2539 intervalMs=10.963 cpuMs=10.425 outsideLoopMs=0.049 render_frame=10.467ms/1 jvm_gc=5.000ms/1 gpu_frame=3.519ms/1 client_packets=0.440ms/1 command_batch=0.319ms/2 0.3MiB buffer_create=0.295ms/168 0.0MiB buffer_map=0.252ms/1832 0.8MiB lod_prepare=0.189ms/2 submit=0.013ms/1 resource_release=0.012ms/168 0.0MiB acquire=0.012ms/1 upload_copy=0.007ms/2 0.0MiB client_pre_frame=0.006ms/1 client_post_render=0.004ms/1 level_end_frame=0.002ms/1 arena_wait=0.001ms/1 client_pre_render=0.001ms/1 client_post_tasks=0.000ms/1 client_tasks=0.000ms/1 present=0.000ms/1 task_drain=0.000ms/1 render_pass_merge=0.000ms/8 unphasedMs=-0.004
[16:52:17] [Test thread/INFO] (MetalLifecycleGameTest) Metal benchmark: streaming terrain, 1.000 of the render distance loaded
[16:52:32] [Test thread/INFO] (MetalLifecycleGameTest) Metal benchmark: terrain settled at 1.000 of the render distance
[16:54:32] [Test thread/WARN] (MetalLifecycleGameTest) Metal benchmark: chunk meshing did not settle; the capture starts with meshing still in flight
[16:54:37] [Test thread/INFO] (MetalLifecycleGameTest) Metal benchmark: 1.000 of the 1089 chunks inside the render distance are loaded
[16:54:37] [Render thread/INFO] (Minecraft) Resizing Chunk Sections UBO, capacity limit of 1024 reached during a single frame. New capacity will be 2048.
[16:54:37] [Render thread/INFO] (Minecraft) Resizing Dynamic Transforms UBO, capacity limit of 16 reached during a single frame. New capacity will be 32.
[16:54:38] [Test thread/INFO] (MetalLifecycleGameTest) Metal benchmark scene: featureless frame fraction 0.861
[16:54:38] [Test thread/INFO] (MetalLifecycleGameTest) Metal benchmark scene: renderer is drawing 973 chunk sections
[16:54:38] [Server thread/INFO] (Minecraft) Teleported Player516 to -1535.500000, 174.620000, -127.500000
[16:54:38] [Render thread/INFO] (Minecraft) [System] [CHAT] [Server: Teleported Player516 to -1535.500000, 174.620000, -127.500000]
[16:55:03] [Test thread/INFO] (MetalLifecycleGameTest) Metal benchmark: phase=stationary#1 frames=4149 seconds=19.9 avgFps=209.0 onePercentLow=140.0 pointOnePercentLow=114.5 p50CpuMs=4.529 p95CpuMs=5.159 p99CpuMs=5.539 p50IntervalMs=4.595 p99IntervalMs=6.339 worstIntervalMs=9.653 p50AcquireMs=0.007 p99AcquireMs=0.017 p50OutsideLoopMs=0.034 p99OutsideLoopMs=0.061
[16:55:03] [Test thread/INFO] (MetalLifecycleGameTest) Metal benchmark stall: phase=stationary#1 whole-phase render_frame=19304.693ms/4149 gpu_frame=15601.947ms/4149 buffer_create=1781.170ms/954286 2198.6MiB command_batch=1582.947ms/8298 1375.6MiB buffer_map=1372.541ms/9038906 3591.2MiB lod_prepare=515.760ms/8298 0.5MiB client_tick=252.096ms/397 client_post_tasks=109.697ms/4149 resource_release=41.242ms/954286 2198.6MiB acquire=33.333ms/4149 jvm_gc=33.000ms/21 submit=32.298ms/4149 client_tasks=14.270ms/4149 client_post_render=13.138ms/4149 client_pre_frame=12.851ms/4149 level_end_frame=11.273ms/4149 client_packets=10.317ms/4149 upload_copy=9.573ms/8368 3.3MiB harness_handoff=2.245ms/623 client_pre_render=1.680ms/4149 arena_wait=0.888ms/4149 present=0.561ms/4149 task_drain=0.361ms/4149 client_gizmos=0.264ms/397 render_pass_merge=0.000ms/34174
[16:55:03] [Test thread/INFO] (MetalLifecycleGameTest) Metal benchmark stall: phase=stationary#1 worst-1% render_frame=250.747ms/41 gpu_frame=153.945ms/41 jvm_gc=31.000ms/15 client_tick=28.753ms/32 buffer_create=17.388ms/9426 20.7MiB command_batch=16.089ms/82 13.6MiB buffer_map=13.935ms/89356 35.6MiB client_post_tasks=10.978ms/41 lod_prepare=8.298ms/82 client_tasks=1.282ms/41 acquire=0.609ms/41 resource_release=0.607ms/9426 20.7MiB submit=0.503ms/41 upload_copy=0.201ms/82 0.0MiB harness_handoff=0.193ms/43 client_post_render=0.131ms/41 level_end_frame=0.119ms/41 client_pre_frame=0.094ms/41 client_packets=0.047ms/41 client_gizmos=0.034ms/32 arena_wait=0.029ms/41 client_pre_render=0.017ms/41 present=0.012ms/41 task_drain=0.003ms/41 render_pass_merge=0.000ms/341
[16:55:03] [Test thread/INFO] (MetalLifecycleGameTest) Metal benchmark stall: phase=stationary#1 tasks total=0.000ms/0
[16:55:03] [Test thread/INFO] (MetalLifecycleGameTest) Metal benchmark stall: phase=stationary#1 gpuPassSpans sumOfSpans=51034.364ms/48959 MetalCraft shader: shadow_terrain=8233.624ms/4178 Section layers for opaque=7406.225ms/4178 Immediate draw with minecraft:pipeline/entity_translucent=6762.771ms/4178 MetalCraft shader: grade=6092.183ms/4178 (depth clear)=6008.909ms/8356 Section layers for translucent=5878.127ms/4178 Immediate draw with minecraft:pipeline/entity_cutout=5102.338ms/4178 Immediate draw with minecraft:pipeline/item_cutout=4629.117ms/4178 Sky disc=518.964ms/4178 GUI before blur=364.983ms/4178 Animate minecraft:textures/atlas/blocks.png=27.133ms/2000 Animate minecraft:textures/atlas/particles.png=3.452ms/400
[16:55:03] [Test thread/INFO] (MetalLifecycleGameTest) Metal benchmark stall: phase=stationary#1 frame=1852 intervalMs=9.653 cpuMs=5.434 outsideLoopMs=0.046 render_frame=5.493ms/1 gpu_frame=3.881ms/1 client_tick=3.753ms/1 jvm_gc=3.000ms/1 buffer_create=0.404ms/228 0.0MiB command_batch=0.386ms/2 0.3MiB buffer_map=0.332ms/2179 0.8MiB client_post_tasks=0.314ms/1 lod_prepare=0.247ms/2 client_tasks=0.039ms/1 acquire=0.020ms/1 submit=0.013ms/1 resource_release=0.009ms/228 0.0MiB harness_handoff=0.008ms/1 upload_copy=0.007ms/2 0.0MiB client_post_render=0.004ms/1 client_pre_frame=0.003ms/1 level_end_frame=0.003ms/1 client_gizmos=0.003ms/1 arena_wait=0.001ms/1 present=0.000ms/1 client_pre_render=0.000ms/1 client_packets=0.000ms/1 task_drain=0.000ms/1 render_pass_merge=0.000ms/8 unphasedMs=-0.003
[16:55:03] [Test thread/INFO] (MetalLifecycleGameTest) Metal benchmark stall: phase=stationary#1 frame=1835 intervalMs=8.816 cpuMs=6.115 outsideLoopMs=0.031 render_frame=6.178ms/1 gpu_frame=3.705ms/1 client_tick=2.246ms/1 jvm_gc=1.000ms/1 buffer_create=0.442ms/230 0.5MiB command_batch=0.399ms/2 0.3MiB buffer_map=0.357ms/2179 0.8MiB client_post_tasks=0.313ms/1 lod_prepare=0.257ms/2 client_tasks=0.041ms/1 acquire=0.021ms/1 resource_release=0.020ms/230 0.5MiB submit=0.015ms/1 upload_copy=0.009ms/2 0.0MiB harness_handoff=0.005ms/1 client_pre_frame=0.004ms/1 level_end_frame=0.003ms/1 client_gizmos=0.003ms/1 client_post_render=0.002ms/1 arena_wait=0.001ms/1 present=0.000ms/1 client_pre_render=0.000ms/1 client_packets=0.000ms/1 task_drain=0.000ms/1 render_pass_merge=0.000ms/8 unphasedMs=-0.002
[16:55:03] [Test thread/INFO] (MetalLifecycleGameTest) Metal benchmark stall: phase=stationary#1 frame=1509 intervalMs=8.460 cpuMs=7.518 outsideLoopMs=0.033 render_frame=7.558ms/1 gpu_frame=3.673ms/1 jvm_gc=2.000ms/1 client_tick=0.600ms/1 command_batch=0.405ms/2 0.3MiB buffer_create=0.376ms/228 0.0MiB buffer_map=0.339ms/2179 0.9MiB client_post_tasks=0.233ms/1 lod_prepare=0.147ms/2 client_tasks=0.033ms/1 acquire=0.014ms/1 submit=0.012ms/1 resource_release=0.011ms/228 0.0MiB harness_handoff=0.007ms/2 upload_copy=0.004ms/2 0.0MiB client_post_render=0.003ms/1 level_end_frame=0.003ms/1 client_pre_frame=0.002ms/1 arena_wait=0.001ms/1 client_packets=0.000ms/1 client_pre_render=0.000ms/1 present=0.000ms/1 client_gizmos=0.000ms/1 task_drain=0.000ms/1 render_pass_merge=0.000ms/8 unphasedMs=-0.003
[16:55:03] [Test thread/INFO] (MetalLifecycleGameTest) Metal benchmark stall: phase=stationary#1 frame=874 intervalMs=8.390 cpuMs=8.280 outsideLoopMs=0.059 render_frame=8.325ms/1 gpu_frame=3.860ms/1 jvm_gc=2.000ms/1 buffer_create=0.411ms/230 0.5MiB command_batch=0.396ms/2 0.3MiB buffer_map=0.351ms/2180 0.9MiB lod_prepare=0.195ms/2 resource_release=0.014ms/230 0.5MiB submit=0.012ms/1 acquire=0.009ms/1 client_pre_frame=0.005ms/1 upload_copy=0.005ms/2 0.0MiB client_post_render=0.004ms/1 level_end_frame=0.004ms/1 client_pre_render=0.001ms/1 present=0.000ms/1 client_tasks=0.000ms/1 client_packets=0.000ms/1 arena_wait=0.000ms/1 task_drain=0.000ms/1 client_post_tasks=0.000ms/1 render_pass_merge=0.000ms/9 unphasedMs=-0.004
[16:55:03] [Test thread/INFO] (MetalLifecycleGameTest) Metal benchmark stall: phase=stationary#1 frame=2828 intervalMs=8.343 cpuMs=8.235 outsideLoopMs=0.054 render_frame=8.283ms/1 gpu_frame=3.785ms/1 jvm_gc=3.000ms/1 command_batch=0.427ms/2 0.3MiB buffer_create=0.411ms/230 0.5MiB buffer_map=0.344ms/2178 0.9MiB lod_prepare=0.186ms/2 submit=0.015ms/1 resource_release=0.014ms/230 0.5MiB acquire=0.009ms/1 client_pre_frame=0.004ms/1 level_end_frame=0.004ms/1 upload_copy=0.003ms/2 0.0MiB client_post_render=0.003ms/1 present=0.001ms/1 client_pre_render=0.001ms/1 arena_wait=0.000ms/1 client_post_tasks=0.000ms/1 client_packets=0.000ms/1 client_tasks=0.000ms/1 task_drain=0.000ms/1 render_pass_merge=0.000ms/8 unphasedMs=-0.003
[16:55:03] [Test thread/INFO] (MetalLifecycleGameTest) Metal benchmark stall: phase=stationary#1 frame=3808 intervalMs=8.158 cpuMs=8.062 outsideLoopMs=0.050 render_frame=8.102ms/1 gpu_frame=3.728ms/1 jvm_gc=2.000ms/1 buffer_create=0.416ms/230 0.5MiB command_batch=0.388ms/2 0.3MiB buffer_map=0.339ms/2178 0.8MiB lod_prepare=0.156ms/2 resource_release=0.014ms/230 0.5MiB submit=0.011ms/1 acquire=0.008ms/1 client_pre_frame=0.005ms/1 level_end_frame=0.003ms/1 client_post_render=0.003ms/1 upload_copy=0.002ms/2 0.0MiB client_pre_render=0.001ms/1 present=0.000ms/1 client_packets=0.000ms/1 client_post_tasks=0.000ms/1 arena_wait=0.000ms/1 client_tasks=0.000ms/1 task_drain=0.000ms/1 render_pass_merge=0.000ms/8 unphasedMs=-0.003
[16:55:03] [Test thread/INFO] (MetalLifecycleGameTest) Metal benchmark stall: phase=stationary#1 frame=533 intervalMs=7.933 cpuMs=7.865 outsideLoopMs=0.033 render_frame=7.896ms/1 gpu_frame=3.677ms/1 jvm_gc=3.000ms/1 buffer_create=0.422ms/230 0.5MiB command_batch=0.383ms/2 0.3MiB buffer_map=0.337ms/2180 0.9MiB lod_prepare=0.106ms/2 resource_release=0.013ms/230 0.5MiB submit=0.010ms/1 acquire=0.007ms/1 client_pre_frame=0.003ms/1 client_post_render=0.003ms/1 level_end_frame=0.003ms/1 upload_copy=0.002ms/2 0.0MiB arena_wait=0.000ms/1 present=0.000ms/1 client_packets=0.000ms/1 client_pre_render=0.000ms/1 client_tasks=0.000ms/1 client_post_tasks=0.000ms/1 task_drain=0.000ms/1 render_pass_merge=0.000ms/9 unphasedMs=-0.003
[16:55:03] [Test thread/INFO] (MetalLifecycleGameTest) Metal benchmark stall: phase=stationary#1 frame=4118 intervalMs=7.852 cpuMs=6.832 outsideLoopMs=0.033 render_frame=6.875ms/1 gpu_frame=3.798ms/1 jvm_gc=2.000ms/1 client_tick=0.619ms/1 buffer_create=0.414ms/230 0.5MiB command_batch=0.376ms/2 0.3MiB buffer_map=0.329ms/2179 0.8MiB client_post_tasks=0.288ms/1 lod_prepare=0.233ms/2 client_tasks=0.033ms/1 resource_release=0.015ms/230 0.5MiB acquire=0.014ms/1 submit=0.013ms/1 harness_handoff=0.005ms/2 upload_copy=0.004ms/2 0.0MiB client_post_render=0.003ms/1 level_end_frame=0.003ms/1 client_pre_frame=0.002ms/1 client_gizmos=0.001ms/1 arena_wait=0.000ms/1 client_packets=0.000ms/1 client_pre_render=0.000ms/1 present=0.000ms/1 task_drain=0.000ms/1 render_pass_merge=0.000ms/8 unphasedMs=-0.003
[16:55:23] [Test thread/INFO] (MetalLifecycleGameTest) Metal benchmark: phase=pan#1 frames=4486 seconds=19.8 avgFps=226.1 onePercentLow=134.8 pointOnePercentLow=117.5 p50CpuMs=4.075 p95CpuMs=5.499 p99CpuMs=6.136 p50IntervalMs=4.175 p99IntervalMs=6.953 worstIntervalMs=9.142 p50AcquireMs=0.007 p99AcquireMs=0.016 p50OutsideLoopMs=0.038 p99OutsideLoopMs=0.073
[16:55:23] [Test thread/INFO] (MetalLifecycleGameTest) Metal benchmark stall: phase=pan#1 whole-phase gpu_frame=23062.135ms/4486 render_frame=19264.982ms/4486 upload_copy=1314.352ms/10388 42.7MiB arena_wait=1301.378ms/4486 buffer_create=1110.907ms/567896 1963.5MiB command_batch=990.333ms/8972 837.4MiB buffer_map=957.291ms/6238802 2621.4MiB lod_prepare=411.762ms/8972 5.2MiB client_tick=247.156ms/396 client_post_tasks=106.986ms/4486 submit=37.812ms/4486 jvm_gc=36.000ms/19 acquire=34.126ms/4486 resource_release=28.149ms/567705 1956.8MiB client_tasks=21.587ms/4486 client_post_render=14.255ms/4486 client_packets=13.345ms/4486 client_pre_frame=12.659ms/4486 level_end_frame=12.328ms/4486 harness_handoff=2.132ms/520 client_pre_render=1.786ms/4486 present=0.739ms/4486 task_drain=0.439ms/4486 pipeline_create=0.366ms/2 client_gizmos=0.296ms/396 texture_create=0.030ms/1 0.0MiB render_pass_merge=0.000ms/42397
[16:55:23] [Test thread/INFO] (MetalLifecycleGameTest) Metal benchmark stall: phase=pan#1 worst-1% render_frame=292.494ms/44 gpu_frame=229.888ms/48 jvm_gc=30.000ms/11 client_tick=21.267ms/33 buffer_create=17.875ms/9806 35.1MiB buffer_map=17.449ms/92191 40.1MiB command_batch=15.907ms/88 13.4MiB lod_prepare=10.552ms/88 0.1MiB client_post_tasks=9.273ms/44 client_tasks=1.689ms/44 upload_copy=1.273ms/89 0.0MiB arena_wait=1.103ms/44 resource_release=0.724ms/9832 42.9MiB acquire=0.556ms/44 submit=0.484ms/44 pipeline_create=0.366ms/2 harness_handoff=0.197ms/47 client_post_render=0.159ms/44 level_end_frame=0.128ms/44 client_pre_frame=0.093ms/44 client_gizmos=0.030ms/33 client_pre_render=0.019ms/44 client_packets=0.013ms/44 present=0.012ms/44 task_drain=0.005ms/44 render_pass_merge=0.000ms/433
[16:55:23] [Test thread/INFO] (MetalLifecycleGameTest) Metal benchmark stall: phase=pan#1 tasks total=0.000ms/0
[16:55:23] [Test thread/INFO] (MetalLifecycleGameTest) Metal benchmark stall: phase=pan#1 gpuPassSpans sumOfSpans=63936.929ms/52666 MetalCraft shader: shadow_terrain=10602.423ms/4515 Section layers for opaque=8241.691ms/4515 Immediate draw with minecraft:pipeline/entity_translucent=8063.939ms/4515 MetalCraft shader: grade=7692.540ms/4515 (depth clear)=7578.651ms/9030 Immediate draw with minecraft:pipeline/entity_cutout=6824.169ms/4515 Immediate draw with minecraft:pipeline/item_cutout=6312.146ms/4515 Immediate draw with minecraft:pipeline/eyes=4672.268ms/2841 Immediate draw with minecraft:pipeline/lines=1878.852ms/1076 Section layers for translucent=931.761ms/598 Sky disc=465.870ms/4515 GUI before blur=402.840ms/4515
[16:55:23] [Test thread/INFO] (MetalLifecycleGameTest) Metal benchmark stall: phase=pan#1 frame=4314 intervalMs=9.142 cpuMs=9.042 outsideLoopMs=0.053 render_frame=9.084ms/1 gpu_frame=4.513ms/1 jvm_gc=2.000ms/1 buffer_create=0.449ms/256 0.8MiB command_batch=0.419ms/2 0.3MiB buffer_map=0.362ms/2341 1.0MiB lod_prepare=0.162ms/2 resource_release=0.016ms/256 0.8MiB submit=0.012ms/1 acquire=0.008ms/1 client_pre_frame=0.004ms/1 level_end_frame=0.003ms/1 client_post_render=0.003ms/1 upload_copy=0.002ms/2 0.0MiB present=0.001ms/1 arena_wait=0.000ms/1 client_packets=0.000ms/1 client_pre_render=0.000ms/1 client_tasks=0.000ms/1 client_post_tasks=0.000ms/1 task_drain=0.000ms/1 render_pass_merge=0.000ms/10 unphasedMs=-0.003
[16:55:23] [Test thread/INFO] (MetalLifecycleGameTest) Metal benchmark stall: phase=pan#1 frame=3388 intervalMs=8.647 cpuMs=8.517 outsideLoopMs=0.072 render_frame=8.570ms/1 gpu_frame=4.372ms/1 jvm_gc=3.000ms/1 command_batch=0.267ms/2 0.2MiB buffer_create=0.263ms/92 0.8MiB buffer_map=0.240ms/1500 0.7MiB lod_prepare=0.148ms/2 submit=0.016ms/1 resource_release=0.012ms/91 0.8MiB acquire=0.011ms/1 upload_copy=0.005ms/2 0.0MiB client_post_render=0.004ms/1 level_end_frame=0.004ms/1 client_pre_frame=0.003ms/1 present=0.001ms/1 client_tasks=0.000ms/1 arena_wait=0.000ms/1 client_packets=0.000ms/1 client_pre_render=0.000ms/1 task_drain=0.000ms/1 client_post_tasks=0.000ms/1 render_pass_merge=0.000ms/10 unphasedMs=-0.004
[16:55:23] [Test thread/INFO] (MetalLifecycleGameTest) Metal benchmark stall: phase=pan#1 frame=4300 intervalMs=8.473 cpuMs=7.058 outsideLoopMs=0.095 render_frame=7.102ms/1 gpu_frame=4.581ms/1 client_tick=0.899ms/1 buffer_create=0.500ms/256 0.8MiB command_batch=0.420ms/2 0.3MiB buffer_map=0.377ms/2342 1.0MiB lod_prepare=0.312ms/2 client_post_tasks=0.312ms/1 client_tasks=0.058ms/1 resource_release=0.018ms/256 0.8MiB acquire=0.016ms/1 submit=0.011ms/1 client_post_render=0.009ms/1 upload_copy=0.007ms/2 0.0MiB harness_handoff=0.006ms/1 client_pre_frame=0.002ms/1 level_end_frame=0.002ms/1 client_gizmos=0.002ms/1 client_pre_render=0.001ms/1 arena_wait=0.001ms/1 client_packets=0.001ms/1 present=0.000ms/1 task_drain=0.000ms/1 render_pass_merge=0.000ms/10 unphasedMs=-0.009
[16:55:23] [Test thread/INFO] (MetalLifecycleGameTest) Metal benchmark stall: phase=pan#1 frame=4022 intervalMs=8.172 cpuMs=8.093 outsideLoopMs=0.037 render_frame=8.130ms/1 gpu_frame=4.594ms/1 jvm_gc=3.000ms/1 buffer_create=0.395ms/237 0.8MiB command_batch=0.392ms/2 0.3MiB buffer_map=0.339ms/2188 0.9MiB lod_prepare=0.115ms/2 resource_release=0.017ms/237 0.8MiB submit=0.014ms/1 acquire=0.007ms/1 client_post_render=0.003ms/1 client_pre_frame=0.003ms/1 level_end_frame=0.003ms/1 upload_copy=0.002ms/2 0.0MiB client_packets=0.000ms/1 present=0.000ms/1 client_pre_render=0.000ms/1 client_post_tasks=0.000ms/1 arena_wait=0.000ms/1 client_tasks=0.000ms/1 task_drain=0.000ms/1 render_pass_merge=0.000ms/10 unphasedMs=-0.003
[16:55:23] [Test thread/INFO] (MetalLifecycleGameTest) Metal benchmark stall: phase=pan#1 frame=2993 intervalMs=8.130 cpuMs=8.042 outsideLoopMs=0.039 render_frame=8.086ms/1 gpu_frame=7.609ms/1 jvm_gc=3.000ms/1 buffer_create=0.220ms/86 0.5MiB command_batch=0.213ms/2 0.2MiB buffer_map=0.208ms/1362 0.6MiB lod_prepare=0.080ms/2 submit=0.014ms/1 resource_release=0.012ms/86 0.5MiB acquire=0.007ms/1 client_pre_frame=0.004ms/1 level_end_frame=0.004ms/1 client_post_render=0.003ms/1 upload_copy=0.002ms/2 0.0MiB client_pre_render=0.001ms/1 client_tasks=0.000ms/1 task_drain=0.000ms/1 client_packets=0.000ms/1 present=0.000ms/1 client_post_tasks=0.000ms/1 arena_wait=0.000ms/1 render_pass_merge=0.000ms/9 unphasedMs=-0.003
[16:55:23] [Test thread/INFO] (MetalLifecycleGameTest) Metal benchmark stall: phase=pan#1 frame=4299 intervalMs=8.094 cpuMs=7.998 outsideLoopMs=0.043 render_frame=8.047ms/1 gpu_frame=4.539ms/1 jvm_gc=2.000ms/1 buffer_create=0.554ms/257 0.8MiB command_batch=0.400ms/2 0.3MiB buffer_map=0.370ms/2346 1.0MiB lod_prepare=0.142ms/2 resource_release=0.018ms/257 0.8MiB submit=0.014ms/1 acquire=0.011ms/1 level_end_frame=0.004ms/1 client_pre_frame=0.004ms/1 client_post_render=0.003ms/1 upload_copy=0.002ms/2 0.0MiB present=0.001ms/1 arena_wait=0.000ms/1 client_pre_render=0.000ms/1 client_post_tasks=0.000ms/1 client_packets=0.000ms/1 client_tasks=0.000ms/1 task_drain=0.000ms/1 render_pass_merge=0.000ms/10 unphasedMs=-0.003
[16:55:23] [Test thread/INFO] (MetalLifecycleGameTest) Metal benchmark stall: phase=pan#1 frame=3370 intervalMs=8.080 cpuMs=7.979 outsideLoopMs=0.054 gpu_frame=9.077ms/2 render_frame=8.020ms/1 jvm_gc=3.000ms/1 command_batch=0.263ms/2 0.2MiB buffer_map=0.242ms/1484 0.7MiB buffer_create=0.229ms/87 0.8MiB lod_prepare=0.090ms/2 resource_release=0.034ms/95 2.8MiB submit=0.012ms/1 acquire=0.007ms/1 client_post_render=0.005ms/1 client_pre_frame=0.004ms/1 level_end_frame=0.003ms/1 upload_copy=0.002ms/2 0.0MiB client_tasks=0.001ms/1 client_pre_render=0.000ms/1 present=0.000ms/1 client_post_tasks=0.000ms/1 task_drain=0.000ms/1 arena_wait=0.000ms/1 client_packets=0.000ms/1 render_pass_merge=0.000ms/10 unphasedMs=-0.004
[16:55:23] [Test thread/INFO] (MetalLifecycleGameTest) Metal benchmark stall: phase=pan#1 frame=900 intervalMs=7.949 cpuMs=6.772 outsideLoopMs=0.040 gpu_frame=7.882ms/2 render_frame=6.810ms/1 client_tick=0.711ms/1 pipeline_create=0.366ms/2 client_post_tasks=0.321ms/1 buffer_create=0.286ms/140 0.0MiB buffer_map=0.203ms/1241 0.5MiB command_batch=0.194ms/2 0.2MiB lod_prepare=0.119ms/2 client_tasks=0.064ms/1 resource_release=0.029ms/147 2.0MiB submit=0.013ms/1 acquire=0.011ms/1 harness_handoff=0.007ms/2 client_post_render=0.004ms/1 upload_copy=0.003ms/3 0.0MiB level_end_frame=0.002ms/1 client_pre_frame=0.001ms/1 client_gizmos=0.001ms/1 arena_wait=0.001ms/1 client_pre_render=0.000ms/1 present=0.000ms/1 task_drain=0.000ms/1 client_packets=0.000ms/1 render_pass_merge=0.000ms/11 unphasedMs=-0.003
[16:55:43] [Test thread/INFO] (MetalLifecycleGameTest) Metal benchmark: phase=traversal#1 frames=2587 seconds=19.8 avgFps=130.5 onePercentLow=82.2 pointOnePercentLow=74.6 p50CpuMs=7.653 p95CpuMs=8.815 p99CpuMs=9.637 p50IntervalMs=7.791 p99IntervalMs=10.979 worstIntervalMs=13.482 p50AcquireMs=0.009 p99AcquireMs=0.019 p50OutsideLoopMs=0.051 p99OutsideLoopMs=0.089
[16:55:43] [Test thread/INFO] (MetalLifecycleGameTest) Metal benchmark stall: phase=traversal#1 whole-phase render_frame=19227.250ms/2587 gpu_frame=16118.143ms/2587 buffer_create=2351.778ms/1265026 736.2MiB buffer_map=1140.987ms/7132578 2394.7MiB command_batch=868.135ms/6176 713.2MiB lod_prepare=369.350ms/5174 1.3MiB client_tick=243.789ms/396 client_post_tasks=108.091ms/2587 jvm_gc=94.000ms/37 client_packets=68.010ms/2587 resource_release=30.907ms/1264213 590.1MiB client_tasks=30.082ms/2587 acquire=25.380ms/2587 submit=22.732ms/2587 upload_copy=15.577ms/12532 191.3MiB client_post_render=9.962ms/2587 client_pre_frame=8.233ms/2587 level_end_frame=6.970ms/2587 harness_handoff=2.647ms/488 arena_wait=1.008ms/2587 client_pre_render=0.959ms/2587 present=0.451ms/2587 task_drain=0.340ms/2587 client_gizmos=0.305ms/396 texture_create=0.032ms/2 0.0MiB render_pass_merge=0.000ms/17033
[16:55:43] [Test thread/INFO] (MetalLifecycleGameTest) Metal benchmark stall: phase=traversal#1 worst-1% render_frame=286.287ms/25 gpu_frame=166.601ms/25 jvm_gc=68.000ms/21 buffer_create=26.554ms/14139 2.9MiB buffer_map=15.112ms/73465 24.1MiB lod_prepare=11.682ms/50 command_batch=11.194ms/65 6.7MiB client_tick=9.513ms/11 client_tasks=4.582ms/25 client_post_tasks=2.932ms/25 upload_copy=0.510ms/583 15.0MiB submit=0.342ms/25 resource_release=0.336ms/14104 2.0MiB acquire=0.307ms/25 client_packets=0.286ms/25 client_post_render=0.101ms/25 level_end_frame=0.076ms/25 client_pre_frame=0.075ms/25 harness_handoff=0.074ms/13 arena_wait=0.012ms/25 client_pre_render=0.010ms/25 client_gizmos=0.009ms/11 present=0.008ms/25 task_drain=0.003ms/25 render_pass_merge=0.000ms/150
[16:55:43] [Test thread/INFO] (MetalLifecycleGameTest) Metal benchmark stall: phase=traversal#1 tasks total=0.000ms/0
[16:55:43] [Test thread/INFO] (MetalLifecycleGameTest) Metal benchmark stall: phase=traversal#1 gpuPassSpans sumOfSpans=44988.059ms/28136 MetalCraft shader: shadow_terrain=9940.773ms/2616 Immediate draw with minecraft:pipeline/entity_translucent=6944.235ms/2616 MetalCraft shader: grade=6548.668ms/2616 Section layers for translucent=6542.708ms/2599 (depth clear)=6171.332ms/5232 Section layers for opaque=5888.084ms/2616 Immediate draw with minecraft:pipeline/entity_cutout=1245.376ms/832 Immediate draw with minecraft:pipeline/item_cutout=1008.364ms/739 Sky disc=352.813ms/2616 GUI before blur=230.222ms/2616 Clouds=51.691ms/21 Immediate draw with minecraft:pipeline/eyes=27.463ms/17
[16:55:43] [Test thread/INFO] (MetalLifecycleGameTest) Metal benchmark stall: phase=traversal#1 frame=2449 intervalMs=13.482 cpuMs=13.389 outsideLoopMs=0.048 render_frame=13.430ms/1 gpu_frame=7.654ms/1 jvm_gc=5.000ms/1 buffer_create=0.980ms/656 0.1MiB buffer_map=0.494ms/3108 1.0MiB command_batch=0.296ms/3 0.2MiB lod_prepare=0.111ms/2 resource_release=0.013ms/658 0.1MiB submit=0.011ms/1 acquire=0.009ms/1 upload_copy=0.006ms/10 0.2MiB client_post_render=0.004ms/1 level_end_frame=0.003ms/1 client_pre_frame=0.003ms/1 client_tasks=0.000ms/1 arena_wait=0.000ms/1 client_packets=0.000ms/1 present=0.000ms/1 task_drain=0.000ms/1 client_post_tasks=0.000ms/1 client_pre_render=0.000ms/1 render_pass_merge=0.000ms/6 unphasedMs=-0.003
[16:55:43] [Test thread/INFO] (MetalLifecycleGameTest) Metal benchmark stall: phase=traversal#1 frame=2241 intervalMs=13.414 cpuMs=13.237 outsideLoopMs=0.067 render_frame=13.285ms/1 gpu_frame=7.028ms/1 jvm_gc=3.000ms/1 buffer_create=1.055ms/605 0.2MiB buffer_map=0.504ms/2882 1.0MiB command_batch=0.286ms/3 0.2MiB lod_prepare=0.160ms/2 client_packets=0.058ms/1 upload_copy=0.038ms/51 1.1MiB resource_release=0.032ms/602 0.1MiB submit=0.015ms/1 acquire=0.008ms/1 client_post_render=0.004ms/1 level_end_frame=0.004ms/1 client_pre_frame=0.004ms/1 present=0.001ms/1 arena_wait=0.000ms/1 client_pre_render=0.000ms/1 client_tasks=0.000ms/1 task_drain=0.000ms/1 client_post_tasks=0.000ms/1 render_pass_merge=0.000ms/6 unphasedMs=-0.004
[16:55:43] [Test thread/INFO] (MetalLifecycleGameTest) Metal benchmark stall: phase=traversal#1 frame=1203 intervalMs=13.302 cpuMs=12.259 outsideLoopMs=0.042 render_frame=12.309ms/1 gpu_frame=6.501ms/1 lod_prepare=4.123ms/2 jvm_gc=3.000ms/1 buffer_create=0.979ms/570 0.1MiB client_tick=0.638ms/1 buffer_map=0.495ms/3075 1.0MiB command_batch=0.351ms/2 0.3MiB client_post_tasks=0.257ms/1 client_tasks=0.052ms/1 acquire=0.017ms/1 submit=0.016ms/1 resource_release=0.013ms/570 0.1MiB harness_handoff=0.007ms/1 upload_copy=0.006ms/2 0.0MiB client_post_render=0.003ms/1 level_end_frame=0.002ms/1 client_pre_frame=0.002ms/1 arena_wait=0.001ms/1 client_gizmos=0.001ms/1 present=0.000ms/1 client_packets=0.000ms/1 task_drain=0.000ms/1 client_pre_render=0.000ms/1 render_pass_merge=0.000ms/6 unphasedMs=-0.003
[16:55:43] [Test thread/INFO] (MetalLifecycleGameTest) Metal benchmark stall: phase=traversal#1 frame=1619 intervalMs=13.000 cpuMs=11.848 outsideLoopMs=0.048 render_frame=11.912ms/1 gpu_frame=6.562ms/1 jvm_gc=2.000ms/1 buffer_create=1.000ms/547 0.1MiB client_tick=0.668ms/1 buffer_map=0.483ms/2807 0.9MiB client_post_tasks=0.324ms/1 command_batch=0.313ms/3 0.2MiB lod_prepare=0.158ms/2 client_tasks=0.045ms/1 submit=0.022ms/1 resource_release=0.019ms/547 0.1MiB acquire=0.015ms/1 harness_handoff=0.006ms/1 upload_copy=0.004ms/2 0.0MiB level_end_frame=0.004ms/1 client_post_render=0.003ms/1 client_pre_frame=0.001ms/1 client_gizmos=0.001ms/1 arena_wait=0.001ms/1 present=0.001ms/1 client_packets=0.000ms/1 client_pre_render=0.000ms/1 task_drain=0.000ms/1 render_pass_merge=0.000ms/6 unphasedMs=-0.003
[16:55:43] [Test thread/INFO] (MetalLifecycleGameTest) Metal benchmark stall: phase=traversal#1 frame=1812 intervalMs=12.967 cpuMs=11.887 outsideLoopMs=0.052 render_frame=11.924ms/1 gpu_frame=6.672ms/1 jvm_gc=4.000ms/1 buffer_create=0.917ms/549 0.1MiB client_tick=0.651ms/1 buffer_map=0.480ms/2790 0.9MiB command_batch=0.318ms/3 0.2MiB client_post_tasks=0.283ms/1 lod_prepare=0.116ms/2 client_tasks=0.054ms/1 resource_release=0.012ms/549 0.1MiB acquire=0.011ms/1 submit=0.011ms/1 harness_handoff=0.010ms/1 upload_copy=0.006ms/2 0.0MiB client_post_render=0.004ms/1 level_end_frame=0.003ms/1 client_pre_frame=0.002ms/1 client_gizmos=0.001ms/1 arena_wait=0.001ms/1 client_packets=0.000ms/1 client_pre_render=0.000ms/1 present=0.000ms/1 task_drain=0.000ms/1 render_pass_merge=0.000ms/6 unphasedMs=-0.004
[16:55:43] [Test thread/INFO] (MetalLifecycleGameTest) Metal benchmark stall: phase=traversal#1 frame=2114 intervalMs=12.853 cpuMs=12.741 outsideLoopMs=0.066 render_frame=12.781ms/1 gpu_frame=7.325ms/1 jvm_gc=4.000ms/1 buffer_create=0.895ms/585 0.1MiB buffer_map=0.463ms/2880 0.9MiB command_batch=0.293ms/3 0.2MiB lod_prepare=0.151ms/2 upload_copy=0.027ms/28 0.9MiB submit=0.012ms/1 resource_release=0.011ms/585 0.1MiB acquire=0.011ms/1 client_post_render=0.004ms/1 client_pre_frame=0.004ms/1 level_end_frame=0.003ms/1 arena_wait=0.000ms/1 client_pre_render=0.000ms/1 client_packets=0.000ms/1 client_post_tasks=0.000ms/1 present=0.000ms/1 client_tasks=0.000ms/1 task_drain=0.000ms/1 render_pass_merge=0.000ms/6 unphasedMs=-0.004
[16:55:43] [Test thread/INFO] (MetalLifecycleGameTest) Metal benchmark stall: phase=traversal#1 frame=946 intervalMs=12.615 cpuMs=11.486 outsideLoopMs=0.048 render_frame=11.538ms/1 gpu_frame=6.118ms/1 command_batch=3.383ms/2 0.3MiB jvm_gc=3.000ms/1 buffer_create=1.014ms/566 0.1MiB client_tick=0.670ms/1 buffer_map=0.552ms/3362 1.1MiB client_post_tasks=0.308ms/1 lod_prepare=0.234ms/2 client_tasks=0.046ms/1 acquire=0.018ms/1 submit=0.017ms/1 resource_release=0.012ms/566 0.1MiB harness_handoff=0.008ms/2 upload_copy=0.006ms/4 0.0MiB client_post_render=0.004ms/1 level_end_frame=0.003ms/1 client_pre_frame=0.002ms/1 client_gizmos=0.001ms/1 arena_wait=0.001ms/1 client_pre_render=0.000ms/1 client_packets=0.000ms/1 present=0.000ms/1 task_drain=0.000ms/1 render_pass_merge=0.000ms/6 unphasedMs=-0.003
[16:55:43] [Test thread/INFO] (MetalLifecycleGameTest) Metal benchmark stall: phase=traversal#1 frame=1520 intervalMs=12.543 cpuMs=11.495 outsideLoopMs=0.053 render_frame=11.540ms/1 gpu_frame=6.612ms/1 jvm_gc=4.000ms/1 buffer_create=1.126ms/528 0.1MiB client_tick=0.593ms/1 buffer_map=0.468ms/2708 0.9MiB client_post_tasks=0.308ms/1 command_batch=0.297ms/2 0.2MiB lod_prepare=0.164ms/2 client_tasks=0.045ms/1 acquire=0.015ms/1 submit=0.014ms/1 resource_release=0.012ms/524 0.1MiB harness_handoff=0.006ms/2 upload_copy=0.005ms/4 0.0MiB client_post_render=0.004ms/1 level_end_frame=0.002ms/1 client_pre_frame=0.002ms/1 client_gizmos=0.001ms/1 arena_wait=0.001ms/1 client_pre_render=0.000ms/1 client_packets=0.000ms/1 present=0.000ms/1 task_drain=0.000ms/1 render_pass_merge=0.000ms/6 unphasedMs=-0.003
[16:55:43] [Server thread/INFO] (Minecraft) Teleported Player516 to -1535.500000, 174.620000, -127.500000
[16:55:43] [Render thread/INFO] (Minecraft) [System] [CHAT] [Server: Teleported Player516 to -1535.500000, 174.620000, -127.500000]
[16:56:08] [Test thread/INFO] (MetalLifecycleGameTest) Metal benchmark: phase=stationary#2 frames=3346 seconds=19.8 avgFps=168.8 onePercentLow=115.4 pointOnePercentLow=93.2 p50CpuMs=5.626 p95CpuMs=6.312 p99CpuMs=6.706 p50IntervalMs=5.700 p99IntervalMs=7.588 worstIntervalMs=12.014 p50AcquireMs=0.008 p99AcquireMs=0.016 p50OutsideLoopMs=0.039 p99OutsideLoopMs=0.065
[16:56:08] [Test thread/INFO] (MetalLifecycleGameTest) Metal benchmark stall: phase=stationary#2 whole-phase render_frame=19315.607ms/3346 gpu_frame=17120.154ms/3346 buffer_create=1587.023ms/803126 1867.8MiB command_batch=1329.337ms/10038 1127.3MiB buffer_map=1152.323ms/7488763 3137.6MiB lod_prepare=460.499ms/6692 0.5MiB client_tick=228.709ms/396 client_post_tasks=104.514ms/3346 jvm_gc=46.000ms/18 resource_release=33.699ms/803130 1867.9MiB acquire=28.649ms/3346 submit=26.674ms/3346 client_tasks=13.923ms/3346 client_post_render=11.741ms/3346 client_pre_frame=10.470ms/3346 client_packets=9.688ms/3346 level_end_frame=9.218ms/3346 upload_copy=8.831ms/6736 2.4MiB harness_handoff=2.328ms/586 client_pre_render=1.425ms/3346 arena_wait=1.035ms/3346 present=0.478ms/3346 task_drain=0.390ms/3346 client_gizmos=0.263ms/396 render_pass_merge=0.000ms/26767
[16:56:08] [Test thread/INFO] (MetalLifecycleGameTest) Metal benchmark stall: phase=stationary#2 worst-1% render_frame=266.085ms/33 gpu_frame=174.549ms/34 jvm_gc=46.000ms/15 buffer_create=14.765ms/7918 17.7MiB lod_prepare=13.893ms/66 command_batch=13.181ms/99 11.1MiB client_tick=12.913ms/19 buffer_map=11.700ms/73873 30.9MiB client_post_tasks=5.585ms/33 client_tasks=0.802ms/33 resource_release=0.514ms/7925 19.5MiB submit=0.387ms/33 acquire=0.369ms/33 upload_copy=0.129ms/66 0.0MiB client_post_render=0.126ms/33 harness_handoff=0.115ms/21 level_end_frame=0.094ms/33 client_pre_frame=0.084ms/33 client_packets=0.051ms/33 client_gizmos=0.017ms/19 arena_wait=0.017ms/33 client_pre_render=0.016ms/33 present=0.009ms/33 task_drain=0.004ms/33 render_pass_merge=0.000ms/264
[16:56:08] [Test thread/INFO] (MetalLifecycleGameTest) Metal benchmark stall: phase=stationary#2 tasks total=0.000ms/0
[16:56:08] [Test thread/INFO] (MetalLifecycleGameTest) Metal benchmark stall: phase=stationary#2 gpuPassSpans sumOfSpans=55064.326ms/40126 MetalCraft shader: shadow_terrain=11166.326ms/3375 Section layers for opaque=7436.573ms/3375 Immediate draw with minecraft:pipeline/entity_translucent=6738.658ms/3375 MetalCraft shader: grade=6267.785ms/3375 (depth clear)=6096.571ms/6750 Section layers for translucent=6092.860ms/3375 Immediate draw with minecraft:pipeline/entity_cutout=5464.305ms/3375 Immediate draw with minecraft:pipeline/item_cutout=5079.939ms/3375 Sky disc=386.232ms/3375 GUI before blur=297.511ms/3375 Animate minecraft:textures/atlas/blocks.png=27.118ms/2000 Animate minecraft:textures/atlas/particles.png=3.470ms/400
[16:56:08] [Test thread/INFO] (MetalLifecycleGameTest) Metal benchmark stall: phase=stationary#2 frame=232 intervalMs=12.014 cpuMs=11.934 outsideLoopMs=0.041 render_frame=11.969ms/1 jvm_gc=6.000ms/1 gpu_frame=5.100ms/1 buffer_create=0.450ms/240 0.6MiB command_batch=0.405ms/3 0.3MiB buffer_map=0.339ms/2238 1.0MiB lod_prepare=0.118ms/2 submit=0.012ms/1 resource_release=0.012ms/240 0.6MiB acquire=0.007ms/1 client_post_render=0.004ms/1 client_pre_frame=0.003ms/1 level_end_frame=0.003ms/1 upload_copy=0.002ms/2 0.0MiB client_pre_render=0.000ms/1 client_packets=0.000ms/1 arena_wait=0.000ms/1 client_post_tasks=0.000ms/1 present=0.000ms/1 client_tasks=0.000ms/1 task_drain=0.000ms/1 render_pass_merge=0.000ms/8 unphasedMs=-0.004
[16:56:08] [Test thread/INFO] (MetalLifecycleGameTest) Metal benchmark stall: phase=stationary#2 frame=1929 intervalMs=10.514 cpuMs=9.607 outsideLoopMs=0.036 render_frame=9.654ms/1 gpu_frame=5.555ms/1 jvm_gc=3.000ms/1 client_tick=0.560ms/1 buffer_create=0.468ms/240 0.6MiB command_batch=0.419ms/3 0.3MiB buffer_map=0.376ms/2239 0.9MiB client_post_tasks=0.231ms/1 lod_prepare=0.126ms/2 client_tasks=0.030ms/1 resource_release=0.024ms/240 0.6MiB submit=0.014ms/1 acquire=0.010ms/1 harness_handoff=0.007ms/2 level_end_frame=0.003ms/1 upload_copy=0.003ms/2 0.0MiB client_post_render=0.003ms/1 client_pre_frame=0.002ms/1 client_gizmos=0.001ms/1 present=0.000ms/1 client_pre_render=0.000ms/1 client_packets=0.000ms/1 arena_wait=0.000ms/1 task_drain=0.000ms/1 render_pass_merge=0.000ms/8 unphasedMs=-0.003
[16:56:08] [Test thread/INFO] (MetalLifecycleGameTest) Metal benchmark stall: phase=stationary#2 frame=1076 intervalMs=10.270 cpuMs=10.182 outsideLoopMs=0.037 render_frame=10.229ms/1 gpu_frame=5.184ms/1 jvm_gc=3.000ms/1 lod_prepare=2.833ms/2 buffer_create=0.457ms/240 0.6MiB command_batch=0.418ms/3 0.3MiB buffer_map=0.387ms/2238 0.9MiB resource_release=0.018ms/240 0.6MiB submit=0.014ms/1 acquire=0.007ms/1 level_end_frame=0.004ms/1 client_pre_frame=0.003ms/1 client_post_render=0.003ms/1 upload_copy=0.002ms/2 0.0MiB present=0.001ms/1 client_pre_render=0.000ms/1 client_packets=0.000ms/1 arena_wait=0.000ms/1 client_post_tasks=0.000ms/1 client_tasks=0.000ms/1 task_drain=0.000ms/1 render_pass_merge=0.000ms/8 unphasedMs=-0.003
[16:56:08] [Test thread/INFO] (MetalLifecycleGameTest) Metal benchmark stall: phase=stationary#2 frame=2506 intervalMs=10.119 cpuMs=10.039 outsideLoopMs=0.042 render_frame=10.073ms/1 gpu_frame=5.219ms/1 jvm_gc=4.000ms/1 buffer_create=0.432ms/240 0.6MiB command_batch=0.397ms/3 0.3MiB buffer_map=0.338ms/2238 0.9MiB lod_prepare=0.132ms/2 resource_release=0.012ms/240 0.6MiB submit=0.011ms/1 acquire=0.008ms/1 client_pre_frame=0.004ms/1 client_post_render=0.003ms/1 level_end_frame=0.003ms/1 upload_copy=0.002ms/2 0.0MiB client_pre_render=0.000ms/1 client_packets=0.000ms/1 client_tasks=0.000ms/1 task_drain=0.000ms/1 arena_wait=0.000ms/1 client_post_tasks=0.000ms/1 present=0.000ms/1 render_pass_merge=0.000ms/8 unphasedMs=-0.003
[16:56:08] [Test thread/INFO] (MetalLifecycleGameTest) Metal benchmark stall: phase=stationary#2 frame=1091 intervalMs=10.030 cpuMs=9.920 outsideLoopMs=0.059 render_frame=9.964ms/1 gpu_frame=5.189ms/1 jvm_gc=3.000ms/1 buffer_create=0.453ms/240 0.6MiB command_batch=0.417ms/3 0.3MiB buffer_map=0.355ms/2238 0.9MiB lod_prepare=0.193ms/2 resource_release=0.014ms/240 0.6MiB submit=0.013ms/1 acquire=0.008ms/1 client_pre_frame=0.005ms/1 client_post_render=0.004ms/1 level_end_frame=0.004ms/1 upload_copy=0.003ms/2 0.0MiB client_pre_render=0.000ms/1 client_packets=0.000ms/1 present=0.000ms/1 arena_wait=0.000ms/1 client_tasks=0.000ms/1 client_post_tasks=0.000ms/1 task_drain=0.000ms/1 render_pass_merge=0.000ms/8 unphasedMs=-0.003
[16:56:08] [Test thread/INFO] (MetalLifecycleGameTest) Metal benchmark stall: phase=stationary#2 frame=2799 intervalMs=9.967 cpuMs=9.879 outsideLoopMs=0.038 render_frame=9.925ms/1 gpu_frame=5.243ms/1 jvm_gc=3.000ms/1 buffer_create=0.486ms/240 0.6MiB command_batch=0.416ms/3 0.3MiB buffer_map=0.383ms/2238 0.9MiB lod_prepare=0.118ms/2 resource_release=0.021ms/240 0.6MiB submit=0.015ms/1 acquire=0.006ms/1 client_pre_frame=0.003ms/1 level_end_frame=0.003ms/1 client_post_render=0.003ms/1 upload_copy=0.002ms/2 0.0MiB present=0.001ms/1 arena_wait=0.000ms/1 client_pre_render=0.000ms/1 client_packets=0.000ms/1 client_tasks=0.000ms/1 task_drain=0.000ms/1 client_post_tasks=0.000ms/1 render_pass_merge=0.000ms/8 unphasedMs=-0.003
[16:56:08] [Test thread/INFO] (MetalLifecycleGameTest) Metal benchmark stall: phase=stationary#2 frame=1642 intervalMs=9.783 cpuMs=9.658 outsideLoopMs=0.057 render_frame=9.698ms/1 gpu_frame=5.326ms/1 jvm_gc=4.000ms/1 buffer_create=0.492ms/240 0.6MiB command_batch=0.391ms/3 0.3MiB buffer_map=0.339ms/2238 0.9MiB lod_prepare=0.170ms/2 client_packets=0.024ms/1 resource_release=0.017ms/240 0.6MiB submit=0.014ms/1 acquire=0.009ms/1 client_post_render=0.005ms/1 upload_copy=0.004ms/2 0.0MiB level_end_frame=0.003ms/1 client_pre_frame=0.003ms/1 client_pre_render=0.001ms/1 present=0.000ms/1 arena_wait=0.000ms/1 client_post_tasks=0.000ms/1 client_tasks=0.000ms/1 task_drain=0.000ms/1 render_pass_merge=0.000ms/8 unphasedMs=-0.005
[16:56:08] [Test thread/INFO] (MetalLifecycleGameTest) Metal benchmark stall: phase=stationary#2 frame=2814 intervalMs=9.407 cpuMs=9.306 outsideLoopMs=0.056 render_frame=9.346ms/1 gpu_frame=5.128ms/1 jvm_gc=2.000ms/1 buffer_create=0.443ms/240 0.6MiB command_batch=0.400ms/3 0.3MiB buffer_map=0.361ms/2238 0.9MiB lod_prepare=0.169ms/2 resource_release=0.018ms/240 0.6MiB submit=0.012ms/1 acquire=0.007ms/1 level_end_frame=0.004ms/1 client_pre_frame=0.004ms/1 client_post_render=0.003ms/1 upload_copy=0.003ms/2 0.0MiB arena_wait=0.000ms/1 present=0.000ms/1 client_pre_render=0.000ms/1 client_packets=0.000ms/1 client_post_tasks=0.000ms/1 client_tasks=0.000ms/1 task_drain=0.000ms/1 render_pass_merge=0.000ms/8 unphasedMs=-0.003
[16:56:28] [Test thread/INFO] (MetalLifecycleGameTest) Metal benchmark: phase=pan#2 frames=3633 seconds=19.8 avgFps=183.3 onePercentLow=103.9 pointOnePercentLow=60.4 p50CpuMs=5.051 p95CpuMs=6.642 p99CpuMs=7.380 p50IntervalMs=5.164 p99IntervalMs=8.256 worstIntervalMs=29.369 p50AcquireMs=0.008 p99AcquireMs=0.017 p50OutsideLoopMs=0.038 p99OutsideLoopMs=0.071
[16:56:28] [Test thread/INFO] (MetalLifecycleGameTest) Metal benchmark stall: phase=pan#2 whole-phase gpu_frame=29515.190ms/3633 render_frame=19275.770ms/3633 upload_copy=1332.239ms/8395 31.9MiB arena_wait=1321.216ms/3633 buffer_create=999.703ms/498444 1349.4MiB command_batch=880.990ms/8876 729.7MiB buffer_map=849.194ms/5486225 2289.6MiB lod_prepare=362.272ms/7266 0.3MiB client_tick=229.099ms/396 client_post_tasks=107.152ms/3633 jvm_gc=57.000ms/21 client_tasks=41.803ms/3633 submit=32.104ms/3633 acquire=29.002ms/3633 resource_release=22.047ms/498377 1348.3MiB client_post_render=12.940ms/3633 client_pre_frame=10.371ms/3633 level_end_frame=10.276ms/3633 client_packets=9.656ms/3633 harness_handoff=2.257ms/544 client_pre_render=1.593ms/3633 present=0.626ms/3633 task_drain=0.461ms/3633 client_gizmos=0.264ms/396 texture_create=0.034ms/1 0.0MiB render_pass_merge=0.000ms/31418
[16:56:28] [Test thread/INFO] (MetalLifecycleGameTest) Metal benchmark stall: phase=pan#2 worst-1% render_frame=300.135ms/36 gpu_frame=254.173ms/40 jvm_gc=50.000ms/13 buffer_create=27.560ms/8988 18.5MiB client_tasks=23.573ms/36 client_tick=14.943ms/24 command_batch=14.070ms/105 11.6MiB buffer_map=13.109ms/81430 33.2MiB lod_prepare=7.422ms/72 client_post_tasks=6.978ms/36 upload_copy=1.894ms/81 0.2MiB arena_wait=1.729ms/36 resource_release=0.640ms/9011 24.2MiB acquire=0.480ms/36 submit=0.447ms/36 client_packets=0.202ms/36 client_post_render=0.146ms/36 harness_handoff=0.138ms/32 level_end_frame=0.103ms/36 client_pre_frame=0.080ms/36 client_gizmos=0.022ms/24 client_pre_render=0.018ms/36 present=0.010ms/36 task_drain=0.003ms/36 render_pass_merge=0.000ms/290
[16:56:28] [Test thread/INFO] (MetalLifecycleGameTest) Metal benchmark stall: phase=pan#2 tasks total=0.000ms/0
[16:56:28] [Test thread/INFO] (MetalLifecycleGameTest) Metal benchmark stall: phase=pan#2 gpuPassSpans sumOfSpans=58871.824ms/41416 MetalCraft shader: shadow_terrain=12415.126ms/3663 Section layers for opaque=7684.450ms/3663 Immediate draw with minecraft:pipeline/entity_translucent=7489.697ms/3663 MetalCraft shader: grade=7083.947ms/3663 (depth clear)=7082.977ms/7326 Immediate draw with minecraft:pipeline/entity_cutout=6396.759ms/3663 Immediate draw with minecraft:pipeline/item_cutout=2762.810ms/1785 Section layers for translucent=2693.824ms/1521 Immediate draw with minecraft:pipeline/eyes=2591.686ms/1294 Immediate draw with minecraft:pipeline/lines=1646.755ms/848 Sky disc=377.705ms/3663 GUI before blur=332.334ms/3663
[16:56:28] [Test thread/INFO] (MetalLifecycleGameTest) Metal benchmark stall: phase=pan#2 frame=3343 intervalMs=29.369 cpuMs=7.838 outsideLoopMs=0.075 client_tasks=20.210ms/1 jvm_gc=10.000ms/1 render_frame=7.888ms/1 gpu_frame=5.285ms/1 client_tick=0.870ms/1 buffer_create=0.559ms/292 0.1MiB buffer_map=0.447ms/2490 1.0MiB command_batch=0.441ms/3 0.4MiB client_post_tasks=0.319ms/1 lod_prepare=0.302ms/2 resource_release=0.031ms/292 0.1MiB acquire=0.020ms/1 submit=0.014ms/1 upload_copy=0.004ms/2 0.0MiB client_pre_frame=0.004ms/1 client_post_render=0.004ms/1 level_end_frame=0.002ms/1 client_gizmos=0.001ms/1 arena_wait=0.001ms/1 client_pre_render=0.001ms/1 client_packets=0.000ms/1 present=0.000ms/1 task_drain=0.000ms/1 render_pass_merge=0.000ms/8 unphasedMs=-0.003
[16:56:28] [Test thread/INFO] (MetalLifecycleGameTest) Metal benchmark stall: phase=pan#2 frame=3340 intervalMs=14.792 cpuMs=14.665 outsideLoopMs=0.069 render_frame=14.716ms/1 buffer_create=6.569ms/293 0.6MiB jvm_gc=6.000ms/1 gpu_frame=5.520ms/1 command_batch=0.465ms/3 0.4MiB buffer_map=0.423ms/2490 1.0MiB lod_prepare=0.180ms/2 resource_release=0.022ms/293 0.6MiB submit=0.015ms/1 acquire=0.010ms/1 upload_copy=0.004ms/2 0.0MiB level_end_frame=0.004ms/1 client_pre_frame=0.004ms/1 client_post_render=0.004ms/1 client_tasks=0.001ms/1 client_pre_render=0.000ms/1 present=0.000ms/1 client_packets=0.000ms/1 task_drain=0.000ms/1 client_post_tasks=0.000ms/1 arena_wait=0.000ms/1 render_pass_merge=0.000ms/8 unphasedMs=-0.004
[16:56:28] [Test thread/INFO] (MetalLifecycleGameTest) Metal benchmark stall: phase=pan#2 frame=3516 intervalMs=11.274 cpuMs=11.199 outsideLoopMs=0.038 render_frame=11.233ms/1 gpu_frame=5.320ms/1 buffer_create=5.280ms/260 0.6MiB jvm_gc=5.000ms/1 command_batch=0.429ms/3 0.4MiB buffer_map=0.374ms/2389 1.0MiB lod_prepare=0.137ms/2 resource_release=0.015ms/260 0.6MiB submit=0.011ms/1 acquire=0.008ms/1 client_post_render=0.003ms/1 level_end_frame=0.003ms/1 client_pre_frame=0.003ms/1 upload_copy=0.002ms/2 0.0MiB client_packets=0.000ms/1 client_pre_render=0.000ms/1 arena_wait=0.000ms/1 client_tasks=0.000ms/1 present=0.000ms/1 task_drain=0.000ms/1 client_post_tasks=0.000ms/1 render_pass_merge=0.000ms/8 unphasedMs=-0.003
[16:56:28] [Test thread/INFO] (MetalLifecycleGameTest) Metal benchmark stall: phase=pan#2 frame=336 intervalMs=10.796 cpuMs=9.784 outsideLoopMs=0.054 render_frame=9.836ms/1 gpu_frame=4.892ms/1 jvm_gc=3.000ms/1 client_tick=0.592ms/1 buffer_create=0.492ms/234 0.8MiB command_batch=0.317ms/3 0.2MiB buffer_map=0.296ms/1839 0.8MiB client_post_tasks=0.261ms/1 lod_prepare=0.259ms/2 client_tasks=0.049ms/1 resource_release=0.019ms/234 0.8MiB submit=0.014ms/1 acquire=0.014ms/1 upload_copy=0.010ms/2 0.0MiB harness_handoff=0.008ms/1 level_end_frame=0.003ms/1 client_post_render=0.003ms/1 client_pre_render=0.002ms/1 arena_wait=0.001ms/1 client_pre_frame=0.001ms/1 present=0.001ms/1 client_gizmos=0.000ms/1 client_packets=0.000ms/1 task_drain=0.000ms/1 render_pass_merge=0.000ms/10 unphasedMs=-0.003
[16:56:28] [Test thread/INFO] (MetalLifecycleGameTest) Metal benchmark stall: phase=pan#2 frame=2670 intervalMs=10.676 cpuMs=6.962 outsideLoopMs=0.040 gpu_frame=29.980ms/3 render_frame=7.018ms/1 client_tasks=2.248ms/1 jvm_gc=2.000ms/1 client_tick=0.900ms/1 client_post_tasks=0.465ms/1 command_batch=0.291ms/3 0.2MiB buffer_map=0.275ms/1644 0.7MiB buffer_create=0.275ms/97 0.1MiB lod_prepare=0.204ms/2 resource_release=0.029ms/105 2.1MiB acquire=0.019ms/1 upload_copy=0.010ms/2 0.0MiB submit=0.010ms/1 harness_handoff=0.006ms/1 client_post_render=0.004ms/1 level_end_frame=0.003ms/1 client_gizmos=0.003ms/1 client_pre_frame=0.002ms/1 arena_wait=0.001ms/1 client_pre_render=0.001ms/1 present=0.000ms/1 client_packets=0.000ms/1 task_drain=0.000ms/1 render_pass_merge=0.000ms/7 unphasedMs=-0.004
[16:56:28] [Test thread/INFO] (MetalLifecycleGameTest) Metal benchmark stall: phase=pan#2 frame=3354 intervalMs=10.474 cpuMs=10.308 outsideLoopMs=0.067 render_frame=10.353ms/1 gpu_frame=5.293ms/1 jvm_gc=3.000ms/1 buffer_create=0.514ms/291 0.6MiB command_batch=0.430ms/3 0.4MiB buffer_map=0.395ms/2475 1.0MiB lod_prepare=0.263ms/2 client_packets=0.051ms/1 resource_release=0.017ms/291 0.6MiB submit=0.013ms/1 acquire=0.009ms/1 client_post_render=0.006ms/1 upload_copy=0.005ms/2 0.0MiB level_end_frame=0.003ms/1 client_pre_frame=0.003ms/1 arena_wait=0.001ms/1 present=0.001ms/1 client_pre_render=0.001ms/1 client_tasks=0.000ms/1 client_post_tasks=0.000ms/1 task_drain=0.000ms/1 render_pass_merge=0.000ms/8 unphasedMs=-0.005
[16:56:28] [Test thread/INFO] (MetalLifecycleGameTest) Metal benchmark stall: phase=pan#2 frame=2687 intervalMs=9.754 cpuMs=9.595 outsideLoopMs=0.063 render_frame=9.647ms/1 gpu_frame=5.369ms/1 jvm_gc=3.000ms/1 command_batch=0.297ms/3 0.2MiB buffer_map=0.258ms/1650 0.7MiB buffer_create=0.250ms/102 0.6MiB lod_prepare=0.185ms/2 client_packets=0.039ms/1 submit=0.015ms/1 resource_release=0.013ms/102 0.6MiB acquire=0.011ms/1 client_post_render=0.005ms/1 upload_copy=0.004ms/2 0.0MiB level_end_frame=0.004ms/1 client_pre_frame=0.003ms/1 client_pre_render=0.001ms/1 present=0.000ms/1 arena_wait=0.000ms/1 client_tasks=0.000ms/1 client_post_tasks=0.000ms/1 task_drain=0.000ms/1 render_pass_merge=0.000ms/7 unphasedMs=-0.004
[16:56:28] [Test thread/INFO] (MetalLifecycleGameTest) Metal benchmark stall: phase=pan#2 frame=3263 intervalMs=9.575 cpuMs=9.503 outsideLoopMs=0.036 render_frame=9.534ms/1 gpu_frame=5.332ms/1 jvm_gc=4.000ms/1 buffer_create=0.452ms/273 0.6MiB command_batch=0.402ms/3 0.3MiB buffer_map=0.352ms/2394 1.0MiB lod_prepare=0.122ms/2 resource_release=0.011ms/273 0.6MiB submit=0.009ms/1 acquire=0.006ms/1 client_pre_frame=0.004ms/1 level_end_frame=0.003ms/1 client_post_render=0.003ms/1 upload_copy=0.002ms/2 0.0MiB client_packets=0.000ms/1 arena_wait=0.000ms/1 client_pre_render=0.000ms/1 client_post_tasks=0.000ms/1 present=0.000ms/1 client_tasks=0.000ms/1 task_drain=0.000ms/1 render_pass_merge=0.000ms/8 unphasedMs=-0.002
[16:56:48] [Test thread/INFO] (MetalLifecycleGameTest) Metal benchmark: phase=traversal#2 frames=2521 seconds=19.8 avgFps=127.2 onePercentLow=82.3 pointOnePercentLow=68.5 p50CpuMs=7.714 p95CpuMs=8.885 p99CpuMs=9.575 p50IntervalMs=7.857 p99IntervalMs=10.562 worstIntervalMs=14.789 p50AcquireMs=0.009 p99AcquireMs=0.018 p50OutsideLoopMs=0.042 p99OutsideLoopMs=0.072
[16:56:48] [Test thread/INFO] (MetalLifecycleGameTest) Metal benchmark stall: phase=traversal#2 whole-phase render_frame=19285.622ms/2521 gpu_frame=16543.256ms/2521 buffer_create=2300.781ms/1265445 593.2MiB buffer_map=1139.025ms/7107815 2379.4MiB command_batch=857.267ms/7563 706.8MiB lod_prepare=339.441ms/5042 0.9MiB client_tick=208.551ms/396 client_post_tasks=112.938ms/2521 jvm_gc=70.000ms/23 client_packets=51.174ms/2521 resource_release=29.474ms/1264970 582.2MiB client_tasks=27.484ms/2521 acquire=23.601ms/2521 submit=21.864ms/2521 upload_copy=11.583ms/10836 133.9MiB client_post_render=10.026ms/2521 client_pre_frame=7.765ms/2521 level_end_frame=6.966ms/2521 harness_handoff=2.516ms/539 client_pre_render=1.148ms/2521 arena_wait=0.878ms/2521 present=0.405ms/2521 task_drain=0.314ms/2521 client_gizmos=0.282ms/396 render_pass_merge=0.000ms/16645
[16:56:48] [Test thread/INFO] (MetalLifecycleGameTest) Metal benchmark stall: phase=traversal#2 worst-1% render_frame=281.159ms/25 gpu_frame=174.598ms/26 jvm_gc=67.000ms/18 buffer_create=23.025ms/13596 3.6MiB buffer_map=12.005ms/73112 25.0MiB command_batch=8.531ms/75 6.9MiB lod_prepare=8.384ms/50 0.1MiB client_post_tasks=8.132ms/25 client_tick=6.856ms/13 client_tasks=3.265ms/25 client_packets=0.639ms/25 resource_release=0.417ms/13599 5.1MiB submit=0.354ms/25 acquire=0.323ms/25 upload_copy=0.276ms/265 6.3MiB client_post_render=0.095ms/25 level_end_frame=0.084ms/25 harness_handoff=0.072ms/16 client_pre_frame=0.067ms/25 client_gizmos=0.013ms/13 arena_wait=0.013ms/25 client_pre_render=0.012ms/25 present=0.008ms/25 task_drain=0.003ms/25 render_pass_merge=0.000ms/157
[16:56:48] [Test thread/INFO] (MetalLifecycleGameTest) Metal benchmark stall: phase=traversal#2 tasks total=0.000ms/0
[16:56:48] [Test thread/INFO] (MetalLifecycleGameTest) Metal benchmark stall: phase=traversal#2 gpuPassSpans sumOfSpans=45408.053ms/27291 MetalCraft shader: shadow_terrain=10517.955ms/2551 Immediate draw with minecraft:pipeline/entity_translucent=6907.314ms/2551 Section layers for translucent=6584.162ms/2551 MetalCraft shader: grade=6549.398ms/2551 (depth clear)=6156.797ms/5102 Section layers for opaque=5932.820ms/2551 Immediate draw with minecraft:pipeline/entity_cutout=1285.463ms/773 Immediate draw with minecraft:pipeline/item_cutout=819.665ms/537 Sky disc=337.761ms/2551 GUI before blur=225.131ms/2551 Clouds=54.237ms/22 Animate minecraft:textures/atlas/blocks.png=27.162ms/2000
[16:56:48] [Test thread/INFO] (MetalLifecycleGameTest) Metal benchmark stall: phase=traversal#2 frame=847 intervalMs=14.789 cpuMs=14.688 outsideLoopMs=0.042 render_frame=14.743ms/1 gpu_frame=6.518ms/1 jvm_gc=4.000ms/1 buffer_create=1.163ms/608 0.1MiB buffer_map=0.579ms/3598 1.2MiB command_batch=0.462ms/3 0.4MiB lod_prepare=0.202ms/2 0.1MiB resource_release=0.020ms/606 0.1MiB submit=0.018ms/1 acquire=0.009ms/1 level_end_frame=0.004ms/1 client_post_render=0.004ms/1 upload_copy=0.003ms/2 0.0MiB client_pre_frame=0.002ms/1 present=0.001ms/1 client_pre_render=0.000ms/1 arena_wait=0.000ms/1 client_packets=0.000ms/1 client_post_tasks=0.000ms/1 client_tasks=0.000ms/1 task_drain=0.000ms/1 render_pass_merge=0.000ms/6 unphasedMs=-0.003
[16:56:48] [Test thread/INFO] (MetalLifecycleGameTest) Metal benchmark stall: phase=traversal#2 frame=1044 intervalMs=14.623 cpuMs=13.665 outsideLoopMs=0.041 render_frame=13.703ms/1 gpu_frame=6.716ms/1 jvm_gc=4.000ms/1 buffer_create=1.009ms/586 0.1MiB buffer_map=0.557ms/3314 1.7MiB client_tick=0.541ms/1 command_batch=0.408ms/3 0.3MiB client_post_tasks=0.289ms/1 lod_prepare=0.142ms/2 resource_release=0.048ms/589 0.1MiB client_tasks=0.046ms/1 submit=0.011ms/1 acquire=0.010ms/1 harness_handoff=0.006ms/2 client_post_render=0.004ms/1 upload_copy=0.003ms/2 0.0MiB level_end_frame=0.003ms/1 client_pre_frame=0.001ms/1 client_gizmos=0.001ms/1 arena_wait=0.001ms/1 client_pre_render=0.000ms/1 client_packets=0.000ms/1 task_drain=0.000ms/1 present=0.000ms/1 render_pass_merge=0.000ms/5 unphasedMs=-0.003
[16:56:48] [Test thread/INFO] (MetalLifecycleGameTest) Metal benchmark stall: phase=traversal#2 frame=1373 intervalMs=14.382 cpuMs=8.975 outsideLoopMs=0.039 render_frame=9.040ms/1 gpu_frame=6.777ms/1 client_post_tasks=4.502ms/1 jvm_gc=4.000ms/1 buffer_create=0.967ms/552 0.1MiB client_tick=0.747ms/1 buffer_map=0.487ms/2865 0.9MiB command_batch=0.306ms/3 0.3MiB lod_prepare=0.206ms/2 client_tasks=0.047ms/1 resource_release=0.029ms/552 0.1MiB acquire=0.020ms/1 submit=0.014ms/1 upload_copy=0.007ms/2 0.0MiB harness_handoff=0.006ms/1 level_end_frame=0.004ms/1 client_post_render=0.004ms/1 client_gizmos=0.003ms/1 client_pre_frame=0.003ms/1 arena_wait=0.001ms/1 present=0.001ms/1 client_pre_render=0.000ms/1 client_packets=0.000ms/1 task_drain=0.000ms/1 render_pass_merge=0.000ms/6 unphasedMs=-0.003
[16:56:48] [Test thread/INFO] (MetalLifecycleGameTest) Metal benchmark stall: phase=traversal#2 frame=302 intervalMs=13.925 cpuMs=12.838 outsideLoopMs=0.041 render_frame=12.890ms/1 gpu_frame=5.889ms/1 jvm_gc=4.000ms/1 client_tick=0.649ms/1 buffer_create=0.640ms/305 0.3MiB buffer_map=0.405ms/2319 1.1MiB command_batch=0.389ms/3 0.3MiB lod_prepare=0.301ms/2 0.0MiB client_post_tasks=0.277ms/1 client_tasks=0.062ms/1 upload_copy=0.048ms/47 1.4MiB resource_release=0.022ms/306 0.3MiB submit=0.016ms/1 acquire=0.011ms/1 client_post_render=0.005ms/1 harness_handoff=0.004ms/1 level_end_frame=0.004ms/1 client_pre_frame=0.003ms/1 arena_wait=0.001ms/1 client_pre_render=0.001ms/1 present=0.000ms/1 client_gizmos=0.000ms/1 task_drain=0.000ms/1 client_packets=0.000ms/1 render_pass_merge=0.000ms/8 unphasedMs=-0.004
[16:56:48] [Test thread/INFO] (MetalLifecycleGameTest) Metal benchmark stall: phase=traversal#2 frame=860 intervalMs=13.816 cpuMs=12.782 outsideLoopMs=0.062 render_frame=12.835ms/1 gpu_frame=6.337ms/1 jvm_gc=3.000ms/1 buffer_create=1.047ms/606 0.1MiB client_tick=0.621ms/1 buffer_map=0.580ms/3597 1.2MiB command_batch=0.456ms/3 0.4MiB lod_prepare=0.287ms/2 client_post_tasks=0.244ms/1 client_tasks=0.050ms/1 submit=0.016ms/1 acquire=0.014ms/1 resource_release=0.013ms/606 0.1MiB harness_handoff=0.006ms/1 upload_copy=0.006ms/2 0.0MiB client_post_render=0.004ms/1 level_end_frame=0.003ms/1 client_pre_frame=0.002ms/1 arena_wait=0.001ms/1 client_gizmos=0.001ms/1 present=0.000ms/1 client_packets=0.000ms/1 client_pre_render=0.000ms/1 task_drain=0.000ms/1 render_pass_merge=0.000ms/6 unphasedMs=-0.004
[16:56:48] [Test thread/INFO] (MetalLifecycleGameTest) Metal benchmark stall: phase=traversal#2 frame=70 intervalMs=13.450 cpuMs=12.404 outsideLoopMs=0.056 render_frame=12.452ms/1 gpu_frame=12.106ms/2 jvm_gc=5.000ms/1 client_tick=0.580ms/1 buffer_create=0.484ms/261 0.1MiB command_batch=0.377ms/3 0.3MiB buffer_map=0.355ms/2295 0.9MiB client_post_tasks=0.304ms/1 lod_prepare=0.236ms/2 client_tasks=0.054ms/1 resource_release=0.035ms/268 1.8MiB submit=0.015ms/1 acquire=0.015ms/1 harness_handoff=0.005ms/1 upload_copy=0.005ms/2 0.0MiB client_post_render=0.004ms/1 level_end_frame=0.003ms/1 client_pre_frame=0.002ms/1 client_gizmos=0.001ms/1 arena_wait=0.000ms/1 client_packets=0.000ms/1 present=0.000ms/1 client_pre_render=0.000ms/1 task_drain=0.000ms/1 render_pass_merge=0.000ms/8 unphasedMs=-0.004
[16:56:48] [Test thread/INFO] (MetalLifecycleGameTest) Metal benchmark stall: phase=traversal#2 frame=1192 intervalMs=13.339 cpuMs=13.255 outsideLoopMs=0.043 render_frame=13.290ms/1 gpu_frame=6.718ms/1 jvm_gc=5.000ms/1 buffer_create=0.877ms/562 0.1MiB buffer_map=0.476ms/3018 1.0MiB command_batch=0.345ms/3 0.3MiB lod_prepare=0.129ms/2 submit=0.013ms/1 resource_release=0.012ms/562 0.1MiB acquire=0.008ms/1 client_post_render=0.004ms/1 client_pre_frame=0.003ms/1 upload_copy=0.003ms/2 0.0MiB level_end_frame=0.003ms/1 client_pre_render=0.001ms/1 client_packets=0.000ms/1 arena_wait=0.000ms/1 present=0.000ms/1 client_tasks=0.000ms/1 task_drain=0.000ms/1 client_post_tasks=0.000ms/1 render_pass_merge=0.000ms/6 unphasedMs=-0.004
[16:56:48] [Test thread/INFO] (MetalLifecycleGameTest) Metal benchmark stall: phase=traversal#2 frame=1560 intervalMs=12.697 cpuMs=11.702 outsideLoopMs=0.041 render_frame=11.759ms/1 gpu_frame=6.797ms/1 jvm_gc=4.000ms/1 buffer_create=0.899ms/547 0.1MiB client_tick=0.517ms/1 buffer_map=0.465ms/2807 0.9MiB client_post_tasks=0.332ms/1 command_batch=0.295ms/3 0.2MiB lod_prepare=0.155ms/2 client_tasks=0.045ms/1 submit=0.026ms/1 acquire=0.015ms/1 resource_release=0.011ms/547 0.1MiB harness_handoff=0.006ms/2 upload_copy=0.004ms/2 0.0MiB client_post_render=0.003ms/1 level_end_frame=0.003ms/1 client_pre_frame=0.001ms/1 client_gizmos=0.001ms/1 client_pre_render=0.001ms/1 arena_wait=0.001ms/1 client_packets=0.000ms/1 task_drain=0.000ms/1 present=0.000ms/1 render_pass_merge=0.000ms/6 unphasedMs=-0.003
[16:56:48] [Server thread/INFO] (Minecraft) Teleported Player516 to -1535.500000, 174.620000, -127.500000
[16:56:48] [Render thread/INFO] (Minecraft) [System] [CHAT] [Server: Teleported Player516 to -1535.500000, 174.620000, -127.500000]
[16:57:13] [Test thread/INFO] (MetalLifecycleGameTest) Metal benchmark: phase=stationary#3 frames=3222 seconds=19.8 avgFps=162.6 onePercentLow=113.1 pointOnePercentLow=91.8 p50CpuMs=5.849 p95CpuMs=6.545 p99CpuMs=6.916 p50IntervalMs=5.922 p99IntervalMs=7.685 worstIntervalMs=11.480 p50AcquireMs=0.008 p99AcquireMs=0.016 p50OutsideLoopMs=0.037 p99OutsideLoopMs=0.061
[16:57:13] [Test thread/INFO] (MetalLifecycleGameTest) Metal benchmark stall: phase=stationary#3 whole-phase render_frame=19327.135ms/3222 gpu_frame=16732.696ms/3222 buffer_create=1523.704ms/776512 4196.7MiB command_batch=1289.684ms/9666 1085.5MiB buffer_map=1121.504ms/7243460 3638.6MiB lod_prepare=448.962ms/6444 0.1MiB client_tick=217.773ms/396 client_post_tasks=105.380ms/3222 resource_release=41.135ms/776512 4196.7MiB jvm_gc=40.000ms/16 acquire=28.082ms/3222 submit=26.503ms/3222 client_tasks=14.250ms/3222 client_post_render=11.623ms/3222 client_pre_frame=10.090ms/3222 client_packets=8.967ms/3222 level_end_frame=8.958ms/3222 upload_copy=8.712ms/6474 1.8MiB harness_handoff=2.415ms/620 client_pre_render=1.397ms/3222 arena_wait=0.996ms/3222 present=0.427ms/3222 task_drain=0.348ms/3222 client_gizmos=0.256ms/396 render_pass_merge=0.000ms/41885
[16:57:13] [Test thread/INFO] (MetalLifecycleGameTest) Metal benchmark stall: phase=stationary#3 worst-1% render_frame=257.179ms/32 gpu_frame=166.690ms/32 jvm_gc=40.000ms/13 client_tick=17.707ms/23 buffer_create=17.241ms/7709 40.5MiB command_batch=13.029ms/96 10.8MiB buffer_map=11.482ms/71959 36.1MiB client_post_tasks=6.628ms/32 lod_prepare=5.996ms/64 client_tasks=0.952ms/32 resource_release=0.586ms/7709 40.5MiB acquire=0.421ms/32 submit=0.398ms/32 harness_handoff=0.155ms/32 upload_copy=0.142ms/64 0.0MiB client_post_render=0.117ms/32 level_end_frame=0.092ms/32 client_pre_frame=0.070ms/32 client_packets=0.058ms/32 client_gizmos=0.023ms/23 arena_wait=0.018ms/32 client_pre_render=0.015ms/32 present=0.009ms/32 task_drain=0.003ms/32 render_pass_merge=0.000ms/416
[16:57:13] [Test thread/INFO] (MetalLifecycleGameTest) Metal benchmark stall: phase=stationary#3 tasks total=0.000ms/0
[16:57:13] [Test thread/INFO] (MetalLifecycleGameTest) Metal benchmark stall: phase=stationary#3 gpuPassSpans sumOfSpans=52363.820ms/38762 MetalCraft shader: shadow_terrain=10887.559ms/3251 Section layers for opaque=7167.987ms/3251 Immediate draw with minecraft:pipeline/entity_translucent=6521.549ms/3251 MetalCraft shader: grade=6041.205ms/3251 Immediate draw with minecraft:pipeline/eyes=5865.818ms/3251 Immediate draw with minecraft:pipeline/entity_cutout=5263.828ms/3251 (depth clear)=5074.230ms/6502 Immediate draw with minecraft:pipeline/item_cutout=4892.263ms/3251 Sky disc=322.057ms/3251 GUI before blur=287.774ms/3251 Animate minecraft:textures/atlas/blocks.png=28.675ms/2000 Animate minecraft:textures/atlas/particles.png=3.593ms/400
[16:57:13] [Test thread/INFO] (MetalLifecycleGameTest) Metal benchmark stall: phase=stationary#3 frame=1523 intervalMs=11.480 cpuMs=6.610 outsideLoopMs=0.032 render_frame=6.677ms/1 gpu_frame=5.173ms/1 client_tick=4.440ms/1 jvm_gc=4.000ms/1 buffer_create=0.415ms/238 0.1MiB command_batch=0.413ms/3 0.3MiB buffer_map=0.347ms/2249 1.1MiB client_post_tasks=0.291ms/1 lod_prepare=0.225ms/2 acquire=0.037ms/1 client_tasks=0.032ms/1 submit=0.013ms/1 resource_release=0.011ms/238 0.1MiB harness_handoff=0.008ms/2 upload_copy=0.006ms/2 0.0MiB client_gizmos=0.004ms/1 client_pre_frame=0.003ms/1 level_end_frame=0.003ms/1 client_post_render=0.003ms/1 arena_wait=0.000ms/1 client_pre_render=0.000ms/1 present=0.000ms/1 client_packets=0.000ms/1 task_drain=0.000ms/1 render_pass_merge=0.000ms/13 unphasedMs=-0.003
[16:57:13] [Test thread/INFO] (MetalLifecycleGameTest) Metal benchmark stall: phase=stationary#3 frame=531 intervalMs=10.834 cpuMs=9.887 outsideLoopMs=0.042 render_frame=9.925ms/1 gpu_frame=5.303ms/1 jvm_gc=4.000ms/1 client_tick=0.529ms/1 buffer_create=0.422ms/241 1.3MiB command_batch=0.393ms/3 0.3MiB buffer_map=0.347ms/2249 1.1MiB client_post_tasks=0.294ms/1 lod_prepare=0.123ms/2 client_tasks=0.042ms/1 resource_release=0.017ms/241 1.3MiB submit=0.012ms/1 harness_handoff=0.011ms/1 acquire=0.009ms/1 upload_copy=0.004ms/2 0.0MiB client_post_render=0.004ms/1 level_end_frame=0.003ms/1 client_pre_frame=0.001ms/1 client_gizmos=0.001ms/1 client_pre_render=0.001ms/1 arena_wait=0.000ms/1 present=0.000ms/1 client_packets=0.000ms/1 task_drain=0.000ms/1 render_pass_merge=0.000ms/13 unphasedMs=-0.004
[16:57:13] [Test thread/INFO] (MetalLifecycleGameTest) Metal benchmark stall: phase=stationary#3 frame=1858 intervalMs=10.746 cpuMs=9.852 outsideLoopMs=0.037 render_frame=9.902ms/1 gpu_frame=5.144ms/1 jvm_gc=3.000ms/1 client_tick=0.549ms/1 buffer_create=0.486ms/241 1.3MiB command_batch=0.423ms/3 0.3MiB buffer_map=0.365ms/2249 1.1MiB client_post_tasks=0.223ms/1 lod_prepare=0.121ms/2 client_tasks=0.031ms/1 resource_release=0.022ms/241 1.3MiB submit=0.017ms/1 acquire=0.010ms/1 harness_handoff=0.007ms/2 level_end_frame=0.004ms/1 upload_copy=0.003ms/2 0.0MiB client_post_render=0.003ms/1 client_pre_frame=0.001ms/1 client_gizmos=0.001ms/1 client_pre_render=0.000ms/1 present=0.000ms/1 client_packets=0.000ms/1 arena_wait=0.000ms/1 task_drain=0.000ms/1 render_pass_merge=0.000ms/13 unphasedMs=-0.003
[16:57:13] [Test thread/INFO] (MetalLifecycleGameTest) Metal benchmark stall: phase=stationary#3 frame=1873 intervalMs=10.533 cpuMs=10.359 outsideLoopMs=0.072 render_frame=10.407ms/1 gpu_frame=5.168ms/1 jvm_gc=3.000ms/1 buffer_create=0.443ms/241 1.3MiB command_batch=0.413ms/3 0.3MiB buffer_map=0.360ms/2248 1.1MiB lod_prepare=0.227ms/2 client_packets=0.049ms/1 resource_release=0.019ms/241 1.3MiB submit=0.015ms/1 acquire=0.009ms/1 upload_copy=0.007ms/2 0.0MiB client_post_render=0.004ms/1 level_end_frame=0.004ms/1 client_pre_frame=0.003ms/1 arena_wait=0.001ms/1 client_pre_render=0.001ms/1 present=0.000ms/1 client_tasks=0.000ms/1 client_post_tasks=0.000ms/1 task_drain=0.000ms/1 render_pass_merge=0.000ms/13 unphasedMs=-0.004
[16:57:13] [Test thread/INFO] (MetalLifecycleGameTest) Metal benchmark stall: phase=stationary#3 frame=860 intervalMs=10.372 cpuMs=10.282 outsideLoopMs=0.039 render_frame=10.328ms/1 gpu_frame=5.254ms/1 jvm_gc=2.000ms/1 buffer_create=0.452ms/241 1.3MiB command_batch=0.417ms/3 0.3MiB buffer_map=0.367ms/2248 1.1MiB lod_prepare=0.139ms/2 resource_release=0.021ms/241 1.3MiB submit=0.013ms/1 acquire=0.009ms/1 client_post_render=0.004ms/1 client_pre_frame=0.004ms/1 level_end_frame=0.003ms/1 upload_copy=0.002ms/2 0.0MiB present=0.000ms/1 arena_wait=0.000ms/1 client_pre_render=0.000ms/1 client_packets=0.000ms/1 client_post_tasks=0.000ms/1 client_tasks=0.000ms/1 task_drain=0.000ms/1 render_pass_merge=0.000ms/13 unphasedMs=-0.003
[16:57:13] [Test thread/INFO] (MetalLifecycleGameTest) Metal benchmark stall: phase=stationary#3 frame=2868 intervalMs=10.349 cpuMs=10.259 outsideLoopMs=0.035 render_frame=10.310ms/1 gpu_frame=5.187ms/1 jvm_gc=2.000ms/1 buffer_create=0.473ms/241 1.3MiB command_batch=0.421ms/3 0.3MiB buffer_map=0.370ms/2248 1.1MiB lod_prepare=0.116ms/2 resource_release=0.020ms/241 1.3MiB submit=0.014ms/1 acquire=0.008ms/1 level_end_frame=0.004ms/1 client_post_render=0.004ms/1 client_pre_frame=0.003ms/1 upload_copy=0.002ms/2 0.0MiB present=0.001ms/1 arena_wait=0.000ms/1 client_packets=0.000ms/1 client_pre_render=0.000ms/1 client_post_tasks=0.000ms/1 client_tasks=0.000ms/1 task_drain=0.000ms/1 render_pass_merge=0.000ms/13 unphasedMs=-0.003
[16:57:13] [Test thread/INFO] (MetalLifecycleGameTest) Metal benchmark stall: phase=stationary#3 frame=2529 intervalMs=10.188 cpuMs=10.112 outsideLoopMs=0.038 render_frame=10.145ms/1 gpu_frame=5.410ms/1 jvm_gc=4.000ms/1 buffer_create=0.411ms/241 1.3MiB command_batch=0.391ms/3 0.3MiB buffer_map=0.341ms/2248 1.1MiB lod_prepare=0.124ms/2 resource_release=0.015ms/241 1.3MiB submit=0.010ms/1 acquire=0.008ms/1 client_post_render=0.004ms/1 client_pre_frame=0.004ms/1 level_end_frame=0.003ms/1 upload_copy=0.002ms/2 0.0MiB client_packets=0.000ms/1 client_pre_render=0.000ms/1 present=0.000ms/1 arena_wait=0.000ms/1 client_tasks=0.000ms/1 client_post_tasks=0.000ms/1 task_drain=0.000ms/1 render_pass_merge=0.000ms/13 unphasedMs=-0.003
[16:57:13] [Test thread/INFO] (MetalLifecycleGameTest) Metal benchmark stall: phase=stationary#3 frame=3206 intervalMs=10.133 cpuMs=9.275 outsideLoopMs=0.037 render_frame=9.315ms/1 gpu_frame=5.261ms/1 jvm_gc=3.000ms/1 client_tick=0.513ms/1 buffer_create=0.443ms/241 1.3MiB command_batch=0.395ms/3 0.3MiB buffer_map=0.347ms/2249 1.1MiB client_post_tasks=0.231ms/1 lod_prepare=0.164ms/2 client_tasks=0.034ms/1 resource_release=0.015ms/241 1.3MiB acquire=0.012ms/1 submit=0.012ms/1 harness_handoff=0.006ms/2 upload_copy=0.006ms/2 0.0MiB client_post_render=0.004ms/1 level_end_frame=0.003ms/1 client_pre_frame=0.001ms/1 client_gizmos=0.001ms/1 present=0.001ms/1 client_pre_render=0.000ms/1 arena_wait=0.000ms/1 client_packets=0.000ms/1 task_drain=0.000ms/1 render_pass_merge=0.000ms/13 unphasedMs=-0.003
[16:57:33] [Test thread/INFO] (MetalLifecycleGameTest) Metal benchmark: phase=pan#3 frames=3600 seconds=19.8 avgFps=181.7 onePercentLow=117.9 pointOnePercentLow=94.9 p50CpuMs=5.109 p95CpuMs=6.539 p99CpuMs=7.200 p50IntervalMs=5.225 p99IntervalMs=7.981 worstIntervalMs=12.008 p50AcquireMs=0.008 p99AcquireMs=0.017 p50OutsideLoopMs=0.037 p99OutsideLoopMs=0.070
[16:57:33] [Test thread/INFO] (MetalLifecycleGameTest) Metal benchmark stall: phase=pan#3 whole-phase gpu_frame=27823.029ms/3600 render_frame=19315.971ms/3600 upload_copy=1319.251ms/8312 31.6MiB arena_wait=1308.151ms/3600 buffer_create=979.128ms/495549 1806.7MiB command_batch=874.308ms/8797 726.9MiB buffer_map=844.678ms/5452553 2509.8MiB lod_prepare=361.106ms/7200 0.3MiB client_tick=208.475ms/396 client_post_tasks=106.712ms/3600 submit=32.082ms/3600 acquire=29.330ms/3600 jvm_gc=28.000ms/14 resource_release=23.714ms/495475 1805.4MiB client_tasks=19.465ms/3600 client_post_render=12.836ms/3600 client_pre_frame=10.410ms/3600 level_end_frame=10.287ms/3600 client_packets=9.213ms/3600 harness_handoff=2.217ms/551 client_pre_render=1.572ms/3600 present=0.564ms/3600 task_drain=0.455ms/3600 client_gizmos=0.263ms/396 render_pass_merge=0.000ms/32640
[16:57:33] [Test thread/INFO] (MetalLifecycleGameTest) Metal benchmark stall: phase=pan#3 worst-1% render_frame=280.129ms/36 gpu_frame=255.415ms/41 jvm_gc=23.000ms/9 buffer_create=16.270ms/9188 39.8MiB buffer_map=15.721ms/81797 40.1MiB client_tick=15.113ms/28 command_batch=13.666ms/103 11.5MiB client_post_tasks=7.511ms/36 lod_prepare=6.653ms/72 upload_copy=1.871ms/72 0.0MiB arena_wait=1.749ms/36 client_tasks=1.404ms/36 resource_release=0.612ms/9222 48.3MiB acquire=0.411ms/36 submit=0.380ms/36 harness_handoff=0.153ms/33 client_post_render=0.144ms/36 level_end_frame=0.106ms/36 client_packets=0.092ms/36 client_pre_frame=0.066ms/36 client_gizmos=0.019ms/28 client_pre_render=0.016ms/36 present=0.009ms/36 task_drain=0.004ms/36 render_pass_merge=0.000ms/433
[16:57:33] [Test thread/INFO] (MetalLifecycleGameTest) Metal benchmark stall: phase=pan#3 tasks total=0.000ms/0
[16:57:33] [Test thread/INFO] (MetalLifecycleGameTest) Metal benchmark stall: phase=pan#3 gpuPassSpans sumOfSpans=60910.520ms/42645 MetalCraft shader: shadow_terrain=12415.143ms/3630 Section layers for opaque=7654.738ms/3630 Immediate draw with minecraft:pipeline/entity_translucent=7322.934ms/3630 MetalCraft shader: grade=7038.984ms/3630 (depth clear)=6777.403ms/7260 Immediate draw with minecraft:pipeline/entity_cutout=6105.723ms/3487 Immediate draw with minecraft:pipeline/item_cutout=5707.622ms/3487 Immediate draw with minecraft:pipeline/lines=3324.416ms/1673 Immediate draw with minecraft:pipeline/eyes=2333.754ms/1284 Section layers for translucent=1246.214ms/673 Sky disc=372.484ms/3630 GUI before blur=338.865ms/3630
[16:57:33] [Test thread/INFO] (MetalLifecycleGameTest) Metal benchmark stall: phase=pan#3 frame=3318 intervalMs=12.008 cpuMs=10.949 outsideLoopMs=0.049 render_frame=11.004ms/1 gpu_frame=5.396ms/1 buffer_map=3.217ms/2490 1.2MiB jvm_gc=3.000ms/1 client_tick=0.638ms/1 buffer_create=0.583ms/293 1.3MiB command_batch=0.421ms/3 0.4MiB client_post_tasks=0.263ms/1 lod_prepare=0.251ms/2 client_tasks=0.051ms/1 resource_release=0.021ms/293 1.3MiB submit=0.020ms/1 acquire=0.014ms/1 harness_handoff=0.007ms/1 client_post_render=0.004ms/1 upload_copy=0.004ms/2 0.0MiB level_end_frame=0.004ms/1 client_pre_frame=0.001ms/1 client_gizmos=0.001ms/1 present=0.001ms/1 client_pre_render=0.000ms/1 arena_wait=0.000ms/1 client_packets=0.000ms/1 task_drain=0.000ms/1 render_pass_merge=0.000ms/13 unphasedMs=-0.004
[16:57:33] [Test thread/INFO] (MetalLifecycleGameTest) Metal benchmark stall: phase=pan#3 frame=3305 intervalMs=11.151 cpuMs=10.268 outsideLoopMs=0.035 render_frame=10.320ms/1 gpu_frame=5.610ms/1 jvm_gc=2.000ms/1 buffer_create=0.562ms/296 1.3MiB client_tick=0.516ms/1 command_batch=0.439ms/3 0.4MiB buffer_map=0.417ms/2504 1.2MiB client_post_tasks=0.225ms/1 lod_prepare=0.197ms/2 client_tasks=0.052ms/1 resource_release=0.026ms/296 1.3MiB submit=0.016ms/1 acquire=0.012ms/1 harness_handoff=0.005ms/1 upload_copy=0.004ms/2 0.0MiB client_post_render=0.003ms/1 level_end_frame=0.003ms/1 client_pre_frame=0.001ms/1 client_gizmos=0.001ms/1 present=0.001ms/1 client_packets=0.000ms/1 client_pre_render=0.000ms/1 arena_wait=0.000ms/1 task_drain=0.000ms/1 render_pass_merge=0.000ms/13 unphasedMs=-0.003
[16:57:33] [Test thread/INFO] (MetalLifecycleGameTest) Metal benchmark stall: phase=pan#3 frame=728 intervalMs=9.695 cpuMs=8.766 outsideLoopMs=0.047 gpu_frame=22.514ms/2 render_frame=8.818ms/1 jvm_gc=3.000ms/1 client_tick=0.512ms/1 buffer_create=0.331ms/140 0.1MiB client_post_tasks=0.266ms/1 command_batch=0.216ms/2 0.2MiB buffer_map=0.209ms/1249 0.6MiB lod_prepare=0.089ms/2 client_tasks=0.049ms/1 resource_release=0.032ms/147 1.8MiB submit=0.017ms/1 acquire=0.010ms/1 harness_handoff=0.009ms/2 client_post_render=0.005ms/1 level_end_frame=0.004ms/1 upload_copy=0.003ms/2 0.0MiB client_pre_frame=0.001ms/1 client_pre_render=0.001ms/1 task_drain=0.001ms/1 client_gizmos=0.001ms/1 present=0.000ms/1 client_packets=0.000ms/1 arena_wait=0.000ms/1 render_pass_merge=0.000ms/9 unphasedMs=-0.005
[16:57:33] [Test thread/INFO] (MetalLifecycleGameTest) Metal benchmark stall: phase=pan#3 frame=307 intervalMs=9.288 cpuMs=9.214 outsideLoopMs=0.037 gpu_frame=10.915ms/2 render_frame=9.246ms/1 jvm_gc=4.000ms/1 buffer_create=0.364ms/234 0.1MiB command_batch=0.287ms/3 0.3MiB buffer_map=0.282ms/1881 0.9MiB lod_prepare=0.097ms/2 resource_release=0.022ms/242 2.1MiB acquire=0.009ms/1 submit=0.009ms/1 client_pre_frame=0.004ms/1 client_post_render=0.003ms/1 level_end_frame=0.003ms/1 upload_copy=0.002ms/2 0.0MiB client_pre_render=0.001ms/1 client_packets=0.000ms/1 arena_wait=0.000ms/1 present=0.000ms/1 client_tasks=0.000ms/1 task_drain=0.000ms/1 client_post_tasks=0.000ms/1 render_pass_merge=0.000ms/10 unphasedMs=-0.003
[16:57:33] [Test thread/INFO] (MetalLifecycleGameTest) Metal benchmark stall: phase=pan#3 frame=2227 intervalMs=9.259 cpuMs=9.158 outsideLoopMs=0.046 gpu_frame=20.414ms/2 render_frame=9.208ms/1 jvm_gc=2.000ms/1 upload_copy=0.334ms/2 0.0MiB arena_wait=0.332ms/1 lod_prepare=0.265ms/2 buffer_map=0.243ms/1403 0.6MiB command_batch=0.235ms/2 0.2MiB buffer_create=0.230ms/84 0.1MiB resource_release=0.028ms/91 1.8MiB submit=0.015ms/1 acquire=0.012ms/1 client_post_render=0.004ms/1 client_pre_frame=0.003ms/1 level_end_frame=0.003ms/1 client_pre_render=0.001ms/1 present=0.000ms/1 client_tasks=0.000ms/1 client_packets=0.000ms/1 task_drain=0.000ms/1 client_post_tasks=0.000ms/1 render_pass_merge=0.000ms/8 unphasedMs=-0.004
[16:57:33] [Test thread/INFO] (MetalLifecycleGameTest) Metal benchmark stall: phase=pan#3 frame=3324 intervalMs=9.114 cpuMs=7.942 outsideLoopMs=0.044 render_frame=7.980ms/1 gpu_frame=5.509ms/1 client_tick=0.698ms/1 buffer_create=0.525ms/293 1.3MiB command_batch=0.419ms/3 0.4MiB buffer_map=0.402ms/2490 1.2MiB client_post_tasks=0.335ms/1 lod_prepare=0.168ms/2 client_tasks=0.055ms/1 resource_release=0.019ms/293 1.3MiB acquire=0.011ms/1 submit=0.010ms/1 harness_handoff=0.005ms/1 upload_copy=0.004ms/2 0.0MiB client_post_render=0.004ms/1 level_end_frame=0.003ms/1 client_pre_frame=0.002ms/1 client_gizmos=0.001ms/1 arena_wait=0.001ms/1 client_packets=0.001ms/1 present=0.000ms/1 client_pre_render=0.000ms/1 task_drain=0.000ms/1 render_pass_merge=0.000ms/13 unphasedMs=-0.003
[16:57:33] [Test thread/INFO] (MetalLifecycleGameTest) Metal benchmark stall: phase=pan#3 frame=2245 intervalMs=9.053 cpuMs=8.957 outsideLoopMs=0.051 render_frame=8.998ms/1 gpu_frame=5.152ms/1 jvm_gc=3.000ms/1 buffer_map=0.215ms/1403 0.6MiB command_batch=0.210ms/2 0.2MiB buffer_create=0.198ms/86 0.6MiB lod_prepare=0.116ms/2 resource_release=0.011ms/86 0.6MiB submit=0.010ms/1 acquire=0.008ms/1 client_post_render=0.004ms/1 level_end_frame=0.003ms/1 client_pre_frame=0.003ms/1 upload_copy=0.003ms/2 0.0MiB arena_wait=0.000ms/1 present=0.000ms/1 client_packets=0.000ms/1 client_pre_render=0.000ms/1 client_post_tasks=0.000ms/1 client_tasks=0.000ms/1 task_drain=0.000ms/1 render_pass_merge=0.000ms/8 unphasedMs=-0.004
[16:57:33] [Test thread/INFO] (MetalLifecycleGameTest) Metal benchmark stall: phase=pan#3 frame=3311 intervalMs=8.871 cpuMs=7.798 outsideLoopMs=0.051 render_frame=7.836ms/1 gpu_frame=5.539ms/1 client_tick=0.602ms/1 buffer_create=0.555ms/296 1.3MiB command_batch=0.426ms/3 0.4MiB buffer_map=0.405ms/2504 1.2MiB client_post_tasks=0.314ms/1 lod_prepare=0.190ms/2 client_tasks=0.064ms/1 resource_release=0.022ms/296 1.3MiB acquire=0.012ms/1 submit=0.010ms/1 harness_handoff=0.005ms/1 client_post_render=0.004ms/1 upload_copy=0.003ms/2 0.0MiB level_end_frame=0.003ms/1 client_pre_frame=0.002ms/1 client_gizmos=0.001ms/1 arena_wait=0.000ms/1 client_pre_render=0.000ms/1 client_packets=0.000ms/1 present=0.000ms/1 task_drain=0.000ms/1 render_pass_merge=0.000ms/13 unphasedMs=-0.004
[16:57:53] [Test thread/INFO] (MetalLifecycleGameTest) Metal benchmark: phase=traversal#3 frames=2516 seconds=19.8 avgFps=127.0 onePercentLow=86.2 pointOnePercentLow=65.4 p50CpuMs=7.746 p95CpuMs=8.757 p99CpuMs=9.438 p50IntervalMs=7.868 p99IntervalMs=10.438 worstIntervalMs=19.530 p50AcquireMs=0.009 p99AcquireMs=0.017 p50OutsideLoopMs=0.042 p99OutsideLoopMs=0.071
[16:57:53] [Test thread/INFO] (MetalLifecycleGameTest) Metal benchmark stall: phase=traversal#3 whole-phase render_frame=19310.661ms/2516 gpu_frame=16582.758ms/2516 buffer_create=2325.740ms/1267593 871.8MiB buffer_map=1143.894ms/7105238 2425.6MiB command_batch=862.247ms/7548 710.4MiB lod_prepare=337.872ms/5032 0.3MiB client_tick=183.976ms/396 client_post_tasks=110.774ms/2516 jvm_gc=46.000ms/19 client_packets=45.935ms/2516 resource_release=31.845ms/1267118 861.5MiB client_tasks=31.756ms/2516 acquire=23.372ms/2516 submit=21.585ms/2516 upload_copy=11.189ms/10434 124.9MiB client_post_render=9.828ms/2516 client_pre_frame=7.702ms/2516 level_end_frame=7.007ms/2516 harness_handoff=2.436ms/528 client_pre_render=1.118ms/2516 arena_wait=0.842ms/2516 present=0.417ms/2516 task_drain=0.312ms/2516 client_gizmos=0.271ms/396 render_pass_merge=0.000ms/17339
[16:57:53] [Test thread/INFO] (MetalLifecycleGameTest) Metal benchmark stall: phase=traversal#3 worst-1% render_frame=260.063ms/25 gpu_frame=173.705ms/25 jvm_gc=37.000ms/12 buffer_create=24.688ms/14300 7.0MiB buffer_map=18.045ms/73209 24.3MiB client_tasks=11.166ms/25 client_tick=8.725ms/13 command_batch=8.173ms/75 6.6MiB client_post_tasks=7.625ms/25 lod_prepare=7.514ms/50 0.0MiB client_packets=2.234ms/25 resource_release=0.468ms/14275 7.2MiB upload_copy=0.371ms/421 9.3MiB acquire=0.324ms/25 submit=0.317ms/25 client_post_render=0.103ms/25 harness_handoff=0.076ms/14 level_end_frame=0.074ms/25 client_pre_frame=0.071ms/25 arena_wait=0.012ms/25 client_pre_render=0.012ms/25 client_gizmos=0.011ms/13 present=0.008ms/25 task_drain=0.003ms/25 render_pass_merge=0.000ms/155
[16:57:53] [Test thread/INFO] (MetalLifecycleGameTest) Metal benchmark stall: phase=traversal#3 tasks total=0.000ms/0
[16:57:53] [Test thread/INFO] (MetalLifecycleGameTest) Metal benchmark stall: phase=traversal#3 gpuPassSpans sumOfSpans=45985.327ms/27529 MetalCraft shader: shadow_terrain=10514.406ms/2546 Immediate draw with minecraft:pipeline/entity_translucent=6966.238ms/2546 MetalCraft shader: grade=6581.293ms/2546 (depth clear)=6109.889ms/5092 Section layers for opaque=5934.468ms/2546 Section layers for translucent=5681.580ms/2126 Immediate draw with minecraft:pipeline/entity_cutout=1784.208ms/1049 Immediate draw with minecraft:pipeline/eyes=937.887ms/420 Immediate draw with minecraft:pipeline/item_cutout=834.574ms/545 Sky disc=327.911ms/2546 GUI before blur=225.481ms/2546 Clouds=51.509ms/21
[16:57:53] [Test thread/INFO] (MetalLifecycleGameTest) Metal benchmark stall: phase=traversal#3 frame=2347 intervalMs=19.530 cpuMs=9.859 outsideLoopMs=0.049 render_frame=9.909ms/1 gpu_frame=7.498ms/1 client_tasks=6.809ms/1 client_tick=2.478ms/1 buffer_create=1.121ms/632 0.1MiB buffer_map=0.513ms/2981 0.9MiB command_batch=0.309ms/3 0.2MiB client_post_tasks=0.280ms/1 lod_prepare=0.207ms/2 upload_copy=0.064ms/98 1.9MiB resource_release=0.022ms/631 0.1MiB acquire=0.019ms/1 submit=0.014ms/1 harness_handoff=0.005ms/1 client_pre_frame=0.003ms/1 client_post_render=0.003ms/1 level_end_frame=0.002ms/1 client_gizmos=0.001ms/1 arena_wait=0.001ms/1 client_packets=0.000ms/1 present=0.000ms/1 client_pre_render=0.000ms/1 task_drain=0.000ms/1 render_pass_merge=0.000ms/6 unphasedMs=-0.003
[16:57:53] [Test thread/INFO] (MetalLifecycleGameTest) Metal benchmark stall: phase=traversal#3 frame=961 intervalMs=13.328 cpuMs=8.583 outsideLoopMs=0.041 render_frame=8.633ms/1 gpu_frame=6.428ms/1 client_post_tasks=4.137ms/1 jvm_gc=4.000ms/1 buffer_create=0.944ms/601 0.1MiB buffer_map=0.549ms/3434 1.1MiB client_tick=0.469ms/1 command_batch=0.405ms/3 0.3MiB lod_prepare=0.230ms/2 client_tasks=0.044ms/1 acquire=0.021ms/1 resource_release=0.021ms/603 0.6MiB submit=0.012ms/1 harness_handoff=0.005ms/2 upload_copy=0.004ms/2 0.0MiB client_post_render=0.004ms/1 level_end_frame=0.003ms/1 client_pre_frame=0.001ms/1 client_gizmos=0.001ms/1 client_packets=0.001ms/1 client_pre_render=0.000ms/1 arena_wait=0.000ms/1 present=0.000ms/1 task_drain=0.000ms/1 render_pass_merge=0.000ms/6 unphasedMs=-0.004
[16:57:53] [Test thread/INFO] (MetalLifecycleGameTest) Metal benchmark stall: phase=traversal#3 frame=1165 intervalMs=13.038 cpuMs=12.925 outsideLoopMs=0.052 render_frame=12.982ms/1 gpu_frame=6.484ms/1 lod_prepare=3.244ms/2 jvm_gc=3.000ms/1 buffer_create=0.989ms/562 0.1MiB buffer_map=0.510ms/3017 1.0MiB command_batch=0.364ms/3 0.3MiB submit=0.019ms/1 resource_release=0.019ms/562 0.1MiB acquire=0.011ms/1 upload_copy=0.005ms/5 0.0MiB client_post_render=0.005ms/1 level_end_frame=0.004ms/1 client_pre_frame=0.003ms/1 present=0.001ms/1 client_pre_render=0.001ms/1 arena_wait=0.000ms/1 client_packets=0.000ms/1 client_tasks=0.000ms/1 task_drain=0.000ms/1 client_post_tasks=0.000ms/1 render_pass_merge=0.000ms/6 unphasedMs=-0.004
[16:57:53] [Test thread/INFO] (MetalLifecycleGameTest) Metal benchmark stall: phase=traversal#3 frame=2490 intervalMs=12.760 cpuMs=12.633 outsideLoopMs=0.070 render_frame=12.684ms/1 gpu_frame=7.460ms/1 jvm_gc=3.000ms/1 buffer_create=1.014ms/615 0.2MiB buffer_map=0.487ms/2960 1.0MiB command_batch=0.301ms/3 0.2MiB lod_prepare=0.204ms/2 submit=0.014ms/1 acquire=0.012ms/1 resource_release=0.012ms/613 0.1MiB upload_copy=0.005ms/2 0.0MiB client_post_render=0.005ms/1 level_end_frame=0.004ms/1 client_pre_frame=0.004ms/1 client_tasks=0.001ms/1 present=0.001ms/1 client_pre_render=0.000ms/1 arena_wait=0.000ms/1 client_post_tasks=0.000ms/1 client_packets=0.000ms/1 task_drain=0.000ms/1 render_pass_merge=0.000ms/6 unphasedMs=-0.004
[16:57:53] [Test thread/INFO] (MetalLifecycleGameTest) Metal benchmark stall: phase=traversal#3 frame=2278 intervalMs=12.411 cpuMs=12.266 outsideLoopMs=0.043 render_frame=12.302ms/1 gpu_frame=7.317ms/1 jvm_gc=4.000ms/1 buffer_create=1.174ms/626 0.1MiB buffer_map=0.488ms/2999 0.9MiB command_batch=0.298ms/3 0.2MiB lod_prepare=0.106ms/2 client_packets=0.062ms/1 resource_release=0.012ms/626 0.1MiB submit=0.012ms/1 acquire=0.007ms/1 client_post_render=0.004ms/1 level_end_frame=0.003ms/1 upload_copy=0.003ms/2 0.0MiB client_pre_frame=0.003ms/1 client_pre_render=0.000ms/1 present=0.000ms/1 arena_wait=0.000ms/1 client_tasks=0.000ms/1 client_post_tasks=0.000ms/1 task_drain=0.000ms/1 render_pass_merge=0.000ms/6 unphasedMs=-0.004
[16:57:53] [Test thread/INFO] (MetalLifecycleGameTest) Metal benchmark stall: phase=traversal#3 frame=1631 intervalMs=12.387 cpuMs=11.461 outsideLoopMs=0.042 render_frame=11.505ms/1 gpu_frame=6.590ms/1 jvm_gc=3.000ms/1 buffer_create=0.922ms/527 0.1MiB buffer_map=0.463ms/2703 0.9MiB client_tick=0.461ms/1 client_post_tasks=0.322ms/1 command_batch=0.308ms/3 0.2MiB lod_prepare=0.183ms/2 client_tasks=0.054ms/1 acquire=0.014ms/1 submit=0.014ms/1 resource_release=0.012ms/527 0.1MiB harness_handoff=0.007ms/1 upload_copy=0.005ms/2 0.0MiB client_post_render=0.004ms/1 level_end_frame=0.003ms/1 client_pre_frame=0.002ms/1 arena_wait=0.001ms/1 client_gizmos=0.001ms/1 client_packets=0.000ms/1 client_pre_render=0.000ms/1 present=0.000ms/1 task_drain=0.000ms/1 render_pass_merge=0.000ms/6 unphasedMs=-0.004
[16:57:53] [Test thread/INFO] (MetalLifecycleGameTest) Metal benchmark stall: phase=traversal#3 frame=2478 intervalMs=11.795 cpuMs=11.617 outsideLoopMs=0.046 render_frame=11.666ms/1 gpu_frame=7.645ms/1 jvm_gc=3.000ms/1 buffer_create=1.171ms/613 0.1MiB buffer_map=0.494ms/2958 0.9MiB command_batch=0.293ms/3 0.2MiB lod_prepare=0.123ms/2 client_packets=0.079ms/1 submit=0.016ms/1 resource_release=0.013ms/613 0.1MiB acquire=0.007ms/1 client_post_render=0.004ms/1 level_end_frame=0.004ms/1 upload_copy=0.003ms/2 0.0MiB client_pre_frame=0.003ms/1 present=0.001ms/1 client_pre_render=0.001ms/1 arena_wait=0.000ms/1 client_post_tasks=0.000ms/1 client_tasks=0.000ms/1 task_drain=0.000ms/1 render_pass_merge=0.000ms/6 unphasedMs=-0.004
[16:57:53] [Test thread/INFO] (MetalLifecycleGameTest) Metal benchmark stall: phase=traversal#3 frame=1843 intervalMs=11.754 cpuMs=11.643 outsideLoopMs=0.063 render_frame=11.685ms/1 gpu_frame=7.054ms/1 buffer_map=3.467ms/2916 0.9MiB jvm_gc=3.000ms/1 buffer_create=0.920ms/578 0.6MiB command_batch=0.329ms/3 0.3MiB lod_prepare=0.148ms/2 resource_release=0.020ms/578 0.6MiB submit=0.012ms/1 acquire=0.008ms/1 client_pre_frame=0.004ms/1 client_post_render=0.004ms/1 level_end_frame=0.003ms/1 upload_copy=0.003ms/2 0.0MiB client_pre_render=0.000ms/1 arena_wait=0.000ms/1 present=0.000ms/1 client_packets=0.000ms/1 client_tasks=0.000ms/1 client_post_tasks=0.000ms/1 task_drain=0.000ms/1 render_pass_merge=0.000ms/6 unphasedMs=-0.003
[16:57:53] [Test thread/INFO] (MetalLifecycleGameTest) Metal benchmark result: backend=Metal arch=aarch64 maxHeapMiB=16384 gc=G1 Young Generation+G1 Concurrent GC+G1 Old Generation resolution=3840x2104 drawable=3840x2104 renderDistance=16 simulationDistance=16 seed=metalcraft site=-1536,173,-128 roughness=32.938 flatFrameFraction=0.861 loadedChunkFraction=1.000 visibleSections=973
[16:57:53] [Test thread/INFO] (MetalLifecycleGameTest) Metal benchmark result: phase=stationary#1 frames=4149 seconds=19.9 avgFps=209.0 onePercentLow=140.0 pointOnePercentLow=114.5 p50CpuMs=4.529 p95CpuMs=5.159 p99CpuMs=5.539 p50IntervalMs=4.595 p99IntervalMs=6.339 worstIntervalMs=9.653 p50AcquireMs=0.007 p99AcquireMs=0.017 p50OutsideLoopMs=0.034 p99OutsideLoopMs=0.061
[16:57:53] [Test thread/INFO] (MetalLifecycleGameTest) Metal benchmark result: phase=pan#1 frames=4486 seconds=19.8 avgFps=226.1 onePercentLow=134.8 pointOnePercentLow=117.5 p50CpuMs=4.075 p95CpuMs=5.499 p99CpuMs=6.136 p50IntervalMs=4.175 p99IntervalMs=6.953 worstIntervalMs=9.142 p50AcquireMs=0.007 p99AcquireMs=0.016 p50OutsideLoopMs=0.038 p99OutsideLoopMs=0.073
[16:57:53] [Test thread/INFO] (MetalLifecycleGameTest) Metal benchmark result: phase=traversal#1 frames=2587 seconds=19.8 avgFps=130.5 onePercentLow=82.2 pointOnePercentLow=74.6 p50CpuMs=7.653 p95CpuMs=8.815 p99CpuMs=9.637 p50IntervalMs=7.791 p99IntervalMs=10.979 worstIntervalMs=13.482 p50AcquireMs=0.009 p99AcquireMs=0.019 p50OutsideLoopMs=0.051 p99OutsideLoopMs=0.089
[16:57:53] [Test thread/INFO] (MetalLifecycleGameTest) Metal benchmark result: phase=stationary#2 frames=3346 seconds=19.8 avgFps=168.8 onePercentLow=115.4 pointOnePercentLow=93.2 p50CpuMs=5.626 p95CpuMs=6.312 p99CpuMs=6.706 p50IntervalMs=5.700 p99IntervalMs=7.588 worstIntervalMs=12.014 p50AcquireMs=0.008 p99AcquireMs=0.016 p50OutsideLoopMs=0.039 p99OutsideLoopMs=0.065
[16:57:53] [Test thread/INFO] (MetalLifecycleGameTest) Metal benchmark result: phase=pan#2 frames=3633 seconds=19.8 avgFps=183.3 onePercentLow=103.9 pointOnePercentLow=60.4 p50CpuMs=5.051 p95CpuMs=6.642 p99CpuMs=7.380 p50IntervalMs=5.164 p99IntervalMs=8.256 worstIntervalMs=29.369 p50AcquireMs=0.008 p99AcquireMs=0.017 p50OutsideLoopMs=0.038 p99OutsideLoopMs=0.071
[16:57:53] [Test thread/INFO] (MetalLifecycleGameTest) Metal benchmark result: phase=traversal#2 frames=2521 seconds=19.8 avgFps=127.2 onePercentLow=82.3 pointOnePercentLow=68.5 p50CpuMs=7.714 p95CpuMs=8.885 p99CpuMs=9.575 p50IntervalMs=7.857 p99IntervalMs=10.562 worstIntervalMs=14.789 p50AcquireMs=0.009 p99AcquireMs=0.018 p50OutsideLoopMs=0.042 p99OutsideLoopMs=0.072
[16:57:53] [Test thread/INFO] (MetalLifecycleGameTest) Metal benchmark result: phase=stationary#3 frames=3222 seconds=19.8 avgFps=162.6 onePercentLow=113.1 pointOnePercentLow=91.8 p50CpuMs=5.849 p95CpuMs=6.545 p99CpuMs=6.916 p50IntervalMs=5.922 p99IntervalMs=7.685 worstIntervalMs=11.480 p50AcquireMs=0.008 p99AcquireMs=0.016 p50OutsideLoopMs=0.037 p99OutsideLoopMs=0.061
[16:57:53] [Test thread/INFO] (MetalLifecycleGameTest) Metal benchmark result: phase=pan#3 frames=3600 seconds=19.8 avgFps=181.7 onePercentLow=117.9 pointOnePercentLow=94.9 p50CpuMs=5.109 p95CpuMs=6.539 p99CpuMs=7.200 p50IntervalMs=5.225 p99IntervalMs=7.981 worstIntervalMs=12.008 p50AcquireMs=0.008 p99AcquireMs=0.017 p50OutsideLoopMs=0.037 p99OutsideLoopMs=0.070
[16:57:53] [Test thread/INFO] (MetalLifecycleGameTest) Metal benchmark result: phase=traversal#3 frames=2516 seconds=19.8 avgFps=127.0 onePercentLow=86.2 pointOnePercentLow=65.4 p50CpuMs=7.746 p95CpuMs=8.757 p99CpuMs=9.438 p50IntervalMs=7.868 p99IntervalMs=10.438 worstIntervalMs=19.530 p50AcquireMs=0.009 p99AcquireMs=0.017 p50OutsideLoopMs=0.042 p99OutsideLoopMs=0.071
[16:57:53] [Test thread/INFO] (MetalLifecycleGameTest) Metal benchmark summary: phase=stationary repeats=3 medianFps=168.8 minFps=162.6 maxFps=209.0 spreadFps=46.3 spreadPercent=27.4 medianOnePercentLow=115.4 worstIntervalMs=12.014
[16:57:53] [Test thread/INFO] (MetalLifecycleGameTest) Metal benchmark summary: phase=pan repeats=3 medianFps=183.3 minFps=181.7 maxFps=226.1 spreadFps=44.4 spreadPercent=24.2 medianOnePercentLow=117.9 worstIntervalMs=29.369
[16:57:53] [Test thread/INFO] (MetalLifecycleGameTest) Metal benchmark summary: phase=traversal repeats=3 medianFps=127.2 minFps=127.0 maxFps=130.5 spreadFps=3.4 spreadPercent=2.7 medianOnePercentLow=82.3 worstIntervalMs=19.530
[16:57:53] [Test thread/INFO] (MetalLifecycleGameTest) Metal benchmark result written to /Users/jackangione/Desktop/VULKAN SHADERS/run/benchmarks/metalcraft-metal.json
[16:57:53] [Server thread/INFO] (Minecraft) Player516 lost connection: Disconnected
[16:57:53] [Server thread/INFO] (Minecraft) Player516 left the game
[16:57:53] [Server thread/INFO] (Minecraft) Stopping singleplayer server as player logged out
[16:57:53] [Server thread/INFO] (Minecraft) Stopping server
[16:57:53] [Server thread/INFO] (Minecraft) Saving players
[16:57:53] [Server thread/INFO] (Minecraft) Saving worlds
[16:57:53] [Server thread/INFO] (Minecraft) Saving chunks for level 'ServerLevel[New World]'/minecraft:overworld
[16:57:53] [Server thread/INFO] (Minecraft) Saving chunks for level 'ServerLevel[New World]'/minecraft:the_end
[16:57:53] [Server thread/INFO] (Minecraft) Saving chunks for level 'ServerLevel[New World]'/minecraft:the_nether
[16:57:53] [Server thread/INFO] (Minecraft) ThreadedAnvilChunkStorage (world): All chunks are saved
[16:57:53] [Server thread/INFO] (Minecraft) ThreadedAnvilChunkStorage (DIM1): All chunks are saved
[16:57:53] [Server thread/INFO] (Minecraft) ThreadedAnvilChunkStorage (DIM-1): All chunks are saved
[16:57:53] [Server thread/INFO] (Minecraft) ThreadedAnvilChunkStorage: All dimensions are saved
[16:57:54] [Test thread/INFO] (MetalLifecycleGameTest) Metal benchmark: world closed; clean client shutdown requested
[16:57:54] [Render thread/INFO] (WorldGeometryAdapter) Shader pack 'metalcraft-standard' leaves 5 pipeline(s) outside the G-buffer: [minecraft:pipeline/translucent_terrain, minecraft:pipeline/entity_translucent, minecraft:pipeline/item_cutout, minecraft:pipeline/eyes, minecraft:pipeline/lines]
[16:57:54] [Render thread/INFO] (MetalGpuSurface) MetalCraft surface configured: 1708x960 presentMode=IMMEDIATE displaySync=false unlockedFrameRate=true
[16:57:54] [Render thread/INFO] (Minecraft) Stopping!
