[15:05:55] [main/WARN] (FabricLoader/Knot) Class path entries reference missing files: /Users/jackangione/Desktop/VULKAN SHADERS/build/classes/java/main - the game may not load properly!
[15:05:55] [main/INFO] (FabricLoader/GameProvider) Loading Minecraft 26.2 with Fabric Loader 0.19.3
[15:05:55] [main/INFO] (FabricLoader/Mappings) Mappings not present!
[15:05:55] [main/INFO] (FabricLoader) Loading 51 mods:
	- fabric-api 0.157.0+26.2
	- fabric-api-base 2.0.4+ece063239e
	- fabric-api-lookup-api-v1 2.0.17+11e1c9a39e
	- fabric-biome-api-v1 18.0.6+c7bd5b8e9e
	- fabric-block-api-v1 3.0.3+ec56b6019e
	- fabric-block-getter-api-v2 2.0.7+ec56b6019e
	- fabric-client-gametest-api-v1 6.0.0+515ac5339e
	- fabric-command-api-v2 3.1.0+00cb03469e
	- fabric-content-registries-v0 11.3.1+37b1aa249e
	- fabric-convention-tags-v2 4.7.0+1f023a9e9e
	- fabric-crash-report-info-v1 1.0.5+086d547a9e
	- fabric-creative-tab-api-v1 5.0.14+d871b99e9e
	- fabric-data-attachment-api-v1 2.2.18+515ac5339e
	- fabric-data-generation-api-v1 25.5.0+aed122aa9e
	- fabric-debug-api-v1 1.0.2+c792624d9e
	- fabric-dimensions-v1 5.1.11+515ac5339e
	- fabric-entity-events-v1 5.0.5+06488ac19e
	- fabric-events-interaction-v0 5.2.7+515ac5339e
	- fabric-game-rule-api-v1 4.0.8+46a6d00c9e
	- fabric-gametest-api-v1 4.0.21+4a7fa0819e
	- fabric-item-api-v1 14.4.0+49a69a7b9e
	- fabric-key-mapping-api-v1 2.0.5+e2bdee789e
	- fabric-lifecycle-events-v1 4.1.3+4575b05f9e
	- fabric-loot-api-v3 3.0.17+06488ac19e
	- fabric-menu-api-v1 2.0.16+086d547a9e
	- fabric-message-api-v1 7.0.8+bb2ed3f79e
	- fabric-model-loading-api-v1 8.0.16+c80601bb9e
	- fabric-networking-api-v1 6.3.3+72073ef09e
	- fabric-object-builder-api-v1 24.1.0+6fcd5f039e
	- fabric-particles-v1 5.0.18+d1756aa99e
	- fabric-permission-api-v1 1.0.5+e442d8d09e
	- fabric-recipe-api-v1 9.0.20+11e1c9a39e
	- fabric-registry-sync-v0 7.1.0+c7bd5b8e9e
	- fabric-renderer-api-v1 14.1.3+2b0d8a229e
	- fabric-renderer-indigo 9.1.3+2b0d8a229e
	- fabric-rendering-fluids-v1 6.0.4+06488ac19e
	- fabric-rendering-v1 25.3.2+515ac5339e
	- fabric-resource-conditions-api-v1 6.1.0+10e9a28b9e
	- fabric-resource-loader-v0 3.3.20+4fc5413f9e
	- fabric-resource-loader-v1 2.0.13+9edec1269e
	- fabric-screen-api-v1 5.2.0+58e078ad9e
	- fabric-serialization-api-v1 2.0.4+11a26f319e
	- fabric-sound-api-v1 2.0.5+11a26f319e
	- fabric-tag-api-v1 2.1.4+515ac5339e
	- fabric-transfer-api-v1 8.0.12+11dbb7d79e
	- fabric-transitive-access-wideners-v1 8.1.4+67c847259e
	- fabricloader 0.19.3
	- java 25
	- metalcraft 0.2.0-dev.1
	- minecraft 26.2
	- mixinextras 0.5.4
[15:05:55] [main/INFO] (FabricLoader/Mixin) SpongePowered MIXIN Subsystem Version=0.8.7 Source=file:/Users/jackangione/.gradle/caches/modules-2/files-2.1/net.fabricmc/sponge-mixin/0.17.3+mixin.0.8.7/41c4a3984a80f4679e759fb9f495587acc5cdac7/sponge-mixin-0.17.3+mixin.0.8.7.jar Service=Knot/Fabric Env=CLIENT
[15:05:55] [main/INFO] (FabricLoader/Mixin) Compatibility level set to JAVA_25
[15:05:55] [main/INFO] (MetalCraftPreLaunch) MetalCraft direct Metal bridge opened an owned device and command queue: Apple M4 Max (recommended working set: 53084 MiB)
[15:05:55] [main/WARN] (MetalCraftPreLaunch) Direct Metal backend selection is active and experimental; Minecraft's OpenGL crash recovery remains available
[15:05:55] [main/INFO] (FabricLoader/MixinExtras|Service) Initializing MixinExtras via com.llamalad7.mixinextras.service.MixinExtrasServiceImpl(version=0.5.4).
[15:05:56] [Datafixer Bootstrap #0/INFO] (Minecraft) 295 Datafixer optimizations took 121 milliseconds
[15:05:56] [main/WARN] (MacOperatingSystem) Unable to parse version 27.0 to a codename.
[15:05:58] [Render thread/INFO] (Minecraft) Environment: Environment[sessionHost=https://sessionserver.mojang.com, servicesHost=https://api.minecraftservices.com, profilesHost=https://api.mojang.com, name=PROD]
[15:05:58] [Render thread/INFO] (Minecraft) Setting user: Player805
[15:05:58] [Render thread/INFO] (Indigo) [Indigo] Registering Indigo renderer!
[15:05:58] [Download-2/ERROR] (Minecraft) Failed to fetch user properties
com.mojang.authlib.exceptions.InvalidCredentialsException: Status: 401
	at knot//com.mojang.authlib.exceptions.MinecraftClientHttpException.toAuthenticationException(MinecraftClientHttpException.java:70)
	at knot//com.mojang.authlib.yggdrasil.YggdrasilUserApiService.fetchProperties(YggdrasilUserApiService.java:173)
	at knot//net.minecraft.client.Minecraft.lambda$new$1(Minecraft.java:418)
	at java.base/java.util.concurrent.CompletableFuture$AsyncSupply.run(CompletableFuture.java:1789)
	at java.base/java.util.concurrent.ThreadPoolExecutor.runWorker(ThreadPoolExecutor.java:1090)
	at java.base/java.util.concurrent.ThreadPoolExecutor$Worker.run(ThreadPoolExecutor.java:614)
	at java.base/java.lang.Thread.run(Thread.java:1474)
Caused by: MinecraftClientHttpException[type=HTTP_ERROR, status=401, response=ErrorResponse[path=/player/attributes, error=null, errorMessage=null, details=null]]
	at knot//com.mojang.authlib.minecraft.client.MinecraftClient.buildHttpException(MinecraftClient.java:170)
	at knot//com.mojang.authlib.minecraft.client.MinecraftClient.readServiceResponse(MinecraftClient.java:147)
	at knot//com.mojang.authlib.minecraft.client.MinecraftClient.getWithEtag(MinecraftClient.java:81)
	at knot//com.mojang.authlib.minecraft.client.MinecraftClient.get(MinecraftClient.java:65)
	at knot//com.mojang.authlib.yggdrasil.YggdrasilUserApiService.fetchProperties(YggdrasilUserApiService.java:123)
	... 5 more
[15:05:58] [Render thread/ERROR] (Minecraft) Illegal option value 0 for Anisotropic Filtering
[15:05:58] [Render thread/INFO] (Minecraft) Backend library: LWJGL version 3.4.1-snapshot
[15:05:58] [Render thread/WARN] (Minecraft) Graphics backend forced to default by launch argument, in-game preferred graphics backend setting is ignored
[15:05:58] [Render thread/INFO] (Minecraft) Using graphics backend Metal, using drivers: Mac OS X 27.0
[15:05:58] [Render thread/INFO] (Minecraft) Using graphics device: Apple M4 Max (Apple)
[15:05:58] [Render thread/INFO] (Minecraft) Using graphics device extensions: Metal
[15:05:58] [Download-2/INFO] (Minecraft) Could not authorize you against Realms server: java.lang.RuntimeException: Failed to parse into SignedJWT: FabricMC
[15:05:58] [Download-2/ERROR] (Minecraft) Failed to fetch Realms feature flags
com.mojang.realmsclient.exception.RealmsServiceException: Realms authentication error with message 'java.lang.RuntimeException: Failed to parse into SignedJWT: FabricMC'
	at knot//com.mojang.realmsclient.client.RealmsClient.execute(RealmsClient.java:509)
	at knot//com.mojang.realmsclient.client.RealmsClient.fetchFeatureFlags(RealmsClient.java:159)
	at java.base/java.util.concurrent.CompletableFuture$AsyncSupply.run(CompletableFuture.java:1789)
	at java.base/java.util.concurrent.ThreadPoolExecutor.runWorker(ThreadPoolExecutor.java:1090)
	at java.base/java.util.concurrent.ThreadPoolExecutor$Worker.run(ThreadPoolExecutor.java:614)
	at java.base/java.lang.Thread.run(Thread.java:1474)
[15:05:59] [Render thread/INFO] (Minecraft) Reloading ResourceManager: vanilla, fabric-api, fabric-api-base, fabric-api-lookup-api-v1, fabric-biome-api-v1, fabric-block-api-v1, fabric-block-getter-api-v2, fabric-client-gametest-api-v1, fabric-command-api-v2, fabric-content-registries-v0, fabric-convention-tags-v2, fabric-crash-report-info-v1, fabric-creative-tab-api-v1, fabric-data-attachment-api-v1, fabric-data-generation-api-v1, fabric-debug-api-v1, fabric-dimensions-v1, fabric-entity-events-v1, fabric-events-interaction-v0, fabric-game-rule-api-v1, fabric-gametest-api-v1, fabric-item-api-v1, fabric-key-mapping-api-v1, fabric-lifecycle-events-v1, fabric-loot-api-v3, fabric-menu-api-v1, fabric-message-api-v1, fabric-model-loading-api-v1, fabric-networking-api-v1, fabric-object-builder-api-v1, fabric-particles-v1, fabric-permission-api-v1, fabric-recipe-api-v1, fabric-registry-sync-v0, fabric-renderer-api-v1, fabric-renderer-indigo, fabric-rendering-fluids-v1, fabric-rendering-v1, fabric-resource-conditions-api-v1, fabric-resource-loader-v0, fabric-resource-loader-v1, fabric-screen-api-v1, fabric-serialization-api-v1, fabric-sound-api-v1, fabric-tag-api-v1, fabric-transfer-api-v1, fabric-transitive-access-wideners-v1, fabricloader, metalcraft
[15:05:59] [Render thread/INFO] (MetalCraftClient) MetalCraft direct renderer active: Apple / Apple M4 Max using Metal
[15:05:59] [Render thread/WARN] (Minecraft) Failed to find suitable monitor for fullscreen mode
[15:05:59] [Render thread/INFO] (MetalGpuSurface) MetalCraft surface configured: 1708x960 presentMode=IMMEDIATE displaySync=false unlockedFrameRate=true
[15:05:59] [Worker-Main-11/INFO] (Minecraft) Found unifont_pua-17.0.01.hex, loading
[15:05:59] [Worker-Main-3/INFO] (Minecraft) Found unifont_all_no_pua-17.0.01.hex, loading
[15:05:59] [Worker-Main-5/INFO] (Minecraft) Found unifont_jp_patch-17.0.01.hex, loading
[15:05:59] [Render thread/INFO] (MetalGpuSurface) MetalCraft surface configured: 1708x960 presentMode=IMMEDIATE displaySync=false unlockedFrameRate=true
[15:06:01] [Render thread/INFO] (Minecraft) OpenAL initialized on device DENON-AVR
[15:06:01] [Render thread/INFO] (Minecraft) Sound engine started
[15:06:01] [Render thread/INFO] (Minecraft) Created: 512x256x0 minecraft:textures/atlas/particles.png-atlas
[15:06:01] [Render thread/INFO] (Minecraft) Created: 128x128x0 minecraft:textures/atlas/decorated_pot.png-atlas
[15:06:01] [Render thread/INFO] (Minecraft) Created: 2048x1024x0 minecraft:textures/atlas/armor_trims.png-atlas
[15:06:01] [Render thread/INFO] (Minecraft) Created: 512x256x0 minecraft:textures/atlas/paintings.png-atlas
[15:06:01] [Render thread/INFO] (Minecraft) Created: 1024x512x0 minecraft:textures/atlas/shield_patterns.png-atlas
[15:06:01] [Render thread/INFO] (Minecraft) Created: 2048x2048x4 minecraft:textures/atlas/blocks.png-atlas
[15:06:01] [Render thread/INFO] (Minecraft) Created: 512x512x0 minecraft:textures/atlas/chest.png-atlas
[15:06:01] [Render thread/INFO] (Minecraft) Created: 256x128x0 minecraft:textures/atlas/celestials.png-atlas
[15:06:01] [Render thread/INFO] (Minecraft) Created: 1024x512x0 minecraft:textures/atlas/banner_patterns.png-atlas
[15:06:01] [Render thread/INFO] (Minecraft) Created: 1024x512x0 minecraft:textures/atlas/items.png-atlas
[15:06:01] [Render thread/INFO] (Minecraft) Created: 1024x1024x0 minecraft:textures/atlas/gui.png-atlas
[15:06:01] [Render thread/INFO] (Minecraft) Created: 128x64x0 minecraft:textures/atlas/map_decorations.png-atlas
[15:06:01] [Render thread/INFO] (Minecraft) Created: 512x512x0 minecraft:textures/atlas/shulker_boxes.png-atlas
[15:06:01] [Download-2/INFO] (Minecraft) Could not authorize you against Realms server: java.lang.RuntimeException: Failed to parse into SignedJWT: FabricMC
[15:06:01] [Download-2/ERROR] (Minecraft) Couldn't connect to realms
com.mojang.realmsclient.exception.RealmsServiceException: Realms authentication error with message 'java.lang.RuntimeException: Failed to parse into SignedJWT: FabricMC'
	at knot//com.mojang.realmsclient.client.RealmsClient.execute(RealmsClient.java:509)
	at knot//com.mojang.realmsclient.client.RealmsClient.clientCompatible(RealmsClient.java:281)
	at knot//com.mojang.realmsclient.RealmsAvailability.lambda$check$0(RealmsAvailability.java:47)
	at java.base/java.util.concurrent.CompletableFuture$AsyncSupply.run(CompletableFuture.java:1789)
	at java.base/java.util.concurrent.ThreadPoolExecutor.runWorker(ThreadPoolExecutor.java:1090)
	at java.base/java.util.concurrent.ThreadPoolExecutor$Worker.run(ThreadPoolExecutor.java:614)
	at java.base/java.lang.Thread.run(Thread.java:1474)
[15:06:03] [Test thread/INFO] (MetalLifecycleGameTest) Metal lifecycle validation: Metal backend selected
[15:06:03] [Render thread/INFO] (ShaderPackRuntime) Loaded MetalCraft shader pack 'MetalCraft Standard': 3 pass(es), 4 target(s), 18 option(s), 6558720 bytes
[15:06:03] [Render thread/INFO] (MetalGpuSurface) MetalCraft surface configured: 1708x960 presentMode=IMMEDIATE displaySync=false unlockedFrameRate=true
[15:06:04] [Render thread/INFO] (Minecraft) Loaded 1585 recipes
[15:06:04] [Render thread/INFO] (Minecraft) Loaded 1688 advancements
[15:06:04] [Render thread/INFO] (fabric-client-gametest-api-v1) World loading finished: null screen: net.minecraft.client.gui.screens.GenericMessageScreen@48e0d0dc
[15:06:04] [Render thread/INFO] (BiomeModificationImpl) Applied 0 biome modifications to 0 of 66 new biomes in 649.5 μs
[15:06:04] [Server thread/INFO] (Minecraft) Starting integrated minecraft server version 26.2
[15:06:04] [Server thread/INFO] (Minecraft) Generating keypair
[15:06:04] [Server thread/INFO] (Minecraft) Selecting global world spawn...
[15:06:05] [Server thread/INFO] (Minecraft) Loading 0 persistent chunks...
[15:06:05] [Server thread/INFO] (Minecraft) Preparing spawn area: 16%
[15:06:05] [Server thread/INFO] (Minecraft) Saving chunks for level 'ServerLevel[New World]'/minecraft:overworld
[15:06:05] [Server thread/INFO] (Minecraft) Saving chunks for level 'ServerLevel[New World]'/minecraft:the_nether
[15:06:05] [Server thread/INFO] (Minecraft) Saving chunks for level 'ServerLevel[New World]'/minecraft:the_end
[15:06:05] [Server thread/INFO] (Minecraft) ThreadedAnvilChunkStorage (world): All chunks are saved
[15:06:05] [Server thread/INFO] (Minecraft) ThreadedAnvilChunkStorage (DIM-1): All chunks are saved
[15:06:05] [Server thread/INFO] (Minecraft) ThreadedAnvilChunkStorage (DIM1): All chunks are saved
[15:06:05] [Server thread/INFO] (Minecraft) ThreadedAnvilChunkStorage: All dimensions are saved
[15:06:05] [Render thread/INFO] (fabric-client-gametest-api-v1) World loading finished: null screen: net.minecraft.client.gui.screens.LevelLoadingScreen@4976a24e
[15:06:05] [Render thread/INFO] (fabric-client-gametest-api-v1) World loading finished: null screen: net.minecraft.client.gui.screens.LevelLoadingScreen@4976a24e
[15:06:05] [Render thread/INFO] (fabric-client-gametest-api-v1) World loading finished: null screen: net.minecraft.client.gui.screens.LevelLoadingScreen@4976a24e
[15:06:05] [Render thread/INFO] (fabric-client-gametest-api-v1) World loading finished: null screen: net.minecraft.client.gui.screens.LevelLoadingScreen@4976a24e
[15:06:06] [Render thread/INFO] (fabric-client-gametest-api-v1) World loading finished: null screen: net.minecraft.client.gui.screens.LevelLoadingScreen@4976a24e
[15:06:06] [Render thread/INFO] (fabric-client-gametest-api-v1) World loading finished: null screen: net.minecraft.client.gui.screens.LevelLoadingScreen@4976a24e
[15:06:06] [Render thread/INFO] (fabric-client-gametest-api-v1) World loading finished: null screen: net.minecraft.client.gui.screens.LevelLoadingScreen@4976a24e
[15:06:06] [Render thread/INFO] (fabric-client-gametest-api-v1) World loading finished: null screen: net.minecraft.client.gui.screens.LevelLoadingScreen@4976a24e
[15:06:06] [Render thread/INFO] (fabric-client-gametest-api-v1) World loading finished: null screen: net.minecraft.client.gui.screens.LevelLoadingScreen@4976a24e
[15:06:06] [Render thread/INFO] (fabric-client-gametest-api-v1) World loading finished: null screen: net.minecraft.client.gui.screens.LevelLoadingScreen@4976a24e
[15:06:06] [Render thread/INFO] (fabric-client-gametest-api-v1) World loading finished: null screen: net.minecraft.client.gui.screens.LevelLoadingScreen@4976a24e
[15:06:06] [Server thread/INFO] (Minecraft) Loading 47 chunks for player spawn...
[15:06:06] [Server thread/INFO] (Minecraft) Preparing spawn area: 16%
[15:06:06] [Render thread/INFO] (fabric-client-gametest-api-v1) World loading finished: null screen: net.minecraft.client.gui.screens.LevelLoadingScreen@4976a24e
[15:06:06] [Server thread/INFO] (Minecraft) Preparing spawn area: 16%
[15:06:06] [Render thread/INFO] (fabric-client-gametest-api-v1) World loading finished: null screen: net.minecraft.client.gui.screens.LevelLoadingScreen@4976a24e
[15:06:06] [Server thread/INFO] (Minecraft) Preparing spawn area: 16%
[15:06:06] [Render thread/INFO] (fabric-client-gametest-api-v1) World loading finished: null screen: net.minecraft.client.gui.screens.LevelLoadingScreen@4976a24e
[15:06:06] [Render thread/INFO] (fabric-client-gametest-api-v1) World loading finished: null screen: net.minecraft.client.gui.screens.LevelLoadingScreen@4976a24e
[15:06:06] [Render thread/INFO] (fabric-client-gametest-api-v1) World loading finished: null screen: net.minecraft.client.gui.screens.LevelLoadingScreen@4976a24e
[15:06:06] [Render thread/INFO] (fabric-client-gametest-api-v1) World loading finished: null screen: net.minecraft.client.gui.screens.LevelLoadingScreen@4976a24e
[15:06:06] [Render thread/INFO] (fabric-client-gametest-api-v1) World loading finished: null screen: net.minecraft.client.gui.screens.LevelLoadingScreen@4976a24e
[15:06:06] [Render thread/INFO] (fabric-client-gametest-api-v1) World loading finished: null screen: net.minecraft.client.gui.screens.LevelLoadingScreen@4976a24e
[15:06:06] [Render thread/INFO] (fabric-client-gametest-api-v1) World loading finished: null screen: net.minecraft.client.gui.screens.LevelLoadingScreen@4976a24e
[15:06:06] [Server thread/INFO] (Minecraft) Preparing spawn area: 57%
[15:06:06] [Render thread/INFO] (fabric-client-gametest-api-v1) World loading finished: null screen: net.minecraft.client.gui.screens.LevelLoadingScreen@4976a24e
[15:06:06] [Render thread/INFO] (fabric-client-gametest-api-v1) World loading finished: null screen: net.minecraft.client.gui.screens.LevelLoadingScreen@4976a24e
[15:06:06] [Render thread/INFO] (fabric-client-gametest-api-v1) World loading finished: null screen: net.minecraft.client.gui.screens.LevelLoadingScreen@4976a24e
[15:06:06] [Render thread/INFO] (fabric-client-gametest-api-v1) World loading finished: null screen: net.minecraft.client.gui.screens.LevelLoadingScreen@4976a24e
[15:06:07] [Render thread/INFO] (fabric-client-gametest-api-v1) World loading finished: null screen: net.minecraft.client.gui.screens.LevelLoadingScreen@4976a24e
[15:06:07] [Render thread/INFO] (fabric-client-gametest-api-v1) World loading finished: null screen: net.minecraft.client.gui.screens.LevelLoadingScreen@4976a24e
[15:06:07] [Render thread/INFO] (fabric-client-gametest-api-v1) World loading finished: null screen: net.minecraft.client.gui.screens.LevelLoadingScreen@4976a24e
[15:06:07] [Render thread/INFO] (fabric-client-gametest-api-v1) World loading finished: null screen: net.minecraft.client.gui.screens.LevelLoadingScreen@4976a24e
[15:06:07] [Server thread/INFO] (Minecraft) Time elapsed: 2417 ms
[15:06:07] [Render thread/INFO] (fabric-client-gametest-api-v1) World loading finished: null screen: net.minecraft.client.gui.screens.LevelLoadingScreen@4976a24e
[15:06:07] [Server thread/INFO] (Minecraft) Player805[local:E:352a0de6] logged in with entity id 41 at (-5.5, 67.0, 9.5)
[15:06:07] [Server thread/INFO] (Minecraft) Player805 joined the game
[15:06:07] [Server thread/INFO] (Minecraft) Changing view distance to 16, from 10
[15:06:07] [Server thread/INFO] (Minecraft) Changing simulation distance to 16, from 0
[15:06:07] [Render thread/INFO] (fabric-client-gametest-api-v1) World loading finished: ClientLevel screen: net.minecraft.client.gui.screens.LevelLoadingScreen@4976a24e
[15:06:07] [Download-2/ERROR] (Minecraft) Failed to retrieve profile key pair
MinecraftClientHttpException[type=HTTP_ERROR, status=401, response=ErrorResponse[path=/player/certificates, error=null, errorMessage=null, details=null]]
	at knot//com.mojang.authlib.minecraft.client.MinecraftClient.buildHttpException(MinecraftClient.java:170)
	at knot//com.mojang.authlib.minecraft.client.MinecraftClient.readServiceResponse(MinecraftClient.java:147)
	at knot//com.mojang.authlib.minecraft.client.MinecraftClient.post(MinecraftClient.java:89)
	at knot//com.mojang.authlib.yggdrasil.YggdrasilUserApiService.getKeyPair(YggdrasilUserApiService.java:62)
	at knot//net.minecraft.client.multiplayer.AccountProfileKeyPairManager.fetchProfileKeyPair(AccountProfileKeyPairManager.java:119)
	at knot//net.minecraft.client.multiplayer.AccountProfileKeyPairManager.lambda$readOrFetchProfileKeyPair$0(AccountProfileKeyPairManager.java:72)
	at java.base/java.util.concurrent.CompletableFuture$AsyncSupply.run(CompletableFuture.java:1789)
	at java.base/java.util.concurrent.ThreadPoolExecutor.runWorker(ThreadPoolExecutor.java:1090)
	at java.base/java.util.concurrent.ThreadPoolExecutor$Worker.run(ThreadPoolExecutor.java:614)
	at java.base/java.lang.Thread.run(Thread.java:1474)
[15:06:09] [Render thread/INFO] (Minecraft) Resizing Dynamic Transforms UBO, capacity limit of 2 reached during a single frame. New capacity will be 4.
[15:06:09] [Render thread/INFO] (Minecraft) Loaded 2 advancements
[15:06:09] [Render thread/INFO] (fabric-client-gametest-api-v1) World loading finished: ClientLevel screen: net.minecraft.client.gui.screens.LevelLoadingScreen@4976a24e
[15:06:09] [Render thread/INFO] (Minecraft) Resizing Dynamic Transforms UBO, capacity limit of 4 reached during a single frame. New capacity will be 8.
[15:06:09] [Render thread/INFO] (fabric-client-gametest-api-v1) World loading finished: ClientLevel screen: net.minecraft.client.gui.screens.LevelLoadingScreen@4976a24e
[15:06:09] [Render thread/INFO] (Minecraft) Resizing Dynamic Transforms UBO, capacity limit of 8 reached during a single frame. New capacity will be 16.
[15:06:09] [Render thread/INFO] (fabric-client-gametest-api-v1) World loading finished: ClientLevel screen: net.minecraft.client.gui.screens.LevelLoadingScreen@4976a24e
[15:06:09] [Render thread/INFO] (fabric-client-gametest-api-v1) World loading finished: ClientLevel screen: net.minecraft.client.gui.screens.LevelLoadingScreen@4976a24e
[15:06:09] [Render thread/INFO] (Minecraft) Resizing Chunk Sections UBO, capacity limit of 2 reached during a single frame. New capacity will be 8.
[15:06:09] [Render thread/INFO] (fabric-client-gametest-api-v1) World loading finished: ClientLevel screen: net.minecraft.client.gui.screens.LevelLoadingScreen@4976a24e
[15:06:09] [Render thread/INFO] (Minecraft) Resizing Chunk Sections UBO, capacity limit of 8 reached during a single frame. New capacity will be 16.
[15:06:09] [Render thread/INFO] (fabric-client-gametest-api-v1) World loading finished: ClientLevel screen: net.minecraft.client.gui.screens.LevelLoadingScreen@4976a24e
[15:06:09] [Render thread/INFO] (Minecraft) Resizing Chunk Sections UBO, capacity limit of 16 reached during a single frame. New capacity will be 32.
[15:06:09] [Render thread/INFO] (fabric-client-gametest-api-v1) World loading finished: ClientLevel screen: net.minecraft.client.gui.screens.LevelLoadingScreen@4976a24e
[15:06:09] [Render thread/INFO] (fabric-client-gametest-api-v1) World loading finished: ClientLevel screen: net.minecraft.client.gui.screens.LevelLoadingScreen@4976a24e
[15:06:09] [Render thread/INFO] (fabric-client-gametest-api-v1) World loading finished: ClientLevel screen: net.minecraft.client.gui.screens.LevelLoadingScreen@4976a24e
[15:06:09] [Render thread/INFO] (fabric-client-gametest-api-v1) World loading finished: ClientLevel screen: net.minecraft.client.gui.screens.LevelLoadingScreen@4976a24e
[15:06:09] [Render thread/INFO] (fabric-client-gametest-api-v1) World loading finished: ClientLevel screen: net.minecraft.client.gui.screens.LevelLoadingScreen@4976a24e
[15:06:09] [Render thread/INFO] (fabric-client-gametest-api-v1) World loading finished: ClientLevel screen: net.minecraft.client.gui.screens.LevelLoadingScreen@4976a24e
[15:06:09] [Render thread/INFO] (fabric-client-gametest-api-v1) World loading finished: ClientLevel screen: net.minecraft.client.gui.screens.LevelLoadingScreen@4976a24e
[15:06:09] [Render thread/INFO] (fabric-client-gametest-api-v1) World loading finished: ClientLevel screen: net.minecraft.client.gui.screens.LevelLoadingScreen@4976a24e
[15:06:09] [Render thread/INFO] (fabric-client-gametest-api-v1) World loading finished: ClientLevel screen: net.minecraft.client.gui.screens.LevelLoadingScreen@4976a24e
[15:06:09] [Render thread/INFO] (fabric-client-gametest-api-v1) World loading finished: ClientLevel screen: net.minecraft.client.gui.screens.LevelLoadingScreen@4976a24e
[15:06:10] [Render thread/INFO] (fabric-client-gametest-api-v1) World loading finished: ClientLevel screen: null
[15:06:10] [Render thread/INFO] (Minecraft) Resizing Chunk Sections UBO, capacity limit of 32 reached during a single frame. New capacity will be 64.
[15:06:36] [Test thread/INFO] (MetalLifecycleGameTest) Metal benchmark scene: x=-1536 y=173 z=-128 yaw=22.500 roughness=32.938 minimumGroundY=103
[15:06:36] [Server thread/INFO] (Minecraft) Teleported Player805 to -1535.500000, 174.620000, -127.500000
[15:06:36] [Render thread/INFO] (MetalGpuSurface) MetalCraft surface configured: 3840x2104 presentMode=IMMEDIATE displaySync=false unlockedFrameRate=true
[15:06:37] [Render thread/INFO] (Minecraft) [System] [CHAT] [Server: Teleported Player805 to -1535.500000, 174.620000, -127.500000]
[15:06:37] [Render thread/INFO] (MetalGpuSurface) MetalCraft surface configured: 3840x2104 presentMode=IMMEDIATE displaySync=false unlockedFrameRate=true
[15:06:37] [Test thread/WARN] (MetalLifecycleGameTest) Metal benchmark: requested 3840x2160 but the window manager gave 3840x2104; results are reported at the achieved size and are not comparable with runs at another size.
[15:06:37] [Test thread/INFO] (MetalLifecycleGameTest) Metal benchmark: rendering at 3840x2104, 16 chunks render distance, 16 chunks simulation distance
[15:06:37] [Render thread/INFO] (Minecraft) Reloading ResourceManager: vanilla, fabric-api, fabric-api-base, fabric-api-lookup-api-v1, fabric-biome-api-v1, fabric-block-api-v1, fabric-block-getter-api-v2, fabric-client-gametest-api-v1, fabric-command-api-v2, fabric-content-registries-v0, fabric-convention-tags-v2, fabric-crash-report-info-v1, fabric-creative-tab-api-v1, fabric-data-attachment-api-v1, fabric-data-generation-api-v1, fabric-debug-api-v1, fabric-dimensions-v1, fabric-entity-events-v1, fabric-events-interaction-v0, fabric-game-rule-api-v1, fabric-gametest-api-v1, fabric-item-api-v1, fabric-key-mapping-api-v1, fabric-lifecycle-events-v1, fabric-loot-api-v3, fabric-menu-api-v1, fabric-message-api-v1, fabric-model-loading-api-v1, fabric-networking-api-v1, fabric-object-builder-api-v1, fabric-particles-v1, fabric-permission-api-v1, fabric-recipe-api-v1, fabric-registry-sync-v0, fabric-renderer-api-v1, fabric-renderer-indigo, fabric-rendering-fluids-v1, fabric-rendering-v1, fabric-resource-conditions-api-v1, fabric-resource-loader-v0, fabric-resource-loader-v1, fabric-screen-api-v1, fabric-serialization-api-v1, fabric-sound-api-v1, fabric-tag-api-v1, fabric-transfer-api-v1, fabric-transitive-access-wideners-v1, fabricloader, metalcraft
[15:06:37] [Server thread/INFO] (Minecraft) Saving and pausing game...
[15:06:37] [Worker-Main-13/INFO] (Minecraft) Found unifont_all_no_pua-17.0.01.hex, loading
[15:06:37] [Worker-Main-2/INFO] (Minecraft) Found unifont_pua-17.0.01.hex, loading
[15:06:38] [Server thread/INFO] (Minecraft) Saving chunks for level 'ServerLevel[New World]'/minecraft:overworld
[15:06:38] [Worker-Main-9/INFO] (Minecraft) Found unifont_jp_patch-17.0.01.hex, loading
[15:06:38] [Server thread/INFO] (Minecraft) Saving chunks for level 'ServerLevel[New World]'/minecraft:the_nether
[15:06:38] [Server thread/INFO] (Minecraft) Saving chunks for level 'ServerLevel[New World]'/minecraft:the_end
[15:06:38] [Render thread/INFO] (WorldGeometryAdapter) Shader pack 'metalcraft-standard' leaves 3 pipeline(s) outside the G-buffer: [minecraft:pipeline/translucent_terrain, minecraft:pipeline/entity_translucent, minecraft:pipeline/lines]
[15:06:38] [Render thread/INFO] (ShaderPackRuntime) Loaded MetalCraft shader pack 'MetalCraft Standard': 3 pass(es), 4 target(s), 18 option(s), 32317440 bytes
[15:06:40] [Render thread/INFO] (ShaderPackRuntime) Loaded MetalCraft shader pack 'MetalCraft Standard': 3 pass(es), 4 target(s), 18 option(s), 32317440 bytes
[15:06:40] [Render thread/INFO] (Minecraft) OpenAL initialized on device DENON-AVR
[15:06:40] [Render thread/INFO] (Minecraft) Sound engine started
[15:06:40] [Render thread/INFO] (Minecraft) Created: 512x256x0 minecraft:textures/atlas/particles.png-atlas
[15:06:40] [Render thread/INFO] (Minecraft) Created: 128x128x0 minecraft:textures/atlas/decorated_pot.png-atlas
[15:06:40] [Render thread/INFO] (Minecraft) Created: 2048x1024x0 minecraft:textures/atlas/armor_trims.png-atlas
[15:06:40] [Render thread/INFO] (Minecraft) Created: 512x256x0 minecraft:textures/atlas/paintings.png-atlas
[15:06:40] [Render thread/INFO] (Minecraft) Created: 1024x512x0 minecraft:textures/atlas/shield_patterns.png-atlas
[15:06:40] [Render thread/INFO] (Minecraft) Created: 4096x4096x4 minecraft:textures/atlas/blocks.png-atlas
[15:06:40] [Render thread/INFO] (Minecraft) Created: 512x512x0 minecraft:textures/atlas/chest.png-atlas
[15:06:40] [Render thread/INFO] (Minecraft) Created: 256x128x0 minecraft:textures/atlas/celestials.png-atlas
[15:06:40] [Render thread/INFO] (Minecraft) Created: 1024x512x0 minecraft:textures/atlas/banner_patterns.png-atlas
[15:06:40] [Render thread/INFO] (Minecraft) Created: 1024x512x0 minecraft:textures/atlas/items.png-atlas
[15:06:40] [Render thread/INFO] (Minecraft) Created: 1024x1024x0 minecraft:textures/atlas/gui.png-atlas
[15:06:40] [Render thread/INFO] (Minecraft) Created: 128x64x0 minecraft:textures/atlas/map_decorations.png-atlas
[15:06:40] [Render thread/INFO] (Minecraft) Created: 512x512x0 minecraft:textures/atlas/shulker_boxes.png-atlas
[15:06:44] [Test thread/INFO] (MetalLifecycleGameTest) Metal benchmark: streaming terrain, 0.119 of the render distance loaded
[15:06:44] [Render thread/INFO] (Minecraft) Resizing Chunk Sections UBO, capacity limit of 64 reached during a single frame. New capacity will be 128.
[15:06:45] [Render thread/INFO] (Minecraft) Resizing Chunk Sections UBO, capacity limit of 128 reached during a single frame. New capacity will be 256.
[15:06:46] [Server thread/WARN] (Minecraft) Can't keep up! Is the server overloaded? Running 33274ms or 665 ticks behind
[15:06:47] [Render thread/INFO] (Minecraft) Resizing Chunk Sections UBO, capacity limit of 256 reached during a single frame. New capacity will be 512.
[15:06:50] [Worker-Main-9/ERROR] (Minecraft) Detected unsafe terrain read during worldgen: reading from chunk [-109, -9] while generating chunk [-108, -11] (distance: 2, write radius: 1), step: minecraft:features, currently generating: ResourceKey[minecraft:worldgen/placed_feature / minecraft:sculk_patch_deep_dark]
[15:06:50] [Worker-Main-9/ERROR] (Minecraft) Detected unsafe terrain read during worldgen: reading from chunk [-109, -9] while generating chunk [-108, -11] (distance: 2, write radius: 1), step: minecraft:features, currently generating: ResourceKey[minecraft:worldgen/placed_feature / minecraft:sculk_patch_deep_dark]
[15:06:50] [Worker-Main-9/ERROR] (Minecraft) Detected unsafe terrain read during worldgen: reading from chunk [-109, -9] while generating chunk [-108, -11] (distance: 2, write radius: 1), step: minecraft:features, currently generating: ResourceKey[minecraft:worldgen/placed_feature / minecraft:sculk_patch_deep_dark]
[15:06:50] [Worker-Main-9/ERROR] (Minecraft) Detected unsafe terrain read during worldgen: reading from chunk [-108, -9] while generating chunk [-108, -11] (distance: 2, write radius: 1), step: minecraft:features, currently generating: ResourceKey[minecraft:worldgen/placed_feature / minecraft:sculk_patch_deep_dark]
[15:06:50] [Worker-Main-9/ERROR] (Minecraft) Detected unsafe terrain read during worldgen: reading from chunk [-108, -9] while generating chunk [-108, -11] (distance: 2, write radius: 1), step: minecraft:features, currently generating: ResourceKey[minecraft:worldgen/placed_feature / minecraft:sculk_patch_deep_dark]
[15:06:50] [Worker-Main-9/ERROR] (Minecraft) Detected unsafe terrain read during worldgen: reading from chunk [-108, -9] while generating chunk [-108, -11] (distance: 2, write radius: 1), step: minecraft:features, currently generating: ResourceKey[minecraft:worldgen/placed_feature / minecraft:sculk_patch_deep_dark]
[15:06:50] [Worker-Main-9/ERROR] (Minecraft) Detected unsafe terrain read during worldgen: reading from chunk [-108, -9] while generating chunk [-108, -11] (distance: 2, write radius: 1), step: minecraft:features, currently generating: ResourceKey[minecraft:worldgen/placed_feature / minecraft:sculk_patch_deep_dark]
[15:06:50] [Worker-Main-9/ERROR] (Minecraft) Detected unsafe terrain read during worldgen: reading from chunk [-108, -9] while generating chunk [-108, -11] (distance: 2, write radius: 1), step: minecraft:features, currently generating: ResourceKey[minecraft:worldgen/placed_feature / minecraft:sculk_patch_deep_dark]
[15:06:50] [Worker-Main-9/ERROR] (Minecraft) Detected unsafe terrain read during worldgen: reading from chunk [-108, -9] while generating chunk [-108, -11] (distance: 2, write radius: 1), step: minecraft:features, currently generating: ResourceKey[minecraft:worldgen/placed_feature / minecraft:sculk_patch_deep_dark]
[15:06:50] [Worker-Main-9/ERROR] (Minecraft) Detected unsafe terrain read during worldgen: reading from chunk [-109, -9] while generating chunk [-108, -11] (distance: 2, write radius: 1), step: minecraft:features, currently generating: ResourceKey[minecraft:worldgen/placed_feature / minecraft:sculk_patch_deep_dark]
[15:06:50] [Worker-Main-9/ERROR] (Minecraft) Detected unsafe terrain read during worldgen: reading from chunk [-109, -9] while generating chunk [-108, -11] (distance: 2, write radius: 1), step: minecraft:features, currently generating: ResourceKey[minecraft:worldgen/placed_feature / minecraft:sculk_patch_deep_dark]
[15:06:50] [Worker-Main-9/ERROR] (Minecraft) Detected unsafe terrain read during worldgen: reading from chunk [-109, -9] while generating chunk [-108, -11] (distance: 2, write radius: 1), step: minecraft:features, currently generating: ResourceKey[minecraft:worldgen/placed_feature / minecraft:sculk_patch_deep_dark]
[15:06:50] [Worker-Main-9/ERROR] (Minecraft) Detected unsafe terrain read during worldgen: reading from chunk [-108, -9] while generating chunk [-108, -11] (distance: 2, write radius: 1), step: minecraft:features, currently generating: ResourceKey[minecraft:worldgen/placed_feature / minecraft:sculk_patch_deep_dark]
[15:06:50] [Worker-Main-9/ERROR] (Minecraft) Detected unsafe terrain read during worldgen: reading from chunk [-108, -9] while generating chunk [-108, -11] (distance: 2, write radius: 1), step: minecraft:features, currently generating: ResourceKey[minecraft:worldgen/placed_feature / minecraft:sculk_patch_deep_dark]
[15:06:50] [Worker-Main-9/ERROR] (Minecraft) Detected unsafe terrain read during worldgen: reading from chunk [-108, -9] while generating chunk [-108, -11] (distance: 2, write radius: 1), step: minecraft:features, currently generating: ResourceKey[minecraft:worldgen/placed_feature / minecraft:sculk_patch_deep_dark]
[15:06:50] [Worker-Main-9/ERROR] (Minecraft) Detected unsafe terrain read during worldgen: reading from chunk [-108, -9] while generating chunk [-108, -11] (distance: 2, write radius: 1), step: minecraft:features, currently generating: ResourceKey[minecraft:worldgen/placed_feature / minecraft:sculk_patch_deep_dark]
[15:06:50] [Worker-Main-9/ERROR] (Minecraft) Detected unsafe terrain read during worldgen: reading from chunk [-108, -9] while generating chunk [-108, -11] (distance: 2, write radius: 1), step: minecraft:features, currently generating: ResourceKey[minecraft:worldgen/placed_feature / minecraft:sculk_patch_deep_dark]
[15:06:50] [Worker-Main-9/ERROR] (Minecraft) Detected unsafe terrain read during worldgen: reading from chunk [-108, -9] while generating chunk [-108, -11] (distance: 2, write radius: 1), step: minecraft:features, currently generating: ResourceKey[minecraft:worldgen/placed_feature / minecraft:sculk_patch_deep_dark]
[15:06:50] [Worker-Main-9/ERROR] (Minecraft) Detected unsafe terrain read during worldgen: reading from chunk [-109, -9] while generating chunk [-108, -11] (distance: 2, write radius: 1), step: minecraft:features, currently generating: ResourceKey[minecraft:worldgen/placed_feature / minecraft:sculk_patch_deep_dark]
[15:06:50] [Worker-Main-9/ERROR] (Minecraft) Detected unsafe terrain read during worldgen: reading from chunk [-109, -9] while generating chunk [-108, -11] (distance: 2, write radius: 1), step: minecraft:features, currently generating: ResourceKey[minecraft:worldgen/placed_feature / minecraft:sculk_patch_deep_dark]
[15:06:50] [Worker-Main-9/ERROR] (Minecraft) Detected unsafe terrain read during worldgen: reading from chunk [-109, -9] while generating chunk [-108, -11] (distance: 2, write radius: 1), step: minecraft:features, currently generating: ResourceKey[minecraft:worldgen/placed_feature / minecraft:sculk_patch_deep_dark]
[15:06:50] [Worker-Main-9/ERROR] (Minecraft) Detected unsafe terrain read during worldgen: reading from chunk [-108, -9] while generating chunk [-108, -11] (distance: 2, write radius: 1), step: minecraft:features, currently generating: ResourceKey[minecraft:worldgen/placed_feature / minecraft:sculk_patch_deep_dark]
[15:06:50] [Worker-Main-9/ERROR] (Minecraft) Detected unsafe terrain read during worldgen: reading from chunk [-108, -9] while generating chunk [-108, -11] (distance: 2, write radius: 1), step: minecraft:features, currently generating: ResourceKey[minecraft:worldgen/placed_feature / minecraft:sculk_patch_deep_dark]
[15:06:50] [Worker-Main-9/ERROR] (Minecraft) Detected unsafe terrain read during worldgen: reading from chunk [-108, -9] while generating chunk [-108, -11] (distance: 2, write radius: 1), step: minecraft:features, currently generating: ResourceKey[minecraft:worldgen/placed_feature / minecraft:sculk_patch_deep_dark]
[15:06:50] [Worker-Main-9/ERROR] (Minecraft) Detected unsafe terrain read during worldgen: reading from chunk [-108, -9] while generating chunk [-108, -11] (distance: 2, write radius: 1), step: minecraft:features, currently generating: ResourceKey[minecraft:worldgen/placed_feature / minecraft:sculk_patch_deep_dark]
[15:06:50] [Worker-Main-9/ERROR] (Minecraft) Detected unsafe terrain read during worldgen: reading from chunk [-108, -9] while generating chunk [-108, -11] (distance: 2, write radius: 1), step: minecraft:features, currently generating: ResourceKey[minecraft:worldgen/placed_feature / minecraft:sculk_patch_deep_dark]
[15:06:50] [Worker-Main-9/ERROR] (Minecraft) Detected unsafe terrain read during worldgen: reading from chunk [-108, -9] while generating chunk [-108, -11] (distance: 2, write radius: 1), step: minecraft:features, currently generating: ResourceKey[minecraft:worldgen/placed_feature / minecraft:sculk_patch_deep_dark]
[15:06:50] [Worker-Main-9/ERROR] (Minecraft) Detected unsafe terrain read during worldgen: reading from chunk [-109, -9] while generating chunk [-108, -11] (distance: 2, write radius: 1), step: minecraft:features, currently generating: ResourceKey[minecraft:worldgen/placed_feature / minecraft:sculk_patch_deep_dark]
[15:06:50] [Worker-Main-9/ERROR] (Minecraft) Detected unsafe terrain read during worldgen: reading from chunk [-109, -9] while generating chunk [-108, -11] (distance: 2, write radius: 1), step: minecraft:features, currently generating: ResourceKey[minecraft:worldgen/placed_feature / minecraft:sculk_patch_deep_dark]
[15:06:50] [Worker-Main-9/ERROR] (Minecraft) Detected unsafe terrain read during worldgen: reading from chunk [-108, -9] while generating chunk [-108, -11] (distance: 2, write radius: 1), step: minecraft:features, currently generating: ResourceKey[minecraft:worldgen/placed_feature / minecraft:sculk_patch_deep_dark]
[15:06:50] [Worker-Main-9/ERROR] (Minecraft) Detected unsafe terrain read during worldgen: reading from chunk [-108, -9] while generating chunk [-108, -11] (distance: 2, write radius: 1), step: minecraft:features, currently generating: ResourceKey[minecraft:worldgen/placed_feature / minecraft:sculk_patch_deep_dark]
[15:06:50] [Worker-Main-9/ERROR] (Minecraft) Detected unsafe terrain read during worldgen: reading from chunk [-108, -9] while generating chunk [-108, -11] (distance: 2, write radius: 1), step: minecraft:features, currently generating: ResourceKey[minecraft:worldgen/placed_feature / minecraft:sculk_patch_deep_dark]
[15:06:50] [Worker-Main-9/ERROR] (Minecraft) Detected unsafe terrain read during worldgen: reading from chunk [-108, -9] while generating chunk [-108, -11] (distance: 2, write radius: 1), step: minecraft:features, currently generating: ResourceKey[minecraft:worldgen/placed_feature / minecraft:sculk_patch_deep_dark]
[15:06:50] [Worker-Main-9/ERROR] (Minecraft) Detected unsafe terrain read during worldgen: reading from chunk [-108, -9] while generating chunk [-108, -11] (distance: 2, write radius: 1), step: minecraft:features, currently generating: ResourceKey[minecraft:worldgen/placed_feature / minecraft:sculk_patch_deep_dark]
[15:06:50] [Worker-Main-9/ERROR] (Minecraft) Detected unsafe terrain read during worldgen: reading from chunk [-108, -9] while generating chunk [-108, -11] (distance: 2, write radius: 1), step: minecraft:features, currently generating: ResourceKey[minecraft:worldgen/placed_feature / minecraft:sculk_patch_deep_dark]
[15:06:50] [Worker-Main-9/ERROR] (Minecraft) Detected unsafe terrain read during worldgen: reading from chunk [-108, -9] while generating chunk [-108, -11] (distance: 2, write radius: 1), step: minecraft:features, currently generating: ResourceKey[minecraft:worldgen/placed_feature / minecraft:sculk_patch_deep_dark]
[15:06:50] [Worker-Main-9/ERROR] (Minecraft) Detected unsafe terrain read during worldgen: reading from chunk [-109, -9] while generating chunk [-108, -11] (distance: 2, write radius: 1), step: minecraft:features, currently generating: ResourceKey[minecraft:worldgen/placed_feature / minecraft:sculk_patch_deep_dark]
[15:06:50] [Worker-Main-9/ERROR] (Minecraft) Detected unsafe terrain read during worldgen: reading from chunk [-109, -9] while generating chunk [-108, -11] (distance: 2, write radius: 1), step: minecraft:features, currently generating: ResourceKey[minecraft:worldgen/placed_feature / minecraft:sculk_patch_deep_dark]
[15:06:50] [Worker-Main-9/ERROR] (Minecraft) Detected unsafe terrain read during worldgen: reading from chunk [-108, -9] while generating chunk [-108, -11] (distance: 2, write radius: 1), step: minecraft:features, currently generating: ResourceKey[minecraft:worldgen/placed_feature / minecraft:sculk_patch_deep_dark]
[15:06:50] [Worker-Main-9/ERROR] (Minecraft) Detected unsafe terrain read during worldgen: reading from chunk [-108, -9] while generating chunk [-108, -11] (distance: 2, write radius: 1), step: minecraft:features, currently generating: ResourceKey[minecraft:worldgen/placed_feature / minecraft:sculk_patch_deep_dark]
[15:06:50] [Worker-Main-9/ERROR] (Minecraft) Detected unsafe terrain read during worldgen: reading from chunk [-108, -9] while generating chunk [-108, -11] (distance: 2, write radius: 1), step: minecraft:features, currently generating: ResourceKey[minecraft:worldgen/placed_feature / minecraft:sculk_patch_deep_dark]
[15:06:50] [Worker-Main-9/ERROR] (Minecraft) Detected unsafe terrain read during worldgen: reading from chunk [-108, -9] while generating chunk [-108, -11] (distance: 2, write radius: 1), step: minecraft:features, currently generating: ResourceKey[minecraft:worldgen/placed_feature / minecraft:sculk_patch_deep_dark]
[15:06:50] [Worker-Main-9/ERROR] (Minecraft) Detected unsafe terrain read during worldgen: reading from chunk [-108, -9] while generating chunk [-108, -11] (distance: 2, write radius: 1), step: minecraft:features, currently generating: ResourceKey[minecraft:worldgen/placed_feature / minecraft:sculk_patch_deep_dark]
[15:06:50] [Worker-Main-9/ERROR] (Minecraft) Detected unsafe terrain read during worldgen: reading from chunk [-108, -9] while generating chunk [-108, -11] (distance: 2, write radius: 1), step: minecraft:features, currently generating: ResourceKey[minecraft:worldgen/placed_feature / minecraft:sculk_patch_deep_dark]
[15:06:50] [Worker-Main-9/ERROR] (Minecraft) Detected unsafe terrain read during worldgen: reading from chunk [-108, -9] while generating chunk [-108, -11] (distance: 2, write radius: 1), step: minecraft:features, currently generating: ResourceKey[minecraft:worldgen/placed_feature / minecraft:sculk_patch_deep_dark]
[15:06:50] [Worker-Main-9/ERROR] (Minecraft) Detected unsafe terrain read during worldgen: reading from chunk [-109, -9] while generating chunk [-108, -11] (distance: 2, write radius: 1), step: minecraft:features, currently generating: ResourceKey[minecraft:worldgen/placed_feature / minecraft:sculk_patch_deep_dark]
[15:06:50] [Worker-Main-9/ERROR] (Minecraft) Detected unsafe terrain read during worldgen: reading from chunk [-109, -9] while generating chunk [-108, -11] (distance: 2, write radius: 1), step: minecraft:features, currently generating: ResourceKey[minecraft:worldgen/placed_feature / minecraft:sculk_patch_deep_dark]
[15:06:50] [Worker-Main-9/ERROR] (Minecraft) Detected unsafe terrain read during worldgen: reading from chunk [-108, -9] while generating chunk [-108, -11] (distance: 2, write radius: 1), step: minecraft:features, currently generating: ResourceKey[minecraft:worldgen/placed_feature / minecraft:sculk_patch_deep_dark]
[15:06:50] [Worker-Main-9/ERROR] (Minecraft) Detected unsafe terrain read during worldgen: reading from chunk [-108, -9] while generating chunk [-108, -11] (distance: 2, write radius: 1), step: minecraft:features, currently generating: ResourceKey[minecraft:worldgen/placed_feature / minecraft:sculk_patch_deep_dark]
[15:06:50] [Worker-Main-9/ERROR] (Minecraft) Detected unsafe terrain read during worldgen: reading from chunk [-108, -9] while generating chunk [-108, -11] (distance: 2, write radius: 1), step: minecraft:features, currently generating: ResourceKey[minecraft:worldgen/placed_feature / minecraft:sculk_patch_deep_dark]
[15:06:50] [Worker-Main-9/ERROR] (Minecraft) Detected unsafe terrain read during worldgen: reading from chunk [-108, -9] while generating chunk [-108, -11] (distance: 2, write radius: 1), step: minecraft:features, currently generating: ResourceKey[minecraft:worldgen/placed_feature / minecraft:sculk_patch_deep_dark]
[15:06:50] [Worker-Main-9/ERROR] (Minecraft) Detected unsafe terrain read during worldgen: reading from chunk [-108, -9] while generating chunk [-108, -11] (distance: 2, write radius: 1), step: minecraft:features, currently generating: ResourceKey[minecraft:worldgen/placed_feature / minecraft:sculk_patch_deep_dark]
[15:06:50] [Worker-Main-9/ERROR] (Minecraft) Detected unsafe terrain read during worldgen: reading from chunk [-108, -9] while generating chunk [-108, -11] (distance: 2, write radius: 1), step: minecraft:features, currently generating: ResourceKey[minecraft:worldgen/placed_feature / minecraft:sculk_patch_deep_dark]
[15:06:50] [Worker-Main-9/ERROR] (Minecraft) Detected unsafe terrain read during worldgen: reading from chunk [-108, -9] while generating chunk [-108, -11] (distance: 2, write radius: 1), step: minecraft:features, currently generating: ResourceKey[minecraft:worldgen/placed_feature / minecraft:sculk_patch_deep_dark]
[15:06:52] [Render thread/INFO] (Minecraft) Resizing Chunk Sections UBO, capacity limit of 512 reached during a single frame. New capacity will be 1024.
[15:07:09] [Test thread/INFO] (MetalLifecycleGameTest) Metal benchmark: phase=streaming frames=5196 seconds=20.1 avgFps=259.1 onePercentLow=87.5 pointOnePercentLow=22.4 p50CpuMs=3.661 p95CpuMs=4.638 p99CpuMs=5.028 p50IntervalMs=3.775 p99IntervalMs=6.054 worstIntervalMs=218.426 p50AcquireMs=0.007 p99AcquireMs=0.019 p50OutsideLoopMs=0.026 p99OutsideLoopMs=0.051
[15:07:09] [Test thread/INFO] (MetalLifecycleGameTest) Metal benchmark stall: phase=streaming whole-phase render_frame=19119.528ms/5196 gpu_frame=17226.490ms/5195 buffer_create=1393.581ms/759238 4430.8MiB buffer_map=1247.462ms/8389041 4382.0MiB command_batch=1096.295ms/10392 916.2MiB client_post_tasks=351.375ms/5196 client_tick=324.484ms/398 jvm_gc=113.000ms/40 client_packets=91.824ms/5196 acquire=43.167ms/5196 resource_release=40.349ms/759066 4424.4MiB submit=40.137ms/5196 client_post_render=22.015ms/5196 client_pre_frame=21.000ms/5196 upload_copy=19.622ms/14541 155.5MiB level_end_frame=13.848ms/5196 lod_prepare=9.035ms/5196 client_pre_render=4.840ms/5196 harness_handoff=3.443ms/487 arena_wait=1.790ms/5196 present=1.786ms/5196 client_tasks=1.571ms/5196 task_drain=0.965ms/5196 client_gizmos=0.365ms/398 render_pass_merge=0.000ms/41567
[15:07:09] [Test thread/INFO] (MetalLifecycleGameTest) Metal benchmark stall: phase=streaming worst-1% render_frame=337.171ms/51 client_post_tasks=223.433ms/51 gpu_frame=190.095ms/56 jvm_gc=113.000ms/33 buffer_map=27.879ms/86799 44.3MiB client_tick=24.757ms/24 buffer_create=15.689ms/8009 42.7MiB command_batch=11.791ms/102 9.4MiB client_packets=1.414ms/51 resource_release=0.787ms/8049 54.1MiB submit=0.668ms/51 acquire=0.620ms/51 upload_copy=0.291ms/168 1.7MiB client_post_render=0.216ms/51 harness_handoff=0.193ms/27 client_pre_frame=0.186ms/51 level_end_frame=0.143ms/51 lod_prepare=0.073ms/51 client_pre_render=0.042ms/51 arena_wait=0.034ms/51 present=0.032ms/51 client_gizmos=0.025ms/24 client_tasks=0.013ms/51 task_drain=0.008ms/51 render_pass_merge=0.000ms/408
[15:07:09] [Test thread/INFO] (MetalLifecycleGameTest) Metal benchmark stall: phase=streaming tasks total=0.000ms/0
[15:07:09] [Test thread/INFO] (MetalLifecycleGameTest) Metal benchmark stall: phase=streaming gpuPassSpans sumOfSpans=58993.604ms/60476 Section layers for opaque=8215.111ms/5225 MetalCraft shader: shadow_terrain=8188.023ms/5225 Immediate draw with minecraft:pipeline/entity_translucent=7823.203ms/5225 MetalCraft shader: grade=7347.922ms/5225 Section layers for translucent=6965.739ms/5225 (depth clear)=6637.653ms/10450 Immediate draw with minecraft:pipeline/entity_cutout=6313.947ms/5225 Immediate draw with minecraft:pipeline/item_cutout=5720.351ms/5225 Sky disc=1280.460ms/5225 GUI before blur=463.373ms/5225 Animate minecraft:textures/atlas/blocks.png=27.489ms/2000 Animate minecraft:textures/atlas/particles.png=3.665ms/400
[15:07:09] [Test thread/INFO] (MetalLifecycleGameTest) Metal benchmark stall: phase=streaming frame=831 intervalMs=218.426 cpuMs=3.286 outsideLoopMs=0.026 client_post_tasks=214.341ms/1 render_frame=3.342ms/1 gpu_frame=2.898ms/1 client_tick=0.709ms/1 buffer_create=0.183ms/87 0.0MiB buffer_map=0.181ms/1139 0.7MiB command_batch=0.161ms/2 0.1MiB acquire=0.025ms/1 resource_release=0.015ms/87 0.0MiB submit=0.013ms/1 upload_copy=0.007ms/2 0.0MiB client_pre_frame=0.005ms/1 client_post_render=0.005ms/1 lod_prepare=0.003ms/1 level_end_frame=0.002ms/1 arena_wait=0.001ms/1 client_gizmos=0.001ms/1 client_pre_render=0.001ms/1 present=0.000ms/1 client_packets=0.000ms/1 client_tasks=0.000ms/1 task_drain=0.000ms/1 render_pass_merge=0.000ms/8 unphasedMs=-0.004
[15:07:09] [Test thread/INFO] (MetalLifecycleGameTest) Metal benchmark stall: phase=streaming frame=2672 intervalMs=10.489 cpuMs=4.321 outsideLoopMs=0.021 client_tick=5.800ms/1 jvm_gc=5.000ms/1 render_frame=4.376ms/1 gpu_frame=3.310ms/1 buffer_create=0.299ms/144 0.0MiB client_post_tasks=0.285ms/1 buffer_map=0.275ms/1697 0.9MiB command_batch=0.238ms/2 0.2MiB acquire=0.026ms/1 submit=0.012ms/1 resource_release=0.010ms/144 0.0MiB harness_handoff=0.009ms/2 upload_copy=0.005ms/2 0.0MiB client_pre_frame=0.004ms/1 client_post_render=0.003ms/1 level_end_frame=0.003ms/1 client_gizmos=0.002ms/1 arena_wait=0.001ms/1 lod_prepare=0.001ms/1 present=0.000ms/1 client_pre_render=0.000ms/1 client_packets=0.000ms/1 client_tasks=0.000ms/1 task_drain=0.000ms/1 render_pass_merge=0.000ms/8 unphasedMs=-0.003
[15:07:09] [Test thread/INFO] (MetalLifecycleGameTest) Metal benchmark stall: phase=streaming frame=4558 intervalMs=10.469 cpuMs=10.409 outsideLoopMs=0.023 render_frame=10.442ms/1 jvm_gc=6.000ms/1 gpu_frame=3.720ms/1 buffer_create=0.371ms/219 1.0MiB buffer_map=0.298ms/2151 1.0MiB command_batch=0.246ms/2 0.2MiB resource_release=0.012ms/219 1.0MiB submit=0.010ms/1 acquire=0.007ms/1 upload_copy=0.005ms/9 0.1MiB client_post_render=0.004ms/1 level_end_frame=0.003ms/1 client_pre_frame=0.002ms/1 client_pre_render=0.001ms/1 lod_prepare=0.001ms/1 arena_wait=0.000ms/1 client_packets=0.000ms/1 present=0.000ms/1 client_tasks=0.000ms/1 task_drain=0.000ms/1 client_post_tasks=0.000ms/1 render_pass_merge=0.000ms/8 unphasedMs=-0.003
[15:07:09] [Test thread/INFO] (MetalLifecycleGameTest) Metal benchmark stall: phase=streaming frame=3318 intervalMs=10.120 cpuMs=9.905 outsideLoopMs=0.023 render_frame=9.938ms/1 jvm_gc=6.000ms/1 gpu_frame=3.671ms/1 buffer_create=0.300ms/175 1.0MiB buffer_map=0.268ms/1878 0.9MiB command_batch=0.225ms/2 0.2MiB client_packets=0.153ms/1 submit=0.011ms/1 resource_release=0.011ms/175 1.0MiB acquire=0.009ms/1 client_pre_frame=0.005ms/1 client_post_render=0.004ms/1 upload_copy=0.004ms/2 0.0MiB level_end_frame=0.002ms/1 client_pre_render=0.001ms/1 arena_wait=0.000ms/1 lod_prepare=0.000ms/1 present=0.000ms/1 client_tasks=0.000ms/1 task_drain=0.000ms/1 client_post_tasks=0.000ms/1 render_pass_merge=0.000ms/8 unphasedMs=-0.003
[15:07:09] [Test thread/INFO] (MetalLifecycleGameTest) Metal benchmark stall: phase=streaming frame=4134 intervalMs=9.516 cpuMs=8.250 outsideLoopMs=0.029 render_frame=8.310ms/1 gpu_frame=3.856ms/1 jvm_gc=3.000ms/1 client_tick=0.803ms/1 buffer_create=0.440ms/199 1.0MiB client_post_tasks=0.369ms/1 buffer_map=0.335ms/2046 1.0MiB command_batch=0.285ms/2 0.2MiB resource_release=0.025ms/199 1.0MiB submit=0.019ms/1 acquire=0.015ms/1 harness_handoff=0.007ms/1 upload_copy=0.005ms/2 0.0MiB client_post_render=0.004ms/1 level_end_frame=0.003ms/1 client_pre_frame=0.003ms/1 arena_wait=0.001ms/1 present=0.001ms/1 client_gizmos=0.001ms/1 client_pre_render=0.001ms/1 lod_prepare=0.001ms/1 client_packets=0.000ms/1 client_tasks=0.000ms/1 task_drain=0.000ms/1 render_pass_merge=0.000ms/8 unphasedMs=-0.004
[15:07:09] [Test thread/INFO] (MetalLifecycleGameTest) Metal benchmark stall: phase=streaming frame=4317 intervalMs=9.177 cpuMs=9.107 outsideLoopMs=0.030 render_frame=9.142ms/1 buffer_map=4.457ms/2114 1.0MiB jvm_gc=4.000ms/1 gpu_frame=3.776ms/1 buffer_create=0.427ms/213 1.0MiB command_batch=0.284ms/2 0.2MiB resource_release=0.013ms/213 1.0MiB submit=0.011ms/1 acquire=0.008ms/1 client_pre_frame=0.004ms/1 client_post_render=0.003ms/1 upload_copy=0.003ms/2 0.0MiB level_end_frame=0.003ms/1 lod_prepare=0.001ms/1 client_pre_render=0.001ms/1 client_tasks=0.000ms/1 client_packets=0.000ms/1 arena_wait=0.000ms/1 present=0.000ms/1 task_drain=0.000ms/1 client_post_tasks=0.000ms/1 render_pass_merge=0.000ms/8 unphasedMs=-0.003
[15:07:09] [Test thread/INFO] (MetalLifecycleGameTest) Metal benchmark stall: phase=streaming frame=4117 intervalMs=9.113 cpuMs=8.942 outsideLoopMs=0.034 render_frame=9.000ms/1 gpu_frame=3.800ms/1 jvm_gc=3.000ms/1 buffer_create=0.401ms/199 1.0MiB buffer_map=0.333ms/2041 1.0MiB command_batch=0.269ms/2 0.2MiB client_packets=0.075ms/1 resource_release=0.024ms/199 1.0MiB submit=0.019ms/1 acquire=0.010ms/1 upload_copy=0.004ms/2 0.0MiB client_post_render=0.004ms/1 level_end_frame=0.003ms/1 client_pre_frame=0.003ms/1 present=0.001ms/1 client_pre_render=0.001ms/1 lod_prepare=0.001ms/1 arena_wait=0.001ms/1 client_tasks=0.000ms/1 task_drain=0.000ms/1 client_post_tasks=0.000ms/1 render_pass_merge=0.000ms/8 unphasedMs=-0.004
[15:07:09] [Test thread/INFO] (MetalLifecycleGameTest) Metal benchmark stall: phase=streaming frame=3514 intervalMs=8.737 cpuMs=8.671 outsideLoopMs=0.019 render_frame=8.715ms/1 gpu_frame=3.608ms/1 jvm_gc=3.000ms/1 buffer_create=0.345ms/179 1.0MiB buffer_map=0.305ms/1903 0.9MiB command_batch=0.251ms/2 0.2MiB submit=0.014ms/1 resource_release=0.013ms/179 1.0MiB acquire=0.006ms/1 level_end_frame=0.004ms/1 client_post_render=0.003ms/1 client_pre_frame=0.003ms/1 upload_copy=0.002ms/2 0.0MiB present=0.001ms/1 lod_prepare=0.000ms/1 client_tasks=0.000ms/1 client_pre_render=0.000ms/1 task_drain=0.000ms/1 arena_wait=0.000ms/1 client_packets=0.000ms/1 client_post_tasks=0.000ms/1 render_pass_merge=0.000ms/8 unphasedMs=-0.003
[15:07:34] [Test thread/INFO] (MetalLifecycleGameTest) Metal benchmark: streaming terrain, 0.995 of the render distance loaded
[15:07:49] [Test thread/INFO] (MetalLifecycleGameTest) Metal benchmark: terrain settled at 0.995 of the render distance
[15:09:49] [Test thread/WARN] (MetalLifecycleGameTest) Metal benchmark: chunk meshing did not settle; the capture starts with meshing still in flight
[15:09:54] [Test thread/INFO] (MetalLifecycleGameTest) Metal benchmark: 0.995 of the 1089 chunks inside the render distance are loaded
[15:09:55] [Render thread/INFO] (Minecraft) Resizing Chunk Sections UBO, capacity limit of 1024 reached during a single frame. New capacity will be 2048.
[15:09:55] [Render thread/INFO] (Minecraft) Resizing Dynamic Transforms UBO, capacity limit of 16 reached during a single frame. New capacity will be 32.
[15:09:55] [Test thread/INFO] (MetalLifecycleGameTest) Metal benchmark scene: featureless frame fraction 0.863
[15:09:55] [Test thread/INFO] (MetalLifecycleGameTest) Metal benchmark scene: renderer is drawing 977 chunk sections
[15:09:55] [Server thread/INFO] (Minecraft) Teleported Player805 to -1535.500000, 174.620000, -127.500000
[15:09:55] [Render thread/INFO] (Minecraft) [System] [CHAT] [Server: Teleported Player805 to -1535.500000, 174.620000, -127.500000]
[15:10:20] [Test thread/INFO] (MetalLifecycleGameTest) Metal benchmark: phase=stationary#1 frames=4438 seconds=19.9 avgFps=223.4 onePercentLow=149.4 pointOnePercentLow=121.7 p50CpuMs=4.243 p95CpuMs=4.853 p99CpuMs=5.166 p50IntervalMs=4.295 p99IntervalMs=6.097 worstIntervalMs=9.141 p50AcquireMs=0.007 p99AcquireMs=0.016 p50OutsideLoopMs=0.021 p99OutsideLoopMs=0.042
[15:10:20] [Test thread/INFO] (MetalLifecycleGameTest) Metal benchmark stall: phase=stationary#1 whole-phase render_frame=19380.841ms/4438 gpu_frame=16790.330ms/4438 buffer_create=1896.352ms/1016320 4421.5MiB buffer_map=1475.427ms/9688565 4350.3MiB command_batch=1228.813ms/8876 1026.9MiB client_tick=238.693ms/397 client_post_tasks=121.325ms/4438 resource_release=48.808ms/1016320 4421.0MiB jvm_gc=34.000ms/19 acquire=32.905ms/4438 submit=29.392ms/4438 client_post_render=14.089ms/4438 client_pre_frame=12.886ms/4438 level_end_frame=11.561ms/4438 client_packets=10.658ms/4438 upload_copy=10.576ms/8940 3.0MiB lod_prepare=2.511ms/4438 harness_handoff=2.240ms/614 client_pre_render=2.108ms/4438 client_tasks=1.289ms/4438 present=1.277ms/4438 arena_wait=1.173ms/4438 task_drain=0.848ms/4438 client_gizmos=0.236ms/397 render_pass_merge=0.000ms/44379
[15:10:20] [Test thread/INFO] (MetalLifecycleGameTest) Metal benchmark stall: phase=stationary#1 worst-1% render_frame=260.892ms/44 gpu_frame=166.821ms/44 jvm_gc=32.000ms/14 client_tick=22.071ms/32 buffer_create=20.879ms/10073 44.6MiB buffer_map=17.957ms/96084 43.1MiB command_batch=15.248ms/88 10.2MiB client_post_tasks=10.911ms/44 resource_release=0.763ms/10073 44.6MiB acquire=0.560ms/44 submit=0.506ms/44 upload_copy=0.215ms/88 0.0MiB harness_handoff=0.187ms/41 client_post_render=0.152ms/44 level_end_frame=0.126ms/44 client_pre_frame=0.093ms/44 client_packets=0.032ms/44 lod_prepare=0.027ms/44 arena_wait=0.027ms/44 client_gizmos=0.026ms/32 present=0.024ms/44 client_pre_render=0.022ms/44 client_tasks=0.014ms/44 task_drain=0.009ms/44 render_pass_merge=0.000ms/440
[15:10:20] [Test thread/INFO] (MetalLifecycleGameTest) Metal benchmark stall: phase=stationary#1 tasks total=0.000ms/0
[15:10:20] [Test thread/INFO] (MetalLifecycleGameTest) Metal benchmark stall: phase=stationary#1 gpuPassSpans sumOfSpans=55956.828ms/52138 MetalCraft shader: shadow_terrain=8865.016ms/4467 Section layers for opaque=7899.639ms/4467 Immediate draw with minecraft:pipeline/entity_translucent=7333.296ms/4467 MetalCraft shader: grade=6576.682ms/4467 Immediate draw with minecraft:pipeline/eyes=6391.661ms/4467 (depth clear)=6171.021ms/8934 Immediate draw with minecraft:pipeline/entity_cutout=5548.627ms/4467 Immediate draw with minecraft:pipeline/item_cutout=5034.735ms/4467 Sky disc=1707.286ms/4467 GUI before blur=391.403ms/4467 Animate minecraft:textures/atlas/blocks.png=27.337ms/2000 Animate minecraft:textures/atlas/particles.png=3.640ms/400
[15:10:20] [Test thread/INFO] (MetalLifecycleGameTest) Metal benchmark stall: phase=stationary#1 frame=1315 intervalMs=9.141 cpuMs=9.085 outsideLoopMs=0.019 render_frame=9.118ms/1 jvm_gc=5.000ms/1 gpu_frame=3.704ms/1 buffer_create=0.349ms/226 0.0MiB buffer_map=0.310ms/2183 1.0MiB command_batch=0.279ms/2 0.2MiB submit=0.011ms/1 resource_release=0.009ms/226 0.0MiB acquire=0.006ms/1 client_pre_frame=0.004ms/1 level_end_frame=0.003ms/1 client_post_render=0.003ms/1 upload_copy=0.002ms/2 0.0MiB lod_prepare=0.001ms/1 present=0.001ms/1 client_pre_render=0.000ms/1 client_tasks=0.000ms/1 arena_wait=0.000ms/1 client_packets=0.000ms/1 task_drain=0.000ms/1 client_post_tasks=0.000ms/1 render_pass_merge=0.000ms/10 unphasedMs=-0.002
[15:10:20] [Test thread/INFO] (MetalLifecycleGameTest) Metal benchmark stall: phase=stationary#1 frame=3011 intervalMs=8.166 cpuMs=8.094 outsideLoopMs=0.025 render_frame=8.137ms/1 gpu_frame=3.761ms/1 jvm_gc=3.000ms/1 buffer_create=0.418ms/229 1.3MiB buffer_map=0.346ms/2183 1.0MiB command_batch=0.277ms/2 0.2MiB resource_release=0.019ms/229 1.3MiB submit=0.012ms/1 acquire=0.007ms/1 level_end_frame=0.003ms/1 client_post_render=0.003ms/1 client_pre_frame=0.003ms/1 upload_copy=0.003ms/2 0.0MiB present=0.001ms/1 client_pre_render=0.001ms/1 lod_prepare=0.000ms/1 arena_wait=0.000ms/1 client_packets=0.000ms/1 client_tasks=0.000ms/1 client_post_tasks=0.000ms/1 task_drain=0.000ms/1 render_pass_merge=0.000ms/10 unphasedMs=-0.003
[15:10:20] [Test thread/INFO] (MetalLifecycleGameTest) Metal benchmark stall: phase=stationary#1 frame=2993 intervalMs=7.976 cpuMs=7.009 outsideLoopMs=0.019 render_frame=7.056ms/1 gpu_frame=3.831ms/1 jvm_gc=1.000ms/1 client_tick=0.570ms/1 buffer_create=0.437ms/229 1.3MiB buffer_map=0.368ms/2184 1.0MiB client_post_tasks=0.328ms/1 command_batch=0.276ms/2 0.2MiB resource_release=0.020ms/229 1.3MiB submit=0.014ms/1 acquire=0.010ms/1 harness_handoff=0.005ms/1 upload_copy=0.004ms/2 0.0MiB level_end_frame=0.004ms/1 client_post_render=0.002ms/1 client_pre_frame=0.001ms/1 present=0.001ms/1 client_pre_render=0.001ms/1 client_gizmos=0.000ms/1 arena_wait=0.000ms/1 client_packets=0.000ms/1 lod_prepare=0.000ms/1 client_tasks=0.000ms/1 task_drain=0.000ms/1 render_pass_merge=0.000ms/10 unphasedMs=-0.002
[15:10:20] [Test thread/INFO] (MetalLifecycleGameTest) Metal benchmark stall: phase=stationary#1 frame=4261 intervalMs=7.903 cpuMs=7.819 outsideLoopMs=0.030 render_frame=7.866ms/1 gpu_frame=3.809ms/1 buffer_map=3.033ms/2183 1.0MiB jvm_gc=2.000ms/1 buffer_create=0.399ms/229 1.3MiB command_batch=0.303ms/2 0.2MiB resource_release=0.018ms/229 1.3MiB submit=0.013ms/1 acquire=0.009ms/1 client_pre_frame=0.004ms/1 level_end_frame=0.004ms/1 upload_copy=0.004ms/2 0.0MiB client_post_render=0.003ms/1 lod_prepare=0.001ms/1 client_tasks=0.001ms/1 client_pre_render=0.001ms/1 present=0.001ms/1 client_packets=0.001ms/1 arena_wait=0.000ms/1 task_drain=0.000ms/1 client_post_tasks=0.000ms/1 render_pass_merge=0.000ms/10 unphasedMs=-0.003
[15:10:20] [Test thread/INFO] (MetalLifecycleGameTest) Metal benchmark stall: phase=stationary#1 frame=495 intervalMs=7.895 cpuMs=7.793 outsideLoopMs=0.034 render_frame=7.838ms/1 gpu_frame=3.861ms/1 jvm_gc=3.000ms/1 command_batch=2.863ms/2 0.2MiB buffer_create=0.419ms/229 0.8MiB buffer_map=0.349ms/2183 1.0MiB client_packets=0.019ms/1 resource_release=0.019ms/229 0.8MiB submit=0.013ms/1 acquire=0.008ms/1 client_post_render=0.004ms/1 level_end_frame=0.004ms/1 client_pre_frame=0.003ms/1 upload_copy=0.003ms/2 0.0MiB present=0.001ms/1 lod_prepare=0.001ms/1 client_pre_render=0.001ms/1 arena_wait=0.000ms/1 client_tasks=0.000ms/1 task_drain=0.000ms/1 client_post_tasks=0.000ms/1 render_pass_merge=0.000ms/10 unphasedMs=-0.004
[15:10:20] [Test thread/INFO] (MetalLifecycleGameTest) Metal benchmark stall: phase=stationary#1 frame=1752 intervalMs=7.840 cpuMs=7.755 outsideLoopMs=0.033 render_frame=7.801ms/1 gpu_frame=3.758ms/1 buffer_create=3.015ms/229 0.8MiB jvm_gc=3.000ms/1 buffer_map=0.345ms/2183 1.0MiB command_batch=0.278ms/2 0.2MiB resource_release=0.016ms/229 0.8MiB submit=0.014ms/1 acquire=0.009ms/1 client_post_render=0.004ms/1 client_pre_frame=0.004ms/1 upload_copy=0.004ms/2 0.0MiB level_end_frame=0.004ms/1 lod_prepare=0.001ms/1 present=0.001ms/1 client_pre_render=0.001ms/1 client_packets=0.001ms/1 arena_wait=0.000ms/1 client_post_tasks=0.000ms/1 client_tasks=0.000ms/1 task_drain=0.000ms/1 render_pass_merge=0.000ms/10 unphasedMs=-0.004
[15:10:20] [Test thread/INFO] (MetalLifecycleGameTest) Metal benchmark stall: phase=stationary#1 frame=2155 intervalMs=7.545 cpuMs=6.494 outsideLoopMs=0.022 render_frame=6.544ms/1 gpu_frame=3.680ms/1 jvm_gc=2.000ms/1 client_tick=0.615ms/1 buffer_create=0.407ms/229 0.8MiB client_post_tasks=0.361ms/1 buffer_map=0.332ms/2184 1.0MiB command_batch=0.279ms/2 0.2MiB acquire=0.018ms/1 resource_release=0.017ms/229 0.8MiB submit=0.014ms/1 harness_handoff=0.008ms/2 upload_copy=0.005ms/2 0.0MiB client_post_render=0.003ms/1 level_end_frame=0.003ms/1 client_pre_frame=0.001ms/1 lod_prepare=0.001ms/1 arena_wait=0.001ms/1 client_gizmos=0.001ms/1 present=0.001ms/1 client_tasks=0.000ms/1 task_drain=0.000ms/1 client_pre_render=0.000ms/1 client_packets=0.000ms/1 render_pass_merge=0.000ms/10 unphasedMs=-0.003
[15:10:20] [Test thread/INFO] (MetalLifecycleGameTest) Metal benchmark stall: phase=stationary#1 frame=3825 intervalMs=7.416 cpuMs=7.355 outsideLoopMs=0.025 render_frame=7.386ms/1 gpu_frame=3.754ms/1 jvm_gc=3.000ms/1 buffer_create=0.372ms/229 1.3MiB buffer_map=0.331ms/2183 1.0MiB command_batch=0.268ms/2 0.2MiB resource_release=0.012ms/229 1.3MiB submit=0.011ms/1 acquire=0.007ms/1 upload_copy=0.004ms/2 0.0MiB client_post_render=0.004ms/1 client_pre_frame=0.003ms/1 level_end_frame=0.003ms/1 lod_prepare=0.001ms/1 client_tasks=0.001ms/1 client_pre_render=0.001ms/1 arena_wait=0.000ms/1 task_drain=0.000ms/1 present=0.000ms/1 client_packets=0.000ms/1 client_post_tasks=0.000ms/1 render_pass_merge=0.000ms/10 unphasedMs=-0.004
[15:10:40] [Test thread/INFO] (MetalLifecycleGameTest) Metal benchmark: phase=pan#1 frames=4626 seconds=19.9 avgFps=233.0 onePercentLow=143.6 pointOnePercentLow=111.3 p50CpuMs=4.026 p95CpuMs=5.068 p99CpuMs=5.643 p50IntervalMs=4.103 p99IntervalMs=6.451 worstIntervalMs=9.537 p50AcquireMs=0.007 p99AcquireMs=0.014 p50OutsideLoopMs=0.022 p99OutsideLoopMs=0.043
[15:10:40] [Test thread/INFO] (MetalLifecycleGameTest) Metal benchmark stall: phase=pan#1 whole-phase gpu_frame=28357.023ms/4626 render_frame=19351.553ms/4626 upload_copy=1896.196ms/10723 44.3MiB arena_wait=1882.848ms/4626 buffer_create=1105.494ms/594167 1889.5MiB buffer_map=999.321ms/6543308 2798.8MiB command_batch=829.038ms/9252 687.3MiB client_tick=243.660ms/397 client_post_tasks=127.956ms/4626 submit=33.366ms/4626 acquire=32.735ms/4626 jvm_gc=29.000ms/15 resource_release=25.234ms/594085 1888.0MiB client_post_render=14.521ms/4626 level_end_frame=12.328ms/4626 client_pre_frame=12.028ms/4626 client_packets=10.946ms/4626 lod_prepare=3.088ms/4626 client_pre_render=2.244ms/4626 harness_handoff=2.010ms/508 client_tasks=1.537ms/4626 present=1.399ms/4626 task_drain=1.006ms/4626 pipeline_create=0.384ms/2 client_gizmos=0.238ms/397 texture_create=0.158ms/7 0.1MiB render_pass_merge=0.000ms/43245
[15:10:40] [Test thread/INFO] (MetalLifecycleGameTest) Metal benchmark stall: phase=pan#1 worst-1% render_frame=283.713ms/46 gpu_frame=260.032ms/52 jvm_gc=25.000ms/10 client_tick=23.417ms/39 buffer_map=17.846ms/97883 44.5MiB buffer_create=17.285ms/10130 44.0MiB command_batch=13.115ms/92 10.3MiB client_post_tasks=12.358ms/46 upload_copy=2.458ms/98 0.1MiB arena_wait=2.270ms/46 resource_release=0.720ms/10174 54.5MiB acquire=0.503ms/46 submit=0.448ms/46 harness_handoff=0.197ms/51 client_post_render=0.153ms/46 level_end_frame=0.126ms/46 texture_create=0.119ms/6 0.1MiB client_pre_frame=0.072ms/46 client_packets=0.039ms/46 lod_prepare=0.028ms/46 client_gizmos=0.024ms/39 client_pre_render=0.023ms/46 present=0.018ms/46 client_tasks=0.017ms/46 task_drain=0.009ms/46 render_pass_merge=0.000ms/551
[15:10:40] [Test thread/INFO] (MetalLifecycleGameTest) Metal benchmark stall: phase=pan#1 tasks total=0.000ms/0
[15:10:40] [Test thread/INFO] (MetalLifecycleGameTest) Metal benchmark stall: phase=pan#1 gpuPassSpans sumOfSpans=64144.309ms/52319 MetalCraft shader: shadow_terrain=11006.624ms/4655 Section layers for opaque=8543.957ms/4655 Immediate draw with minecraft:pipeline/entity_translucent=8525.835ms/4655 (depth clear)=7983.349ms/9310 MetalCraft shader: grade=7961.953ms/4655 Immediate draw with minecraft:pipeline/entity_cutout=7109.659ms/4655 Immediate draw with minecraft:pipeline/eyes=4492.523ms/2759 Immediate draw with minecraft:pipeline/item_cutout=3684.464ms/2768 Immediate draw with minecraft:pipeline/lines=2748.762ms/1564 Sky disc=800.534ms/4655 Section layers for translucent=557.159ms/332 GUI before blur=418.071ms/4655
[15:10:40] [Test thread/INFO] (MetalLifecycleGameTest) Metal benchmark stall: phase=pan#1 frame=4475 intervalMs=9.537 cpuMs=8.635 outsideLoopMs=0.021 render_frame=8.685ms/1 gpu_frame=4.532ms/1 jvm_gc=3.000ms/1 client_tick=0.568ms/1 buffer_create=0.481ms/247 1.3MiB buffer_map=0.365ms/2346 1.1MiB command_batch=0.305ms/2 0.2MiB client_post_tasks=0.260ms/1 resource_release=0.025ms/247 1.3MiB submit=0.016ms/1 acquire=0.009ms/1 harness_handoff=0.005ms/2 level_end_frame=0.003ms/1 upload_copy=0.003ms/2 0.0MiB client_post_render=0.003ms/1 client_pre_frame=0.001ms/1 client_gizmos=0.001ms/1 present=0.001ms/1 client_pre_render=0.001ms/1 lod_prepare=0.000ms/1 client_packets=0.000ms/1 arena_wait=0.000ms/1 client_tasks=0.000ms/1 task_drain=0.000ms/1 render_pass_merge=0.000ms/14 unphasedMs=-0.002
[15:10:40] [Test thread/INFO] (MetalLifecycleGameTest) Metal benchmark stall: phase=pan#1 frame=4113 intervalMs=9.284 cpuMs=8.339 outsideLoopMs=0.023 render_frame=8.376ms/1 gpu_frame=4.502ms/1 jvm_gc=2.000ms/1 client_tick=0.575ms/1 buffer_create=0.408ms/236 0.8MiB buffer_map=0.340ms/2206 0.9MiB client_post_tasks=0.307ms/1 command_batch=0.296ms/2 0.2MiB resource_release=0.016ms/236 0.8MiB acquire=0.011ms/1 submit=0.010ms/1 harness_handoff=0.005ms/1 client_post_render=0.004ms/1 upload_copy=0.003ms/2 0.0MiB level_end_frame=0.003ms/1 client_pre_frame=0.001ms/1 present=0.000ms/1 lod_prepare=0.000ms/1 arena_wait=0.000ms/1 client_pre_render=0.000ms/1 client_packets=0.000ms/1 client_gizmos=0.000ms/1 client_tasks=0.000ms/1 task_drain=0.000ms/1 render_pass_merge=0.000ms/10 unphasedMs=-0.003
[15:10:40] [Test thread/INFO] (MetalLifecycleGameTest) Metal benchmark stall: phase=pan#1 frame=3232 intervalMs=8.992 cpuMs=7.979 outsideLoopMs=0.025 gpu_frame=9.440ms/2 render_frame=8.033ms/1 jvm_gc=2.000ms/1 client_tick=0.640ms/1 client_post_tasks=0.291ms/1 buffer_create=0.259ms/91 0.8MiB buffer_map=0.252ms/1494 0.6MiB command_batch=0.252ms/2 0.2MiB resource_release=0.029ms/99 2.8MiB acquire=0.013ms/1 submit=0.012ms/1 harness_handoff=0.006ms/2 upload_copy=0.004ms/2 0.0MiB client_post_render=0.004ms/1 level_end_frame=0.003ms/1 client_pre_frame=0.001ms/1 present=0.001ms/1 lod_prepare=0.001ms/1 arena_wait=0.001ms/1 client_pre_render=0.001ms/1 client_gizmos=0.000ms/1 client_packets=0.000ms/1 client_tasks=0.000ms/1 task_drain=0.000ms/1 render_pass_merge=0.000ms/10 unphasedMs=-0.003
[15:10:40] [Test thread/INFO] (MetalLifecycleGameTest) Metal benchmark stall: phase=pan#1 frame=4315 intervalMs=8.577 cpuMs=7.585 outsideLoopMs=0.022 render_frame=7.627ms/1 gpu_frame=4.537ms/1 client_tick=0.566ms/1 buffer_create=0.410ms/266 0.8MiB client_post_tasks=0.359ms/1 buffer_map=0.355ms/2394 1.1MiB command_batch=0.277ms/2 0.2MiB texture_create=0.080ms/4 0.1MiB upload_copy=0.025ms/6 0.1MiB acquire=0.014ms/1 resource_release=0.014ms/266 0.8MiB submit=0.011ms/1 harness_handoff=0.004ms/1 client_post_render=0.003ms/1 level_end_frame=0.003ms/1 client_pre_frame=0.001ms/1 present=0.001ms/1 client_gizmos=0.001ms/1 client_tasks=0.001ms/1 lod_prepare=0.001ms/1 arena_wait=0.000ms/1 task_drain=0.000ms/1 client_pre_render=0.000ms/1 client_packets=0.000ms/1 render_pass_merge=0.000ms/14 unphasedMs=-0.003
[15:10:40] [Test thread/INFO] (MetalLifecycleGameTest) Metal benchmark stall: phase=pan#1 frame=4490 intervalMs=8.531 cpuMs=8.459 outsideLoopMs=0.025 render_frame=8.501ms/1 gpu_frame=4.557ms/1 buffer_map=3.072ms/2345 1.1MiB jvm_gc=2.000ms/1 buffer_create=0.424ms/247 1.3MiB command_batch=0.305ms/2 0.2MiB resource_release=0.016ms/247 1.3MiB submit=0.012ms/1 acquire=0.008ms/1 client_post_render=0.004ms/1 level_end_frame=0.003ms/1 client_pre_frame=0.003ms/1 upload_copy=0.003ms/2 0.0MiB client_pre_render=0.001ms/1 present=0.001ms/1 lod_prepare=0.001ms/1 client_tasks=0.000ms/1 client_packets=0.000ms/1 task_drain=0.000ms/1 arena_wait=0.000ms/1 client_post_tasks=0.000ms/1 render_pass_merge=0.000ms/14 unphasedMs=-0.003
[15:10:40] [Test thread/INFO] (MetalLifecycleGameTest) Metal benchmark stall: phase=pan#1 frame=2693 intervalMs=7.754 cpuMs=7.712 outsideLoopMs=0.014 gpu_frame=18.270ms/2 render_frame=7.738ms/1 jvm_gc=3.000ms/1 upload_copy=1.093ms/2 0.0MiB arena_wait=1.090ms/1 buffer_map=0.158ms/1011 0.4MiB command_batch=0.133ms/2 0.1MiB buffer_create=0.130ms/56 0.0MiB resource_release=0.019ms/63 1.8MiB submit=0.008ms/1 acquire=0.004ms/1 level_end_frame=0.003ms/1 client_post_render=0.002ms/1 client_pre_frame=0.002ms/1 lod_prepare=0.001ms/1 present=0.000ms/1 client_tasks=0.000ms/1 task_drain=0.000ms/1 client_pre_render=0.000ms/1 client_packets=0.000ms/1 client_post_tasks=0.000ms/1 render_pass_merge=0.000ms/8 unphasedMs=-0.002
[15:10:40] [Test thread/INFO] (MetalLifecycleGameTest) Metal benchmark stall: phase=pan#1 frame=3120 intervalMs=7.701 cpuMs=6.714 outsideLoopMs=0.018 gpu_frame=18.239ms/2 render_frame=6.748ms/1 client_tick=0.601ms/1 client_post_tasks=0.331ms/1 buffer_map=0.215ms/1418 0.6MiB command_batch=0.194ms/2 0.2MiB buffer_create=0.176ms/86 0.0MiB texture_create=0.039ms/2 0.0MiB resource_release=0.019ms/92 1.5MiB upload_copy=0.013ms/4 0.0MiB submit=0.010ms/1 acquire=0.009ms/1 harness_handoff=0.005ms/1 level_end_frame=0.003ms/1 client_post_render=0.002ms/1 client_pre_frame=0.001ms/1 arena_wait=0.001ms/1 lod_prepare=0.001ms/1 client_gizmos=0.001ms/1 client_pre_render=0.001ms/1 client_tasks=0.001ms/1 present=0.000ms/1 task_drain=0.000ms/1 client_packets=0.000ms/1 render_pass_merge=0.000ms/10 unphasedMs=-0.002
[15:10:40] [Test thread/INFO] (MetalLifecycleGameTest) Metal benchmark stall: phase=pan#1 frame=3250 intervalMs=7.562 cpuMs=7.486 outsideLoopMs=0.028 render_frame=7.529ms/1 gpu_frame=4.282ms/1 jvm_gc=3.000ms/1 buffer_map=0.243ms/1505 0.6MiB buffer_create=0.239ms/92 0.8MiB command_batch=0.211ms/2 0.2MiB resource_release=0.014ms/92 0.8MiB submit=0.012ms/1 acquire=0.008ms/1 upload_copy=0.006ms/2 0.0MiB client_post_render=0.004ms/1 client_pre_frame=0.003ms/1 level_end_frame=0.003ms/1 present=0.001ms/1 client_pre_render=0.001ms/1 lod_prepare=0.001ms/1 arena_wait=0.000ms/1 client_packets=0.000ms/1 client_tasks=0.000ms/1 task_drain=0.000ms/1 client_post_tasks=0.000ms/1 render_pass_merge=0.000ms/10 unphasedMs=-0.004
[15:11:00] [Test thread/INFO] (MetalLifecycleGameTest) Metal benchmark: phase=traversal#1 frames=2734 seconds=19.8 avgFps=137.8 onePercentLow=86.8 pointOnePercentLow=74.8 p50CpuMs=7.312 p95CpuMs=8.383 p99CpuMs=9.088 p50IntervalMs=7.413 p99IntervalMs=10.133 worstIntervalMs=13.572 p50AcquireMs=0.008 p99AcquireMs=0.019 p50OutsideLoopMs=0.026 p99OutsideLoopMs=0.047
[15:11:00] [Test thread/INFO] (MetalLifecycleGameTest) Metal benchmark stall: phase=traversal#1 whole-phase render_frame=19315.685ms/2734 gpu_frame=17008.120ms/2734 buffer_create=2382.070ms/1332952 779.1MiB buffer_map=1204.439ms/7531755 2533.9MiB command_batch=804.045ms/6527 659.0MiB client_tick=245.983ms/396 client_post_tasks=135.333ms/2734 jvm_gc=76.000ms/26 client_packets=51.964ms/2734 resource_release=31.305ms/1332171 634.1MiB acquire=25.398ms/2734 submit=22.479ms/2734 upload_copy=13.899ms/12666 185.6MiB client_post_render=10.156ms/2734 client_pre_frame=8.870ms/2734 level_end_frame=7.112ms/2734 harness_handoff=2.581ms/495 lod_prepare=1.824ms/2734 client_pre_render=1.575ms/2734 arena_wait=1.158ms/2734 client_tasks=0.963ms/2734 present=0.905ms/2734 task_drain=0.629ms/2734 client_gizmos=0.286ms/396 texture_create=0.024ms/2 0.0MiB render_pass_merge=0.000ms/18296
[15:11:00] [Test thread/INFO] (MetalLifecycleGameTest) Metal benchmark stall: phase=traversal#1 worst-1% render_frame=286.779ms/27 gpu_frame=176.238ms/27 jvm_gc=67.000ms/18 buffer_create=23.558ms/14696 4.3MiB client_tick=13.001ms/10 buffer_map=12.914ms/77905 26.6MiB command_batch=8.242ms/69 6.6MiB client_post_tasks=8.205ms/27 client_packets=3.610ms/27 resource_release=0.383ms/14656 3.6MiB upload_copy=0.357ms/367 8.3MiB acquire=0.336ms/27 submit=0.323ms/27 client_post_render=0.100ms/27 client_pre_frame=0.098ms/27 level_end_frame=0.078ms/27 harness_handoff=0.055ms/10 lod_prepare=0.018ms/27 arena_wait=0.016ms/27 client_pre_render=0.015ms/27 client_gizmos=0.014ms/10 present=0.013ms/27 client_tasks=0.009ms/27 task_drain=0.006ms/27 render_pass_merge=0.000ms/171
[15:11:00] [Test thread/INFO] (MetalLifecycleGameTest) Metal benchmark stall: phase=traversal#1 tasks total=0.000ms/0
[15:11:00] [Test thread/INFO] (MetalLifecycleGameTest) Metal benchmark stall: phase=traversal#1 gpuPassSpans sumOfSpans=47737.861ms/29325 MetalCraft shader: shadow_terrain=10494.002ms/2763 Immediate draw with minecraft:pipeline/entity_translucent=7305.834ms/2763 MetalCraft shader: grade=6934.938ms/2763 Section layers for translucent=6809.614ms/2680 (depth clear)=6457.340ms/5526 Section layers for opaque=6211.232ms/2763 Immediate draw with minecraft:pipeline/entity_cutout=1313.014ms/853 Sky disc=914.827ms/2763 Immediate draw with minecraft:pipeline/item_cutout=807.011ms/584 GUI before blur=246.899ms/2763 Immediate draw with minecraft:pipeline/eyes=154.488ms/83 Clouds=52.286ms/21
[15:11:00] [Test thread/INFO] (MetalLifecycleGameTest) Metal benchmark stall: phase=traversal#1 frame=2541 intervalMs=13.572 cpuMs=13.473 outsideLoopMs=0.029 render_frame=13.516ms/1 gpu_frame=7.487ms/1 jvm_gc=4.000ms/1 buffer_create=1.000ms/619 0.1MiB buffer_map=0.527ms/2927 0.9MiB command_batch=0.302ms/3 0.2MiB client_packets=0.024ms/1 resource_release=0.019ms/619 0.1MiB submit=0.013ms/1 upload_copy=0.011ms/6 0.1MiB acquire=0.006ms/1 client_post_render=0.004ms/1 level_end_frame=0.003ms/1 client_pre_frame=0.003ms/1 arena_wait=0.001ms/1 present=0.001ms/1 lod_prepare=0.001ms/1 client_pre_render=0.001ms/1 client_tasks=0.000ms/1 client_post_tasks=0.000ms/1 task_drain=0.000ms/1 render_pass_merge=0.000ms/6 unphasedMs=-0.003
[15:11:00] [Test thread/INFO] (MetalLifecycleGameTest) Metal benchmark stall: phase=traversal#1 frame=2710 intervalMs=13.296 cpuMs=8.437 outsideLoopMs=0.021 render_frame=8.489ms/1 gpu_frame=7.447ms/1 client_tick=4.483ms/1 jvm_gc=4.000ms/1 buffer_create=0.938ms/613 0.1MiB buffer_map=0.473ms/2957 0.9MiB command_batch=0.296ms/3 0.2MiB client_post_tasks=0.290ms/1 acquire=0.025ms/1 resource_release=0.012ms/613 0.1MiB submit=0.010ms/1 client_pre_frame=0.010ms/1 harness_handoff=0.006ms/1 upload_copy=0.005ms/2 0.0MiB client_post_render=0.003ms/1 level_end_frame=0.003ms/1 client_gizmos=0.001ms/1 client_pre_render=0.001ms/1 arena_wait=0.001ms/1 present=0.000ms/1 lod_prepare=0.000ms/1 client_packets=0.000ms/1 client_tasks=0.000ms/1 task_drain=0.000ms/1 render_pass_merge=0.000ms/6 unphasedMs=-0.003
[15:11:00] [Test thread/INFO] (MetalLifecycleGameTest) Metal benchmark stall: phase=traversal#1 frame=1509 intervalMs=13.226 cpuMs=9.105 outsideLoopMs=0.024 render_frame=9.178ms/1 gpu_frame=6.474ms/1 client_tick=3.611ms/1 jvm_gc=3.000ms/1 buffer_create=0.887ms/548 0.1MiB buffer_map=0.479ms/2869 1.6MiB client_post_tasks=0.400ms/1 command_batch=0.296ms/2 0.2MiB acquire=0.028ms/1 submit=0.015ms/1 upload_copy=0.013ms/8 0.2MiB resource_release=0.012ms/548 0.1MiB client_gizmos=0.006ms/1 client_pre_frame=0.005ms/1 harness_handoff=0.004ms/1 level_end_frame=0.004ms/1 client_post_render=0.003ms/1 arena_wait=0.001ms/1 present=0.001ms/1 lod_prepare=0.001ms/1 client_pre_render=0.001ms/1 client_packets=0.000ms/1 client_tasks=0.000ms/1 task_drain=0.000ms/1 render_pass_merge=0.000ms/5 unphasedMs=-0.003
[15:11:00] [Test thread/INFO] (MetalLifecycleGameTest) Metal benchmark stall: phase=traversal#1 frame=1999 intervalMs=12.975 cpuMs=12.832 outsideLoopMs=0.025 render_frame=12.888ms/1 gpu_frame=6.661ms/1 jvm_gc=4.000ms/1 buffer_create=1.011ms/577 0.6MiB buffer_map=0.498ms/2846 1.4MiB command_batch=0.279ms/3 0.2MiB client_packets=0.057ms/1 resource_release=0.034ms/566 0.2MiB upload_copy=0.031ms/35 1.0MiB submit=0.015ms/1 acquire=0.007ms/1 level_end_frame=0.004ms/1 client_pre_frame=0.003ms/1 client_post_render=0.003ms/1 present=0.001ms/1 client_pre_render=0.001ms/1 lod_prepare=0.001ms/1 arena_wait=0.001ms/1 client_tasks=0.000ms/1 client_post_tasks=0.000ms/1 task_drain=0.000ms/1 render_pass_merge=0.000ms/6 unphasedMs=-0.003
[15:11:00] [Test thread/INFO] (MetalLifecycleGameTest) Metal benchmark stall: phase=traversal#1 frame=1076 intervalMs=12.965 cpuMs=12.771 outsideLoopMs=0.025 render_frame=12.822ms/1 gpu_frame=6.420ms/1 jvm_gc=4.000ms/1 buffer_create=0.933ms/571 0.1MiB buffer_map=0.569ms/3317 1.1MiB command_batch=0.359ms/2 0.3MiB client_packets=0.114ms/1 submit=0.019ms/1 resource_release=0.012ms/564 0.1MiB acquire=0.008ms/1 upload_copy=0.004ms/2 0.0MiB client_post_render=0.004ms/1 level_end_frame=0.004ms/1 client_pre_frame=0.003ms/1 present=0.001ms/1 client_pre_render=0.001ms/1 lod_prepare=0.001ms/1 arena_wait=0.000ms/1 client_tasks=0.000ms/1 client_post_tasks=0.000ms/1 task_drain=0.000ms/1 render_pass_merge=0.000ms/6 unphasedMs=-0.003
[15:11:00] [Test thread/INFO] (MetalLifecycleGameTest) Metal benchmark stall: phase=traversal#1 frame=2552 intervalMs=12.644 cpuMs=12.562 outsideLoopMs=0.031 render_frame=12.608ms/1 gpu_frame=7.258ms/1 jvm_gc=3.000ms/1 buffer_create=1.021ms/635 0.1MiB buffer_map=0.499ms/2964 0.9MiB command_batch=0.300ms/3 0.2MiB resource_release=0.014ms/627 0.1MiB submit=0.013ms/1 acquire=0.008ms/1 upload_copy=0.005ms/7 0.0MiB client_pre_frame=0.004ms/1 level_end_frame=0.003ms/1 client_post_render=0.003ms/1 present=0.001ms/1 lod_prepare=0.001ms/1 client_pre_render=0.000ms/1 client_packets=0.000ms/1 client_tasks=0.000ms/1 task_drain=0.000ms/1 arena_wait=0.000ms/1 client_post_tasks=0.000ms/1 render_pass_merge=0.000ms/6 unphasedMs=-0.003
[15:11:00] [Test thread/INFO] (MetalLifecycleGameTest) Metal benchmark stall: phase=traversal#1 frame=2364 intervalMs=12.359 cpuMs=12.291 outsideLoopMs=0.027 render_frame=12.327ms/1 gpu_frame=7.076ms/1 jvm_gc=5.000ms/1 buffer_create=0.915ms/596 0.1MiB buffer_map=0.443ms/2871 0.9MiB command_batch=0.296ms/3 0.2MiB resource_release=0.011ms/596 0.1MiB submit=0.010ms/1 acquire=0.009ms/1 client_post_render=0.004ms/1 client_pre_frame=0.004ms/1 level_end_frame=0.003ms/1 upload_copy=0.002ms/2 0.0MiB lod_prepare=0.000ms/1 present=0.000ms/1 client_pre_render=0.000ms/1 client_tasks=0.000ms/1 client_packets=0.000ms/1 arena_wait=0.000ms/1 task_drain=0.000ms/1 client_post_tasks=0.000ms/1 render_pass_merge=0.000ms/6 unphasedMs=-0.003
[15:11:00] [Test thread/INFO] (MetalLifecycleGameTest) Metal benchmark stall: phase=traversal#1 frame=1864 intervalMs=12.221 cpuMs=12.159 outsideLoopMs=0.023 render_frame=12.193ms/1 gpu_frame=6.485ms/1 jvm_gc=4.000ms/1 buffer_create=0.798ms/538 0.1MiB buffer_map=0.435ms/2749 0.9MiB command_batch=0.269ms/3 0.2MiB upload_copy=0.014ms/13 0.3MiB submit=0.011ms/1 resource_release=0.010ms/538 0.1MiB acquire=0.008ms/1 client_post_render=0.003ms/1 client_pre_frame=0.003ms/1 level_end_frame=0.002ms/1 arena_wait=0.001ms/1 lod_prepare=0.001ms/1 present=0.001ms/1 client_pre_render=0.001ms/1 client_packets=0.000ms/1 client_tasks=0.000ms/1 client_post_tasks=0.000ms/1 task_drain=0.000ms/1 render_pass_merge=0.000ms/6 unphasedMs=-0.003
[15:11:00] [Server thread/INFO] (Minecraft) Teleported Player805 to -1535.500000, 174.620000, -127.500000
[15:11:00] [Render thread/INFO] (Minecraft) [System] [CHAT] [Server: Teleported Player805 to -1535.500000, 174.620000, -127.500000]
[15:11:25] [Test thread/INFO] (MetalLifecycleGameTest) Metal benchmark: phase=stationary#2 frames=3606 seconds=19.8 avgFps=181.8 onePercentLow=123.2 pointOnePercentLow=94.3 p50CpuMs=5.216 p95CpuMs=5.922 p99CpuMs=6.289 p50IntervalMs=5.277 p99IntervalMs=7.138 worstIntervalMs=12.122 p50AcquireMs=0.008 p99AcquireMs=0.017 p50OutsideLoopMs=0.023 p99OutsideLoopMs=0.045
[15:11:25] [Test thread/INFO] (MetalLifecycleGameTest) Metal benchmark stall: phase=stationary#2 whole-phase render_frame=19367.999ms/3606 gpu_frame=18793.361ms/3605 buffer_create=1501.137ms/866319 2212.7MiB buffer_map=1238.724ms/8120800 3599.4MiB command_batch=1046.058ms/10818 853.7MiB client_tick=230.971ms/396 client_post_tasks=122.446ms/3606 jvm_gc=41.000ms/13 submit=31.391ms/3606 resource_release=30.211ms/866311 2210.7MiB acquire=29.707ms/3606 client_post_render=13.384ms/3606 client_pre_frame=11.423ms/3606 level_end_frame=10.223ms/3606 client_packets=10.110ms/3606 upload_copy=9.835ms/7268 2.8MiB harness_handoff=2.326ms/540 lod_prepare=2.314ms/3606 client_pre_render=1.978ms/3606 arena_wait=1.240ms/3606 present=1.196ms/3606 client_tasks=1.175ms/3606 task_drain=0.795ms/3606 client_gizmos=0.245ms/396 render_pass_merge=0.000ms/46718
[15:11:25] [Test thread/INFO] (MetalLifecycleGameTest) Metal benchmark stall: phase=stationary#2 worst-1% render_frame=266.281ms/36 gpu_frame=245.285ms/47 jvm_gc=41.000ms/11 client_tick=17.191ms/27 buffer_create=14.996ms/8643 20.7MiB buffer_map=12.896ms/81097 35.9MiB command_batch=10.761ms/108 8.5MiB client_post_tasks=8.766ms/36 resource_release=0.691ms/8729 42.2MiB acquire=0.461ms/36 submit=0.399ms/36 upload_copy=0.159ms/72 0.0MiB harness_handoff=0.153ms/34 client_post_render=0.130ms/36 level_end_frame=0.101ms/36 client_pre_frame=0.079ms/36 client_packets=0.032ms/36 arena_wait=0.023ms/36 lod_prepare=0.022ms/36 client_gizmos=0.020ms/27 client_pre_render=0.018ms/36 present=0.016ms/36 client_tasks=0.010ms/36 task_drain=0.008ms/36 render_pass_merge=0.000ms/467
[15:11:25] [Test thread/INFO] (MetalLifecycleGameTest) Metal benchmark stall: phase=stationary#2 tasks total=0.000ms/0
[15:11:25] [Test thread/INFO] (MetalLifecycleGameTest) Metal benchmark stall: phase=stationary#2 gpuPassSpans sumOfSpans=59280.391ms/42975 MetalCraft shader: shadow_terrain=12071.954ms/3634 Section layers for opaque=7963.632ms/3634 Immediate draw with minecraft:pipeline/entity_translucent=6906.601ms/3634 MetalCraft shader: grade=6845.639ms/3634 Immediate draw with minecraft:pipeline/eyes=6674.231ms/3634 (depth clear)=6114.003ms/7268 Immediate draw with minecraft:pipeline/entity_cutout=5993.870ms/3634 Immediate draw with minecraft:pipeline/item_cutout=5574.053ms/3634 Sky disc=767.273ms/3634 GUI before blur=331.198ms/3634 Animate minecraft:textures/atlas/blocks.png=27.498ms/2000 Animate minecraft:textures/atlas/particles.png=3.682ms/400
[15:11:25] [Test thread/INFO] (MetalLifecycleGameTest) Metal benchmark stall: phase=stationary#2 frame=299 intervalMs=12.122 cpuMs=12.064 outsideLoopMs=0.023 render_frame=12.095ms/1 gpu_frame=10.451ms/2 jvm_gc=7.000ms/1 buffer_create=0.402ms/238 0.1MiB buffer_map=0.347ms/2252 1.0MiB command_batch=0.275ms/3 0.2MiB resource_release=0.023ms/244 1.6MiB submit=0.009ms/1 acquire=0.007ms/1 client_post_render=0.003ms/1 client_pre_frame=0.003ms/1 level_end_frame=0.003ms/1 upload_copy=0.003ms/2 0.0MiB lod_prepare=0.001ms/1 client_pre_render=0.001ms/1 arena_wait=0.000ms/1 client_tasks=0.000ms/1 present=0.000ms/1 client_packets=0.000ms/1 task_drain=0.000ms/1 client_post_tasks=0.000ms/1 render_pass_merge=0.000ms/13 unphasedMs=-0.003
[15:11:25] [Test thread/INFO] (MetalLifecycleGameTest) Metal benchmark stall: phase=stationary#2 frame=3479 intervalMs=10.145 cpuMs=10.032 outsideLoopMs=0.042 render_frame=10.076ms/1 gpu_frame=5.232ms/1 jvm_gc=4.000ms/1 buffer_create=0.453ms/241 0.8MiB buffer_map=0.335ms/2252 1.0MiB command_batch=0.321ms/3 0.2MiB client_packets=0.021ms/1 resource_release=0.020ms/241 0.8MiB submit=0.016ms/1 acquire=0.009ms/1 client_post_render=0.006ms/1 client_pre_frame=0.004ms/1 upload_copy=0.004ms/2 0.0MiB level_end_frame=0.003ms/1 lod_prepare=0.001ms/1 client_pre_render=0.001ms/1 present=0.001ms/1 client_tasks=0.000ms/1 arena_wait=0.000ms/1 task_drain=0.000ms/1 client_post_tasks=0.000ms/1 render_pass_merge=0.000ms/13 unphasedMs=-0.006
[15:11:25] [Test thread/INFO] (MetalLifecycleGameTest) Metal benchmark stall: phase=stationary#2 frame=2272 intervalMs=10.118 cpuMs=10.057 outsideLoopMs=0.022 gpu_frame=10.381ms/2 render_frame=10.091ms/1 jvm_gc=5.000ms/1 buffer_create=0.371ms/238 0.1MiB buffer_map=0.344ms/2252 1.0MiB command_batch=0.287ms/3 0.2MiB resource_release=0.022ms/246 2.1MiB submit=0.012ms/1 acquire=0.005ms/1 client_post_render=0.004ms/1 client_pre_frame=0.003ms/1 level_end_frame=0.003ms/1 upload_copy=0.002ms/2 0.0MiB present=0.001ms/1 lod_prepare=0.001ms/1 client_pre_render=0.000ms/1 client_packets=0.000ms/1 client_tasks=0.000ms/1 task_drain=0.000ms/1 arena_wait=0.000ms/1 client_post_tasks=0.000ms/1 render_pass_merge=0.000ms/13 unphasedMs=-0.003
[15:11:25] [Test thread/INFO] (MetalLifecycleGameTest) Metal benchmark stall: phase=stationary#2 frame=689 intervalMs=10.011 cpuMs=9.038 outsideLoopMs=0.028 gpu_frame=11.259ms/2 render_frame=9.075ms/1 jvm_gc=3.000ms/1 client_tick=0.559ms/1 buffer_create=0.384ms/238 0.1MiB buffer_map=0.355ms/2253 1.0MiB client_post_tasks=0.346ms/1 command_batch=0.279ms/3 0.2MiB resource_release=0.024ms/246 2.1MiB submit=0.011ms/1 acquire=0.011ms/1 harness_handoff=0.005ms/1 client_post_render=0.005ms/1 level_end_frame=0.003ms/1 upload_copy=0.003ms/2 0.0MiB client_pre_frame=0.001ms/1 client_pre_render=0.001ms/1 lod_prepare=0.001ms/1 client_gizmos=0.001ms/1 arena_wait=0.001ms/1 present=0.000ms/1 client_packets=0.000ms/1 client_tasks=0.000ms/1 task_drain=0.000ms/1 render_pass_merge=0.000ms/13 unphasedMs=-0.005
[15:11:25] [Test thread/INFO] (MetalLifecycleGameTest) Metal benchmark stall: phase=stationary#2 frame=1081 intervalMs=9.936 cpuMs=9.015 outsideLoopMs=0.024 gpu_frame=10.525ms/2 render_frame=9.056ms/1 jvm_gc=3.000ms/1 client_tick=0.585ms/1 buffer_create=0.373ms/238 0.1MiB buffer_map=0.343ms/2253 1.0MiB command_batch=0.291ms/3 0.2MiB client_post_tasks=0.268ms/1 resource_release=0.022ms/246 2.1MiB acquire=0.013ms/1 submit=0.011ms/1 harness_handoff=0.008ms/2 upload_copy=0.005ms/2 0.0MiB client_post_render=0.004ms/1 level_end_frame=0.003ms/1 client_pre_frame=0.001ms/1 client_gizmos=0.001ms/1 present=0.001ms/1 arena_wait=0.000ms/1 client_pre_render=0.000ms/1 lod_prepare=0.000ms/1 client_tasks=0.000ms/1 task_drain=0.000ms/1 client_packets=0.000ms/1 render_pass_merge=0.000ms/13 unphasedMs=-0.003
[15:11:25] [Test thread/INFO] (MetalLifecycleGameTest) Metal benchmark stall: phase=stationary#2 frame=1478 intervalMs=9.900 cpuMs=9.826 outsideLoopMs=0.021 render_frame=9.874ms/1 gpu_frame=5.018ms/1 jvm_gc=3.000ms/1 buffer_create=0.447ms/241 0.8MiB buffer_map=0.368ms/2252 1.0MiB command_batch=0.340ms/3 0.2MiB resource_release=0.024ms/241 0.8MiB submit=0.014ms/1 acquire=0.009ms/1 level_end_frame=0.004ms/1 client_post_render=0.003ms/1 client_pre_frame=0.003ms/1 upload_copy=0.003ms/2 0.0MiB present=0.001ms/1 lod_prepare=0.001ms/1 arena_wait=0.001ms/1 client_pre_render=0.000ms/1 client_packets=0.000ms/1 client_post_tasks=0.000ms/1 client_tasks=0.000ms/1 task_drain=0.000ms/1 render_pass_merge=0.000ms/13 unphasedMs=-0.003
[15:11:25] [Test thread/INFO] (MetalLifecycleGameTest) Metal benchmark stall: phase=stationary#2 frame=2691 intervalMs=9.555 cpuMs=9.481 outsideLoopMs=0.023 render_frame=9.524ms/1 gpu_frame=5.039ms/1 jvm_gc=4.000ms/1 buffer_create=0.410ms/241 0.8MiB buffer_map=0.355ms/2252 1.0MiB command_batch=0.312ms/3 0.2MiB resource_release=0.015ms/241 0.8MiB submit=0.012ms/1 acquire=0.008ms/1 client_pre_frame=0.004ms/1 level_end_frame=0.004ms/1 client_post_render=0.003ms/1 upload_copy=0.002ms/2 0.0MiB client_tasks=0.002ms/1 task_drain=0.002ms/1 lod_prepare=0.001ms/1 present=0.001ms/1 client_pre_render=0.001ms/1 client_packets=0.000ms/1 arena_wait=0.000ms/1 client_post_tasks=0.000ms/1 render_pass_merge=0.000ms/13 unphasedMs=-0.003
[15:11:25] [Test thread/INFO] (MetalLifecycleGameTest) Metal benchmark stall: phase=stationary#2 frame=1494 intervalMs=9.537 cpuMs=9.464 outsideLoopMs=0.023 render_frame=9.508ms/1 gpu_frame=5.066ms/1 jvm_gc=3.000ms/1 buffer_create=0.419ms/241 0.8MiB buffer_map=0.359ms/2252 1.0MiB command_batch=0.281ms/3 0.2MiB resource_release=0.016ms/241 0.8MiB submit=0.013ms/1 acquire=0.008ms/1 upload_copy=0.005ms/2 0.0MiB client_pre_frame=0.004ms/1 level_end_frame=0.004ms/1 client_post_render=0.003ms/1 client_tasks=0.001ms/1 lod_prepare=0.001ms/1 task_drain=0.001ms/1 client_pre_render=0.001ms/1 present=0.000ms/1 arena_wait=0.000ms/1 client_packets=0.000ms/1 client_post_tasks=0.000ms/1 render_pass_merge=0.000ms/13 unphasedMs=-0.003
[15:11:45] [Test thread/INFO] (MetalLifecycleGameTest) Metal benchmark: phase=pan#2 frames=3732 seconds=19.8 avgFps=188.2 onePercentLow=109.4 pointOnePercentLow=66.2 p50CpuMs=5.030 p95CpuMs=6.152 p99CpuMs=6.841 p50IntervalMs=5.103 p99IntervalMs=7.580 worstIntervalMs=18.484 p50AcquireMs=0.007 p99AcquireMs=0.016 p50OutsideLoopMs=0.022 p99OutsideLoopMs=0.044
[15:11:45] [Test thread/INFO] (MetalLifecycleGameTest) Metal benchmark stall: phase=pan#2 whole-phase gpu_frame=29431.994ms/3732 render_frame=19366.391ms/3732 upload_copy=1993.831ms/8608 32.7MiB arena_wait=1981.990ms/3732 buffer_create=955.325ms/523048 1303.2MiB buffer_map=877.346ms/5736802 2483.0MiB command_batch=734.837ms/9007 602.9MiB client_tick=220.960ms/396 client_post_tasks=137.765ms/3732 jvm_gc=49.000ms/15 submit=31.130ms/3732 acquire=28.173ms/3732 resource_release=20.002ms/522985 1301.5MiB client_post_render=12.544ms/3732 client_packets=10.627ms/3732 level_end_frame=10.228ms/3732 client_pre_frame=9.821ms/3732 lod_prepare=2.574ms/3732 harness_handoff=2.034ms/508 client_pre_render=1.918ms/3732 present=1.209ms/3732 client_tasks=1.128ms/3732 task_drain=0.728ms/3732 client_gizmos=0.216ms/396 render_pass_merge=0.000ms/37387
[15:11:45] [Test thread/INFO] (MetalLifecycleGameTest) Metal benchmark stall: phase=pan#2 worst-1% render_frame=299.086ms/37 gpu_frame=275.004ms/43 jvm_gc=49.000ms/13 client_post_tasks=22.428ms/37 client_tick=17.336ms/29 buffer_create=16.840ms/9350 25.1MiB buffer_map=16.353ms/83786 34.7MiB command_batch=10.910ms/106 8.7MiB upload_copy=2.611ms/74 0.0MiB arena_wait=2.466ms/37 resource_release=0.726ms/9394 36.1MiB acquire=0.502ms/37 submit=0.436ms/37 harness_handoff=0.145ms/36 client_post_render=0.126ms/37 level_end_frame=0.101ms/37 client_pre_frame=0.077ms/37 client_packets=0.040ms/37 lod_prepare=0.025ms/37 client_pre_render=0.020ms/37 client_gizmos=0.020ms/29 present=0.019ms/37 client_tasks=0.011ms/37 task_drain=0.008ms/37 render_pass_merge=0.000ms/429
[15:11:45] [Test thread/INFO] (MetalLifecycleGameTest) Metal benchmark stall: phase=pan#2 tasks total=0.000ms/0
[15:11:45] [Test thread/INFO] (MetalLifecycleGameTest) Metal benchmark stall: phase=pan#2 gpuPassSpans sumOfSpans=63158.706ms/43933 MetalCraft shader: shadow_terrain=12837.295ms/3761 Section layers for opaque=7891.240ms/3761 Immediate draw with minecraft:pipeline/entity_translucent=7520.287ms/3761 MetalCraft shader: grade=7310.780ms/3761 (depth clear)=7189.600ms/7522 Immediate draw with minecraft:pipeline/entity_cutout=6617.794ms/3761 Immediate draw with minecraft:pipeline/item_cutout=5396.883ms/3322 Immediate draw with minecraft:pipeline/lines=3336.412ms/1681 Immediate draw with minecraft:pipeline/eyes=3292.439ms/1775 Section layers for translucent=548.056ms/305 Sky disc=506.143ms/3761 GUI before blur=338.567ms/3761
[15:11:45] [Test thread/INFO] (MetalLifecycleGameTest) Metal benchmark stall: phase=pan#2 frame=3401 intervalMs=18.484 cpuMs=18.410 outsideLoopMs=0.027 render_frame=18.451ms/1 jvm_gc=11.000ms/1 gpu_frame=5.365ms/1 buffer_create=0.582ms/295 0.8MiB buffer_map=0.406ms/2508 1.0MiB command_batch=0.316ms/3 0.3MiB resource_release=0.037ms/295 0.8MiB submit=0.015ms/1 acquire=0.009ms/1 upload_copy=0.007ms/2 0.0MiB client_pre_frame=0.004ms/1 client_post_render=0.004ms/1 level_end_frame=0.003ms/1 lod_prepare=0.001ms/1 arena_wait=0.001ms/1 present=0.000ms/1 client_pre_render=0.000ms/1 client_tasks=0.000ms/1 client_packets=0.000ms/1 task_drain=0.000ms/1 client_post_tasks=0.000ms/1 render_pass_merge=0.000ms/12 unphasedMs=-0.003
[15:11:45] [Test thread/INFO] (MetalLifecycleGameTest) Metal benchmark stall: phase=pan#2 frame=3402 intervalMs=17.682 cpuMs=6.841 outsideLoopMs=0.039 client_post_tasks=10.208ms/1 render_frame=6.887ms/1 gpu_frame=5.262ms/1 buffer_create=0.558ms/293 0.1MiB client_tick=0.543ms/1 buffer_map=0.427ms/2511 1.0MiB command_batch=0.331ms/3 0.3MiB resource_release=0.019ms/293 0.1MiB acquire=0.016ms/1 submit=0.012ms/1 client_post_render=0.006ms/1 upload_copy=0.005ms/2 0.0MiB level_end_frame=0.002ms/1 client_pre_frame=0.002ms/1 lod_prepare=0.002ms/1 client_pre_render=0.001ms/1 client_tasks=0.001ms/1 task_drain=0.001ms/1 client_gizmos=0.001ms/1 arena_wait=0.001ms/1 present=0.001ms/1 client_packets=0.000ms/1 render_pass_merge=0.000ms/12 unphasedMs=-0.005
[15:11:45] [Test thread/INFO] (MetalLifecycleGameTest) Metal benchmark stall: phase=pan#2 frame=3527 intervalMs=13.610 cpuMs=13.553 outsideLoopMs=0.021 render_frame=13.585ms/1 jvm_gc=8.000ms/1 gpu_frame=5.462ms/1 buffer_create=0.495ms/283 0.8MiB buffer_map=0.392ms/2485 1.0MiB command_batch=0.305ms/3 0.3MiB resource_release=0.018ms/283 0.8MiB submit=0.010ms/1 acquire=0.007ms/1 client_pre_frame=0.003ms/1 client_post_render=0.003ms/1 level_end_frame=0.003ms/1 upload_copy=0.002ms/2 0.0MiB lod_prepare=0.001ms/1 client_pre_render=0.000ms/1 present=0.000ms/1 client_packets=0.000ms/1 arena_wait=0.000ms/1 client_tasks=0.000ms/1 task_drain=0.000ms/1 client_post_tasks=0.000ms/1 render_pass_merge=0.000ms/12 unphasedMs=-0.003
[15:11:45] [Test thread/INFO] (MetalLifecycleGameTest) Metal benchmark stall: phase=pan#2 frame=3375 intervalMs=10.638 cpuMs=9.668 outsideLoopMs=0.024 render_frame=9.718ms/1 gpu_frame=5.387ms/1 jvm_gc=2.000ms/1 client_tick=0.609ms/1 buffer_create=0.523ms/290 0.8MiB buffer_map=0.423ms/2489 1.0MiB command_batch=0.349ms/3 0.3MiB client_post_tasks=0.285ms/1 resource_release=0.026ms/290 0.8MiB submit=0.014ms/1 acquire=0.010ms/1 harness_handoff=0.006ms/1 level_end_frame=0.004ms/1 upload_copy=0.003ms/2 0.0MiB client_post_render=0.003ms/1 client_pre_frame=0.001ms/1 client_gizmos=0.001ms/1 lod_prepare=0.001ms/1 present=0.001ms/1 client_pre_render=0.000ms/1 arena_wait=0.000ms/1 client_packets=0.000ms/1 client_tasks=0.000ms/1 task_drain=0.000ms/1 render_pass_merge=0.000ms/12 unphasedMs=-0.003
[15:11:45] [Test thread/INFO] (MetalLifecycleGameTest) Metal benchmark stall: phase=pan#2 frame=2027 intervalMs=10.426 cpuMs=9.524 outsideLoopMs=0.019 gpu_frame=22.529ms/2 render_frame=9.576ms/1 jvm_gc=3.000ms/1 client_tick=0.546ms/1 upload_copy=0.412ms/2 0.0MiB arena_wait=0.408ms/1 client_post_tasks=0.282ms/1 buffer_map=0.190ms/1092 0.5MiB buffer_create=0.172ms/59 0.1MiB command_batch=0.157ms/2 0.1MiB resource_release=0.025ms/66 1.8MiB submit=0.015ms/1 acquire=0.012ms/1 harness_handoff=0.004ms/2 level_end_frame=0.004ms/1 client_post_render=0.003ms/1 client_gizmos=0.001ms/1 client_pre_frame=0.001ms/1 present=0.001ms/1 client_pre_render=0.001ms/1 lod_prepare=0.001ms/1 client_packets=0.000ms/1 client_tasks=0.000ms/1 task_drain=0.000ms/1 render_pass_merge=0.000ms/10 unphasedMs=-0.002
[15:11:45] [Test thread/INFO] (MetalLifecycleGameTest) Metal benchmark stall: phase=pan#2 frame=261 intervalMs=10.417 cpuMs=9.418 outsideLoopMs=0.025 gpu_frame=11.332ms/2 render_frame=9.468ms/1 jvm_gc=4.000ms/1 client_tick=0.522ms/1 buffer_create=0.431ms/237 0.1MiB client_post_tasks=0.398ms/1 buffer_map=0.324ms/1960 0.8MiB command_batch=0.239ms/3 0.2MiB resource_release=0.030ms/245 2.1MiB submit=0.014ms/1 acquire=0.013ms/1 harness_handoff=0.004ms/1 client_post_render=0.004ms/1 level_end_frame=0.004ms/1 upload_copy=0.004ms/2 0.0MiB client_pre_frame=0.002ms/1 client_pre_render=0.001ms/1 client_gizmos=0.001ms/1 present=0.001ms/1 client_tasks=0.001ms/1 lod_prepare=0.001ms/1 arena_wait=0.000ms/1 task_drain=0.000ms/1 client_packets=0.000ms/1 render_pass_merge=0.000ms/13 unphasedMs=-0.004
[15:11:45] [Test thread/INFO] (MetalLifecycleGameTest) Metal benchmark stall: phase=pan#2 frame=1371 intervalMs=10.389 cpuMs=10.345 outsideLoopMs=0.014 gpu_frame=22.769ms/2 render_frame=10.372ms/1 jvm_gc=4.000ms/1 upload_copy=1.825ms/2 0.0MiB arena_wait=1.824ms/1 buffer_map=0.117ms/749 0.4MiB buffer_create=0.104ms/37 0.1MiB command_batch=0.096ms/2 0.1MiB resource_release=0.019ms/44 1.8MiB submit=0.008ms/1 acquire=0.004ms/1 level_end_frame=0.003ms/1 client_pre_frame=0.002ms/1 client_post_render=0.002ms/1 lod_prepare=0.000ms/1 present=0.000ms/1 client_pre_render=0.000ms/1 client_packets=0.000ms/1 client_post_tasks=0.000ms/1 client_tasks=0.000ms/1 task_drain=0.000ms/1 render_pass_merge=0.000ms/8 unphasedMs=-0.002
[15:11:45] [Test thread/INFO] (MetalLifecycleGameTest) Metal benchmark stall: phase=pan#2 frame=3390 intervalMs=10.369 cpuMs=10.253 outsideLoopMs=0.042 render_frame=10.303ms/1 gpu_frame=5.361ms/1 jvm_gc=3.000ms/1 buffer_create=0.509ms/295 0.8MiB buffer_map=0.398ms/2508 1.0MiB command_batch=0.311ms/3 0.3MiB resource_release=0.019ms/295 0.8MiB client_packets=0.018ms/1 submit=0.014ms/1 acquire=0.009ms/1 client_post_render=0.005ms/1 upload_copy=0.004ms/2 0.0MiB level_end_frame=0.004ms/1 client_pre_frame=0.004ms/1 lod_prepare=0.001ms/1 present=0.001ms/1 client_pre_render=0.001ms/1 arena_wait=0.001ms/1 client_tasks=0.000ms/1 task_drain=0.000ms/1 client_post_tasks=0.000ms/1 render_pass_merge=0.000ms/12 unphasedMs=-0.005
[15:12:05] [Test thread/INFO] (MetalLifecycleGameTest) Metal benchmark: phase=traversal#2 frames=2673 seconds=19.8 avgFps=134.8 onePercentLow=88.7 pointOnePercentLow=77.2 p50CpuMs=7.381 p95CpuMs=8.398 p99CpuMs=9.268 p50IntervalMs=7.495 p99IntervalMs=10.155 worstIntervalMs=13.091 p50AcquireMs=0.008 p99AcquireMs=0.018 p50OutsideLoopMs=0.023 p99OutsideLoopMs=0.042
[15:12:05] [Test thread/INFO] (MetalLifecycleGameTest) Metal benchmark stall: phase=traversal#2 whole-phase render_frame=19368.337ms/2673 gpu_frame=17741.590ms/2674 buffer_create=2335.106ms/1339792 809.1MiB buffer_map=1200.201ms/7536335 2525.3MiB command_batch=798.073ms/8019 657.6MiB client_tick=208.125ms/396 client_post_tasks=132.139ms/2673 jvm_gc=52.000ms/18 client_packets=40.181ms/2673 resource_release=31.895ms/1339328 800.0MiB acquire=23.454ms/2673 submit=21.612ms/2673 upload_copy=11.842ms/11123 131.8MiB client_post_render=9.910ms/2673 client_pre_frame=8.191ms/2673 level_end_frame=7.173ms/2673 harness_handoff=2.428ms/521 lod_prepare=1.777ms/2673 client_pre_render=1.502ms/2673 arena_wait=1.043ms/2673 present=0.863ms/2673 client_tasks=0.859ms/2673 task_drain=0.556ms/2673 client_gizmos=0.240ms/396 render_pass_merge=0.000ms/19702
[15:12:05] [Test thread/INFO] (MetalLifecycleGameTest) Metal benchmark stall: phase=traversal#2 worst-1% render_frame=275.193ms/26 gpu_frame=185.148ms/28 jvm_gc=52.000ms/16 buffer_create=23.179ms/14352 3.9MiB buffer_map=16.019ms/78607 26.8MiB client_tick=9.249ms/16 client_post_tasks=8.899ms/26 command_batch=8.611ms/78 6.8MiB resource_release=0.400ms/14346 7.3MiB acquire=0.332ms/26 submit=0.317ms/26 upload_copy=0.289ms/290 5.7MiB harness_handoff=0.109ms/21 client_post_render=0.107ms/26 level_end_frame=0.074ms/26 client_pre_frame=0.072ms/26 lod_prepare=0.019ms/26 arena_wait=0.017ms/26 client_pre_render=0.016ms/26 client_gizmos=0.015ms/16 present=0.013ms/26 client_tasks=0.013ms/26 client_packets=0.009ms/26 task_drain=0.007ms/26 render_pass_merge=0.000ms/174
[15:12:05] [Test thread/INFO] (MetalLifecycleGameTest) Metal benchmark stall: phase=traversal#2 tasks total=0.000ms/0
[15:12:05] [Test thread/INFO] (MetalLifecycleGameTest) Metal benchmark stall: phase=traversal#2 gpuPassSpans sumOfSpans=48991.177ms/28925 MetalCraft shader: shadow_terrain=11156.237ms/2703 Immediate draw with minecraft:pipeline/entity_translucent=7310.246ms/2703 MetalCraft shader: grade=6986.111ms/2703 (depth clear)=6493.595ms/5406 Section layers for opaque=6290.593ms/2703 Section layers for translucent=5549.466ms/2072 Immediate draw with minecraft:pipeline/entity_cutout=1535.783ms/894 Immediate draw with minecraft:pipeline/eyes=1490.033ms/631 Immediate draw with minecraft:pipeline/item_cutout=1071.915ms/682 Sky disc=741.694ms/2703 GUI before blur=245.555ms/2703 Clouds=53.721ms/22
[15:12:05] [Test thread/INFO] (MetalLifecycleGameTest) Metal benchmark stall: phase=traversal#2 frame=1707 intervalMs=13.091 cpuMs=12.233 outsideLoopMs=0.021 render_frame=12.284ms/1 gpu_frame=6.867ms/1 jvm_gc=4.000ms/1 buffer_create=0.893ms/540 0.1MiB client_tick=0.502ms/1 buffer_map=0.463ms/2768 0.9MiB command_batch=0.332ms/3 0.2MiB client_post_tasks=0.281ms/1 submit=0.014ms/1 acquire=0.013ms/1 resource_release=0.012ms/540 0.1MiB harness_handoff=0.009ms/2 level_end_frame=0.004ms/1 upload_copy=0.003ms/2 0.0MiB client_post_render=0.003ms/1 client_pre_frame=0.001ms/1 arena_wait=0.001ms/1 client_gizmos=0.001ms/1 lod_prepare=0.001ms/1 present=0.001ms/1 client_pre_render=0.000ms/1 client_packets=0.000ms/1 client_tasks=0.000ms/1 task_drain=0.000ms/1 render_pass_merge=0.000ms/6 unphasedMs=-0.003
[15:12:05] [Test thread/INFO] (MetalLifecycleGameTest) Metal benchmark stall: phase=traversal#2 frame=2547 intervalMs=12.928 cpuMs=12.113 outsideLoopMs=0.026 render_frame=12.161ms/1 gpu_frame=7.606ms/1 jvm_gc=3.000ms/1 buffer_create=1.005ms/647 0.1MiB buffer_map=0.514ms/3107 1.0MiB client_post_tasks=0.370ms/1 client_tick=0.367ms/1 command_batch=0.290ms/3 0.2MiB resource_release=0.013ms/647 0.1MiB acquire=0.012ms/1 submit=0.012ms/1 harness_handoff=0.008ms/2 client_post_render=0.004ms/1 upload_copy=0.004ms/2 0.0MiB level_end_frame=0.003ms/1 client_pre_frame=0.001ms/1 client_gizmos=0.001ms/1 lod_prepare=0.001ms/1 client_pre_render=0.001ms/1 present=0.001ms/1 client_tasks=0.001ms/1 task_drain=0.000ms/1 arena_wait=0.000ms/1 client_packets=0.000ms/1 render_pass_merge=0.000ms/6 unphasedMs=-0.004
[15:12:05] [Test thread/INFO] (MetalLifecycleGameTest) Metal benchmark stall: phase=traversal#2 frame=922 intervalMs=12.839 cpuMs=12.759 outsideLoopMs=0.024 render_frame=12.810ms/1 gpu_frame=6.306ms/1 jvm_gc=4.000ms/1 buffer_create=0.995ms/606 0.1MiB buffer_map=0.600ms/3599 1.2MiB command_batch=0.411ms/3 0.3MiB submit=0.015ms/1 resource_release=0.013ms/606 0.1MiB acquire=0.009ms/1 level_end_frame=0.004ms/1 client_pre_frame=0.004ms/1 client_post_render=0.003ms/1 upload_copy=0.003ms/2 0.0MiB present=0.001ms/1 lod_prepare=0.001ms/1 client_pre_render=0.001ms/1 client_tasks=0.001ms/1 arena_wait=0.001ms/1 client_packets=0.000ms/1 task_drain=0.000ms/1 client_post_tasks=0.000ms/1 render_pass_merge=0.000ms/6 unphasedMs=-0.003
[15:12:05] [Test thread/INFO] (MetalLifecycleGameTest) Metal benchmark stall: phase=traversal#2 frame=2260 intervalMs=12.638 cpuMs=11.864 outsideLoopMs=0.021 render_frame=11.902ms/1 gpu_frame=6.932ms/1 jvm_gc=3.000ms/1 buffer_create=0.862ms/594 0.1MiB buffer_map=0.470ms/2915 0.9MiB client_tick=0.411ms/1 client_post_tasks=0.302ms/1 command_batch=0.281ms/3 0.2MiB acquire=0.013ms/1 resource_release=0.012ms/594 0.1MiB submit=0.009ms/1 harness_handoff=0.009ms/2 client_post_render=0.003ms/1 upload_copy=0.003ms/2 0.0MiB level_end_frame=0.003ms/1 client_pre_frame=0.001ms/1 arena_wait=0.001ms/1 lod_prepare=0.001ms/1 client_gizmos=0.001ms/1 client_pre_render=0.000ms/1 client_packets=0.000ms/1 present=0.000ms/1 client_tasks=0.000ms/1 task_drain=0.000ms/1 render_pass_merge=0.000ms/6 unphasedMs=-0.003
[15:12:05] [Test thread/INFO] (MetalLifecycleGameTest) Metal benchmark stall: phase=traversal#2 frame=1171 intervalMs=12.399 cpuMs=12.337 outsideLoopMs=0.022 render_frame=12.372ms/1 gpu_frame=6.371ms/1 jvm_gc=4.000ms/1 buffer_create=0.854ms/569 0.1MiB buffer_map=0.493ms/3084 1.0MiB command_batch=0.328ms/3 0.3MiB resource_release=0.012ms/567 0.1MiB submit=0.011ms/1 acquire=0.008ms/1 upload_copy=0.007ms/17 0.0MiB client_post_render=0.003ms/1 client_pre_frame=0.003ms/1 level_end_frame=0.003ms/1 lod_prepare=0.001ms/1 arena_wait=0.000ms/1 client_pre_render=0.000ms/1 present=0.000ms/1 client_packets=0.000ms/1 client_tasks=0.000ms/1 task_drain=0.000ms/1 client_post_tasks=0.000ms/1 render_pass_merge=0.000ms/6 unphasedMs=-0.003
[15:12:05] [Test thread/INFO] (MetalLifecycleGameTest) Metal benchmark stall: phase=traversal#2 frame=2536 intervalMs=12.015 cpuMs=11.936 outsideLoopMs=0.022 render_frame=11.990ms/1 gpu_frame=7.644ms/1 jvm_gc=3.000ms/1 buffer_create=1.133ms/660 0.1MiB buffer_map=0.546ms/3173 1.0MiB command_batch=0.314ms/3 0.3MiB submit=0.018ms/1 resource_release=0.014ms/660 0.1MiB acquire=0.008ms/1 upload_copy=0.005ms/3 0.0MiB level_end_frame=0.004ms/1 client_post_render=0.004ms/1 client_pre_frame=0.003ms/1 present=0.001ms/1 client_pre_render=0.000ms/1 lod_prepare=0.000ms/1 arena_wait=0.000ms/1 client_tasks=0.000ms/1 client_packets=0.000ms/1 task_drain=0.000ms/1 client_post_tasks=0.000ms/1 render_pass_merge=0.000ms/6 unphasedMs=-0.003
[15:12:05] [Test thread/INFO] (MetalLifecycleGameTest) Metal benchmark stall: phase=traversal#2 frame=1418 intervalMs=11.928 cpuMs=11.869 outsideLoopMs=0.018 render_frame=11.905ms/1 gpu_frame=6.461ms/1 jvm_gc=5.000ms/1 buffer_create=0.872ms/562 0.1MiB buffer_map=0.463ms/2928 0.9MiB command_batch=0.301ms/3 0.2MiB submit=0.012ms/1 resource_release=0.011ms/562 0.1MiB acquire=0.007ms/1 client_post_render=0.003ms/1 client_pre_frame=0.003ms/1 upload_copy=0.003ms/2 0.0MiB level_end_frame=0.003ms/1 lod_prepare=0.001ms/1 arena_wait=0.001ms/1 present=0.001ms/1 client_pre_render=0.000ms/1 client_tasks=0.000ms/1 client_packets=0.000ms/1 task_drain=0.000ms/1 client_post_tasks=0.000ms/1 render_pass_merge=0.000ms/6 unphasedMs=-0.003
[15:12:05] [Test thread/INFO] (MetalLifecycleGameTest) Metal benchmark stall: phase=traversal#2 frame=1972 intervalMs=11.826 cpuMs=11.761 outsideLoopMs=0.027 render_frame=11.794ms/1 gpu_frame=6.869ms/1 jvm_gc=4.000ms/1 buffer_create=0.828ms/573 0.1MiB buffer_map=0.471ms/2911 0.9MiB command_batch=0.290ms/3 0.2MiB resource_release=0.011ms/574 0.1MiB upload_copy=0.009ms/14 0.2MiB submit=0.009ms/1 acquire=0.008ms/1 client_post_render=0.004ms/1 client_pre_frame=0.003ms/1 level_end_frame=0.003ms/1 lod_prepare=0.001ms/1 client_tasks=0.001ms/1 client_pre_render=0.001ms/1 arena_wait=0.000ms/1 client_packets=0.000ms/1 task_drain=0.000ms/1 present=0.000ms/1 client_post_tasks=0.000ms/1 render_pass_merge=0.000ms/6 unphasedMs=-0.004
[15:12:05] [Server thread/INFO] (Minecraft) Teleported Player805 to -1535.500000, 174.620000, -127.500000
[15:12:05] [Render thread/INFO] (Minecraft) [System] [CHAT] [Server: Teleported Player805 to -1535.500000, 174.620000, -127.500000]
[15:12:30] [Test thread/INFO] (MetalLifecycleGameTest) Metal benchmark: phase=stationary#3 frames=3600 seconds=19.8 avgFps=181.5 onePercentLow=124.5 pointOnePercentLow=96.9 p50CpuMs=5.233 p95CpuMs=5.911 p99CpuMs=6.315 p50IntervalMs=5.294 p99IntervalMs=7.116 worstIntervalMs=10.703 p50AcquireMs=0.008 p99AcquireMs=0.016 p50OutsideLoopMs=0.023 p99OutsideLoopMs=0.044
[15:12:30] [Test thread/INFO] (MetalLifecycleGameTest) Metal benchmark stall: phase=stationary#3 whole-phase render_frame=19383.470ms/3600 gpu_frame=18979.036ms/3599 buffer_create=1511.812ms/864810 2193.1MiB buffer_map=1234.933ms/8086011 3564.1MiB command_batch=1041.415ms/10800 852.3MiB client_tick=218.262ms/396 client_post_tasks=121.096ms/3600 jvm_gc=33.000ms/12 submit=31.445ms/3600 resource_release=30.111ms/864802 2191.1MiB acquire=29.175ms/3600 client_post_render=13.373ms/3600 client_pre_frame=11.263ms/3600 level_end_frame=10.248ms/3600 upload_copy=9.533ms/7272 3.5MiB client_packets=9.167ms/3600 lod_prepare=2.398ms/3600 harness_handoff=2.383ms/559 client_pre_render=1.953ms/3600 present=1.209ms/3600 arena_wait=1.195ms/3600 client_tasks=1.137ms/3600 task_drain=0.771ms/3600 client_gizmos=0.232ms/396 render_pass_merge=0.000ms/35999
[15:12:30] [Test thread/INFO] (MetalLifecycleGameTest) Metal benchmark stall: phase=stationary#3 worst-1% render_frame=261.463ms/36 gpu_frame=234.666ms/45 jvm_gc=33.000ms/10 client_tick=17.933ms/30 buffer_create=15.121ms/8649 22.2MiB buffer_map=12.931ms/80886 35.6MiB command_batch=10.865ms/108 8.5MiB client_post_tasks=9.538ms/36 resource_release=0.680ms/8721 40.2MiB acquire=0.453ms/36 submit=0.402ms/36 harness_handoff=0.175ms/39 upload_copy=0.154ms/72 0.0MiB client_post_render=0.140ms/36 level_end_frame=0.099ms/36 client_pre_frame=0.067ms/36 client_packets=0.056ms/36 lod_prepare=0.024ms/36 client_gizmos=0.022ms/30 arena_wait=0.021ms/36 client_pre_render=0.020ms/36 present=0.016ms/36 client_tasks=0.012ms/36 task_drain=0.007ms/36 render_pass_merge=0.000ms/360
[15:12:30] [Test thread/INFO] (MetalLifecycleGameTest) Metal benchmark stall: phase=stationary#3 tasks total=0.000ms/0
[15:12:30] [Test thread/INFO] (MetalLifecycleGameTest) Metal benchmark stall: phase=stationary#3 gpuPassSpans sumOfSpans=59518.660ms/42909 MetalCraft shader: shadow_terrain=12163.432ms/3628 Section layers for opaque=8002.006ms/3628 Immediate draw with minecraft:pipeline/entity_translucent=6897.884ms/3628 MetalCraft shader: grade=6838.800ms/3628 Immediate draw with minecraft:pipeline/eyes=6720.626ms/3628 (depth clear)=6122.109ms/7256 Immediate draw with minecraft:pipeline/entity_cutout=6038.820ms/3628 Immediate draw with minecraft:pipeline/item_cutout=5617.276ms/3628 Sky disc=734.424ms/3628 GUI before blur=345.517ms/3628 Animate minecraft:textures/atlas/blocks.png=27.469ms/2000 Animate minecraft:textures/atlas/particles.png=3.580ms/400
[15:12:30] [Test thread/INFO] (MetalLifecycleGameTest) Metal benchmark stall: phase=stationary#3 frame=3481 intervalMs=10.703 cpuMs=9.711 outsideLoopMs=0.024 gpu_frame=10.615ms/2 render_frame=9.753ms/1 jvm_gc=4.000ms/1 client_tick=0.566ms/1 buffer_create=0.411ms/238 0.1MiB client_post_tasks=0.358ms/1 buffer_map=0.343ms/2247 1.0MiB command_batch=0.288ms/3 0.2MiB resource_release=0.028ms/246 2.1MiB submit=0.014ms/1 acquire=0.011ms/1 harness_handoff=0.005ms/1 client_post_render=0.004ms/1 upload_copy=0.003ms/2 0.0MiB level_end_frame=0.002ms/1 client_pre_frame=0.001ms/1 present=0.001ms/1 client_gizmos=0.001ms/1 lod_prepare=0.001ms/1 client_pre_render=0.000ms/1 arena_wait=0.000ms/1 client_tasks=0.000ms/1 client_packets=0.000ms/1 task_drain=0.000ms/1 render_pass_merge=0.000ms/10 unphasedMs=-0.004
[15:12:30] [Test thread/INFO] (MetalLifecycleGameTest) Metal benchmark stall: phase=stationary#3 frame=2593 intervalMs=10.328 cpuMs=10.223 outsideLoopMs=0.035 render_frame=10.271ms/1 gpu_frame=5.406ms/1 jvm_gc=3.000ms/1 buffer_create=0.451ms/241 0.8MiB buffer_map=0.380ms/2246 1.0MiB command_batch=0.321ms/3 0.2MiB resource_release=0.020ms/241 0.8MiB client_packets=0.016ms/1 submit=0.013ms/1 acquire=0.011ms/1 client_post_render=0.005ms/1 upload_copy=0.004ms/2 0.0MiB level_end_frame=0.004ms/1 client_pre_frame=0.004ms/1 lod_prepare=0.001ms/1 client_pre_render=0.001ms/1 arena_wait=0.001ms/1 client_tasks=0.001ms/1 present=0.001ms/1 task_drain=0.000ms/1 client_post_tasks=0.000ms/1 render_pass_merge=0.000ms/10 unphasedMs=-0.005
[15:12:30] [Test thread/INFO] (MetalLifecycleGameTest) Metal benchmark stall: phase=stationary#3 frame=362 intervalMs=10.275 cpuMs=9.196 outsideLoopMs=0.028 gpu_frame=10.379ms/2 render_frame=9.245ms/1 jvm_gc=3.000ms/1 client_tick=0.633ms/1 buffer_create=0.420ms/238 0.1MiB client_post_tasks=0.366ms/1 buffer_map=0.348ms/2247 1.0MiB command_batch=0.277ms/3 0.2MiB resource_release=0.028ms/246 2.1MiB acquire=0.017ms/1 submit=0.014ms/1 harness_handoff=0.006ms/1 upload_copy=0.005ms/2 0.0MiB client_post_render=0.004ms/1 level_end_frame=0.003ms/1 client_pre_frame=0.002ms/1 lod_prepare=0.001ms/1 client_gizmos=0.001ms/1 arena_wait=0.001ms/1 present=0.001ms/1 client_pre_render=0.000ms/1 client_packets=0.000ms/1 client_tasks=0.000ms/1 task_drain=0.000ms/1 render_pass_merge=0.000ms/10 unphasedMs=-0.004
[15:12:30] [Test thread/INFO] (MetalLifecycleGameTest) Metal benchmark stall: phase=stationary#3 frame=789 intervalMs=9.982 cpuMs=9.889 outsideLoopMs=0.029 render_frame=9.920ms/1 gpu_frame=5.299ms/1 jvm_gc=4.000ms/1 buffer_create=0.389ms/241 0.8MiB buffer_map=0.336ms/2246 1.0MiB command_batch=0.306ms/3 0.2MiB client_packets=0.030ms/1 resource_release=0.013ms/241 0.8MiB submit=0.009ms/1 acquire=0.007ms/1 client_post_render=0.004ms/1 client_pre_frame=0.003ms/1 upload_copy=0.003ms/2 0.0MiB level_end_frame=0.002ms/1 lod_prepare=0.001ms/1 client_pre_render=0.001ms/1 arena_wait=0.000ms/1 present=0.000ms/1 client_tasks=0.000ms/1 task_drain=0.000ms/1 client_post_tasks=0.000ms/1 render_pass_merge=0.000ms/10 unphasedMs=-0.004
[15:12:30] [Test thread/INFO] (MetalLifecycleGameTest) Metal benchmark stall: phase=stationary#3 frame=2126 intervalMs=9.970 cpuMs=9.905 outsideLoopMs=0.021 gpu_frame=10.753ms/2 render_frame=9.944ms/1 jvm_gc=4.000ms/1 buffer_create=0.484ms/238 0.1MiB buffer_map=0.339ms/2246 1.0MiB command_batch=0.272ms/3 0.2MiB resource_release=0.033ms/246 2.1MiB submit=0.018ms/1 acquire=0.006ms/1 client_post_render=0.004ms/1 client_pre_frame=0.003ms/1 upload_copy=0.002ms/2 0.0MiB level_end_frame=0.002ms/1 lod_prepare=0.001ms/1 present=0.000ms/1 client_pre_render=0.000ms/1 client_packets=0.000ms/1 client_tasks=0.000ms/1 arena_wait=0.000ms/1 task_drain=0.000ms/1 client_post_tasks=0.000ms/1 render_pass_merge=0.000ms/10 unphasedMs=-0.003
[15:12:30] [Test thread/INFO] (MetalLifecycleGameTest) Metal benchmark stall: phase=stationary#3 frame=1249 intervalMs=9.958 cpuMs=9.886 outsideLoopMs=0.023 render_frame=9.928ms/1 gpu_frame=5.108ms/1 jvm_gc=4.000ms/1 buffer_create=0.422ms/241 0.8MiB buffer_map=0.363ms/2246 1.0MiB command_batch=0.297ms/3 0.2MiB resource_release=0.018ms/241 0.8MiB submit=0.011ms/1 acquire=0.008ms/1 client_pre_frame=0.005ms/1 client_post_render=0.004ms/1 level_end_frame=0.003ms/1 upload_copy=0.003ms/2 0.0MiB lod_prepare=0.001ms/1 present=0.001ms/1 arena_wait=0.000ms/1 client_pre_render=0.000ms/1 client_packets=0.000ms/1 client_tasks=0.000ms/1 task_drain=0.000ms/1 client_post_tasks=0.000ms/1 render_pass_merge=0.000ms/10 unphasedMs=-0.003
[15:12:30] [Test thread/INFO] (MetalLifecycleGameTest) Metal benchmark stall: phase=stationary#3 frame=1678 intervalMs=9.668 cpuMs=8.772 outsideLoopMs=0.024 gpu_frame=10.616ms/2 render_frame=8.811ms/1 jvm_gc=3.000ms/1 client_tick=0.559ms/1 buffer_create=0.420ms/238 0.1MiB buffer_map=0.354ms/2247 1.0MiB command_batch=0.274ms/3 0.2MiB client_post_tasks=0.271ms/1 resource_release=0.025ms/246 2.1MiB submit=0.012ms/1 acquire=0.012ms/1 harness_handoff=0.005ms/1 client_post_render=0.004ms/1 upload_copy=0.004ms/2 0.0MiB level_end_frame=0.003ms/1 client_pre_frame=0.001ms/1 lod_prepare=0.001ms/1 arena_wait=0.001ms/1 client_packets=0.001ms/1 client_pre_render=0.000ms/1 client_gizmos=0.000ms/1 present=0.000ms/1 client_tasks=0.000ms/1 task_drain=0.000ms/1 render_pass_merge=0.000ms/10 unphasedMs=-0.004
[15:12:30] [Test thread/INFO] (MetalLifecycleGameTest) Metal benchmark stall: phase=stationary#3 frame=2577 intervalMs=9.391 cpuMs=8.486 outsideLoopMs=0.022 gpu_frame=10.266ms/2 render_frame=8.529ms/1 jvm_gc=3.000ms/1 client_tick=0.519ms/1 buffer_create=0.416ms/238 0.1MiB buffer_map=0.373ms/2247 1.0MiB client_post_tasks=0.318ms/1 command_batch=0.303ms/3 0.2MiB resource_release=0.028ms/246 2.1MiB submit=0.012ms/1 acquire=0.009ms/1 harness_handoff=0.005ms/2 level_end_frame=0.003ms/1 client_post_render=0.003ms/1 upload_copy=0.003ms/2 0.0MiB client_pre_frame=0.001ms/1 client_pre_render=0.001ms/1 lod_prepare=0.001ms/1 present=0.001ms/1 client_tasks=0.000ms/1 task_drain=0.000ms/1 client_packets=0.000ms/1 arena_wait=0.000ms/1 client_gizmos=0.000ms/1 render_pass_merge=0.000ms/10 unphasedMs=-0.003
[15:12:50] [Test thread/INFO] (MetalLifecycleGameTest) Metal benchmark: phase=pan#3 frames=3732 seconds=19.8 avgFps=188.2 onePercentLow=123.1 pointOnePercentLow=98.1 p50CpuMs=5.051 p95CpuMs=5.982 p99CpuMs=6.533 p50IntervalMs=5.118 p99IntervalMs=7.370 worstIntervalMs=10.931 p50AcquireMs=0.007 p99AcquireMs=0.015 p50OutsideLoopMs=0.022 p99OutsideLoopMs=0.043
[15:12:50] [Test thread/INFO] (MetalLifecycleGameTest) Metal benchmark stall: phase=pan#3 whole-phase gpu_frame=21796.213ms/3732 render_frame=19387.300ms/3732 upload_copy=1942.386ms/8621 33.7MiB arena_wait=1931.161ms/3732 buffer_create=965.910ms/530791 1407.9MiB buffer_map=882.039ms/5776085 2427.9MiB command_batch=743.122ms/9016 607.7MiB client_tick=213.164ms/396 client_post_tasks=124.429ms/3732 submit=30.509ms/3732 jvm_gc=30.000ms/13 acquire=27.913ms/3732 resource_release=20.993ms/530728 1406.7MiB client_post_render=12.412ms/3732 client_packets=10.320ms/3732 level_end_frame=10.290ms/3732 client_pre_frame=10.001ms/3732 lod_prepare=2.584ms/3732 harness_handoff=2.074ms/523 client_pre_render=1.884ms/3732 present=1.211ms/3732 client_tasks=1.198ms/3732 task_drain=0.768ms/3732 client_gizmos=0.202ms/396 render_pass_merge=0.000ms/33338
[15:12:50] [Test thread/INFO] (MetalLifecycleGameTest) Metal benchmark stall: phase=pan#3 worst-1% render_frame=269.769ms/37 gpu_frame=244.902ms/45 jvm_gc=30.000ms/10 client_tick=20.630ms/30 buffer_create=15.424ms/8989 25.6MiB buffer_map=12.977ms/81852 33.7MiB command_batch=10.576ms/107 8.5MiB client_post_tasks=9.934ms/37 upload_copy=2.610ms/74 0.0MiB arena_wait=2.471ms/37 resource_release=0.668ms/9052 41.3MiB acquire=0.465ms/37 submit=0.397ms/37 harness_handoff=0.175ms/40 client_post_render=0.131ms/37 level_end_frame=0.104ms/37 client_pre_frame=0.071ms/37 lod_prepare=0.022ms/37 client_gizmos=0.021ms/30 client_packets=0.019ms/37 client_pre_render=0.019ms/37 present=0.018ms/37 client_tasks=0.012ms/37 task_drain=0.007ms/37 render_pass_merge=0.000ms/387
[15:12:50] [Test thread/INFO] (MetalLifecycleGameTest) Metal benchmark stall: phase=pan#3 tasks total=0.000ms/0
[15:12:50] [Test thread/INFO] (MetalLifecycleGameTest) Metal benchmark stall: phase=pan#3 gpuPassSpans sumOfSpans=61275.863ms/43057 MetalCraft shader: shadow_terrain=12890.287ms/3761 Section layers for opaque=7925.545ms/3761 MetalCraft shader: grade=7310.269ms/3761 (depth clear)=7241.270ms/7522 Immediate draw with minecraft:pipeline/entity_translucent=6732.938ms/3761 Immediate draw with minecraft:pipeline/entity_cutout=6634.230ms/3761 Immediate draw with minecraft:pipeline/eyes=5293.164ms/2829 Immediate draw with minecraft:pipeline/item_cutout=4130.132ms/2446 Immediate draw with minecraft:pipeline/lines=1717.728ms/845 Sky disc=505.359ms/3761 GUI before blur=344.500ms/3761 Section layers for translucent=183.674ms/87
[15:12:50] [Test thread/INFO] (MetalLifecycleGameTest) Metal benchmark stall: phase=pan#3 frame=3269 intervalMs=10.931 cpuMs=6.397 outsideLoopMs=0.020 render_frame=6.447ms/1 gpu_frame=5.462ms/1 client_tick=4.134ms/1 jvm_gc=4.000ms/1 buffer_create=0.473ms/264 0.8MiB buffer_map=0.366ms/2376 0.9MiB client_post_tasks=0.323ms/1 command_batch=0.302ms/3 0.2MiB acquire=0.023ms/1 resource_release=0.014ms/264 0.8MiB submit=0.011ms/1 harness_handoff=0.008ms/2 upload_copy=0.005ms/2 0.0MiB client_post_render=0.003ms/1 level_end_frame=0.003ms/1 client_pre_frame=0.003ms/1 client_gizmos=0.002ms/1 arena_wait=0.001ms/1 client_pre_render=0.000ms/1 lod_prepare=0.000ms/1 present=0.000ms/1 client_packets=0.000ms/1 client_tasks=0.000ms/1 task_drain=0.000ms/1 render_pass_merge=0.000ms/11 unphasedMs=-0.003
[15:12:50] [Test thread/INFO] (MetalLifecycleGameTest) Metal benchmark stall: phase=pan#3 frame=3701 intervalMs=10.277 cpuMs=10.193 outsideLoopMs=0.028 render_frame=10.236ms/1 gpu_frame=5.551ms/1 jvm_gc=3.000ms/1 buffer_create=0.425ms/247 0.8MiB buffer_map=0.358ms/2296 1.0MiB command_batch=0.291ms/3 0.2MiB resource_release=0.016ms/247 0.8MiB submit=0.012ms/1 acquire=0.009ms/1 client_packets=0.008ms/1 client_post_render=0.004ms/1 client_pre_frame=0.004ms/1 level_end_frame=0.003ms/1 upload_copy=0.003ms/2 0.0MiB lod_prepare=0.001ms/1 present=0.000ms/1 client_tasks=0.000ms/1 arena_wait=0.000ms/1 client_pre_render=0.000ms/1 task_drain=0.000ms/1 client_post_tasks=0.000ms/1 render_pass_merge=0.000ms/11 unphasedMs=-0.004
[15:12:50] [Test thread/INFO] (MetalLifecycleGameTest) Metal benchmark stall: phase=pan#3 frame=1624 intervalMs=9.944 cpuMs=9.902 outsideLoopMs=0.015 gpu_frame=11.230ms/2 render_frame=9.927ms/1 jvm_gc=4.000ms/1 upload_copy=1.695ms/2 0.0MiB arena_wait=1.692ms/1 buffer_map=0.114ms/734 0.4MiB buffer_create=0.105ms/42 0.1MiB command_batch=0.097ms/2 0.1MiB resource_release=0.023ms/50 2.1MiB submit=0.008ms/1 acquire=0.004ms/1 level_end_frame=0.002ms/1 client_post_render=0.002ms/1 client_pre_frame=0.001ms/1 lod_prepare=0.000ms/1 client_packets=0.000ms/1 present=0.000ms/1 client_pre_render=0.000ms/1 client_tasks=0.000ms/1 task_drain=0.000ms/1 client_post_tasks=0.000ms/1 render_pass_merge=0.000ms/9 unphasedMs=-0.002
[15:12:50] [Test thread/INFO] (MetalLifecycleGameTest) Metal benchmark stall: phase=pan#3 frame=2280 intervalMs=9.636 cpuMs=9.567 outsideLoopMs=0.018 gpu_frame=11.110ms/2 render_frame=9.614ms/1 jvm_gc=3.000ms/1 buffer_map=0.237ms/1420 0.6MiB buffer_create=0.209ms/87 0.1MiB command_batch=0.200ms/2 0.2MiB resource_release=0.030ms/95 2.1MiB submit=0.014ms/1 upload_copy=0.013ms/2 0.0MiB acquire=0.008ms/1 level_end_frame=0.003ms/1 client_post_render=0.003ms/1 client_pre_frame=0.003ms/1 arena_wait=0.001ms/1 present=0.001ms/1 client_pre_render=0.000ms/1 lod_prepare=0.000ms/1 client_packets=0.000ms/1 client_tasks=0.000ms/1 client_post_tasks=0.000ms/1 task_drain=0.000ms/1 render_pass_merge=0.000ms/8 unphasedMs=-0.003
[15:12:50] [Test thread/INFO] (MetalLifecycleGameTest) Metal benchmark stall: phase=pan#3 frame=3686 intervalMs=9.519 cpuMs=8.631 outsideLoopMs=0.021 gpu_frame=10.960ms/2 render_frame=8.679ms/1 jvm_gc=1.000ms/1 client_tick=0.540ms/1 buffer_create=0.456ms/247 0.1MiB buffer_map=0.387ms/2313 1.0MiB command_batch=0.327ms/3 0.2MiB client_post_tasks=0.276ms/1 resource_release=0.033ms/255 2.1MiB submit=0.014ms/1 acquire=0.009ms/1 harness_handoff=0.006ms/1 client_post_render=0.004ms/1 level_end_frame=0.003ms/1 upload_copy=0.003ms/2 0.0MiB client_pre_frame=0.001ms/1 lod_prepare=0.001ms/1 present=0.001ms/1 client_gizmos=0.001ms/1 client_pre_render=0.000ms/1 client_packets=0.000ms/1 arena_wait=0.000ms/1 client_tasks=0.000ms/1 task_drain=0.000ms/1 render_pass_merge=0.000ms/11 unphasedMs=-0.003
[15:12:50] [Test thread/INFO] (MetalLifecycleGameTest) Metal benchmark stall: phase=pan#3 frame=326 intervalMs=9.517 cpuMs=9.450 outsideLoopMs=0.023 gpu_frame=11.084ms/2 render_frame=9.490ms/1 jvm_gc=3.000ms/1 buffer_create=0.440ms/238 0.8MiB buffer_map=0.329ms/1922 0.8MiB command_batch=0.232ms/3 0.2MiB resource_release=0.037ms/246 2.8MiB submit=0.011ms/1 acquire=0.006ms/1 client_post_render=0.003ms/1 level_end_frame=0.003ms/1 client_pre_frame=0.002ms/1 upload_copy=0.002ms/2 0.0MiB present=0.001ms/1 lod_prepare=0.001ms/1 arena_wait=0.001ms/1 client_pre_render=0.001ms/1 client_packets=0.000ms/1 client_post_tasks=0.000ms/1 client_tasks=0.000ms/1 task_drain=0.000ms/1 render_pass_merge=0.000ms/10 unphasedMs=-0.003
[15:12:50] [Test thread/INFO] (MetalLifecycleGameTest) Metal benchmark stall: phase=pan#3 frame=899 intervalMs=9.283 cpuMs=8.414 outsideLoopMs=0.014 gpu_frame=10.971ms/2 render_frame=8.450ms/1 jvm_gc=3.000ms/1 client_tick=0.513ms/1 client_post_tasks=0.305ms/1 upload_copy=0.274ms/2 0.0MiB arena_wait=0.271ms/1 buffer_create=0.230ms/111 0.1MiB buffer_map=0.192ms/1134 0.5MiB command_batch=0.150ms/2 0.1MiB resource_release=0.021ms/118 1.8MiB submit=0.011ms/1 acquire=0.009ms/1 harness_handoff=0.005ms/1 level_end_frame=0.003ms/1 client_post_render=0.002ms/1 client_pre_frame=0.001ms/1 present=0.000ms/1 lod_prepare=0.000ms/1 client_gizmos=0.000ms/1 client_packets=0.000ms/1 client_pre_render=0.000ms/1 client_tasks=0.000ms/1 task_drain=0.000ms/1 render_pass_merge=0.000ms/9 unphasedMs=-0.002
[15:12:50] [Test thread/INFO] (MetalLifecycleGameTest) Metal benchmark stall: phase=pan#3 frame=2807 intervalMs=8.869 cpuMs=8.779 outsideLoopMs=0.035 gpu_frame=11.514ms/2 render_frame=8.825ms/1 jvm_gc=3.000ms/1 upload_copy=0.489ms/2 0.0MiB arena_wait=0.487ms/1 buffer_map=0.269ms/1792 0.7MiB buffer_create=0.256ms/130 0.1MiB command_batch=0.240ms/3 0.2MiB resource_release=0.028ms/138 2.1MiB acquire=0.015ms/1 submit=0.014ms/1 client_pre_frame=0.006ms/1 client_post_render=0.005ms/1 level_end_frame=0.003ms/1 client_pre_render=0.001ms/1 lod_prepare=0.001ms/1 present=0.001ms/1 client_packets=0.001ms/1 client_tasks=0.001ms/1 task_drain=0.000ms/1 client_post_tasks=0.000ms/1 render_pass_merge=0.000ms/8 unphasedMs=-0.005
[15:13:10] [Test thread/INFO] (MetalLifecycleGameTest) Metal benchmark: phase=traversal#3 frames=2671 seconds=19.8 avgFps=134.8 onePercentLow=94.5 pointOnePercentLow=82.5 p50CpuMs=7.371 p95CpuMs=8.348 p99CpuMs=8.936 p50IntervalMs=7.479 p99IntervalMs=9.798 worstIntervalMs=12.382 p50AcquireMs=0.008 p99AcquireMs=0.018 p50OutsideLoopMs=0.023 p99OutsideLoopMs=0.044
[15:13:10] [Test thread/INFO] (MetalLifecycleGameTest) Metal benchmark stall: phase=traversal#3 whole-phase render_frame=19384.751ms/2671 gpu_frame=17715.546ms/2672 buffer_create=2361.760ms/1339194 701.4MiB buffer_map=1205.434ms/7529897 2534.4MiB command_batch=801.509ms/8013 657.0MiB client_tick=191.253ms/396 client_post_tasks=134.596ms/2671 client_packets=35.426ms/2671 jvm_gc=33.000ms/12 resource_release=31.532ms/1338732 692.6MiB acquire=23.551ms/2671 submit=21.692ms/2671 upload_copy=11.494ms/10716 121.2MiB client_post_render=9.822ms/2671 client_pre_frame=8.109ms/2671 level_end_frame=7.168ms/2671 harness_handoff=2.256ms/498 lod_prepare=1.741ms/2671 client_pre_render=1.474ms/2671 arena_wait=1.014ms/2671 client_tasks=0.876ms/2671 present=0.864ms/2671 task_drain=0.580ms/2671 client_gizmos=0.249ms/396 render_pass_merge=0.000ms/18578
[15:13:10] [Test thread/INFO] (MetalLifecycleGameTest) Metal benchmark stall: phase=traversal#3 worst-1% render_frame=254.929ms/26 gpu_frame=183.756ms/27 jvm_gc=31.000ms/9 buffer_create=27.516ms/15200 3.0MiB buffer_map=20.948ms/79247 26.0MiB client_post_tasks=12.063ms/26 command_batch=11.172ms/78 6.6MiB client_tick=7.627ms/16 client_packets=0.596ms/26 upload_copy=0.425ms/520 11.1MiB resource_release=0.382ms/15164 4.0MiB acquire=0.299ms/26 submit=0.284ms/26 client_post_render=0.093ms/26 harness_handoff=0.079ms/18 level_end_frame=0.069ms/26 client_pre_frame=0.063ms/26 lod_prepare=0.016ms/26 arena_wait=0.015ms/26 client_pre_render=0.013ms/26 present=0.012ms/26 client_gizmos=0.010ms/16 client_tasks=0.008ms/26 task_drain=0.005ms/26 render_pass_merge=0.000ms/157
[15:13:10] [Test thread/INFO] (MetalLifecycleGameTest) Metal benchmark stall: phase=traversal#3 tasks total=0.000ms/0
[15:13:10] [Test thread/INFO] (MetalLifecycleGameTest) Metal benchmark stall: phase=traversal#3 gpuPassSpans sumOfSpans=48809.384ms/28856 MetalCraft shader: shadow_terrain=11165.593ms/2701 Immediate draw with minecraft:pipeline/entity_translucent=7181.006ms/2701 MetalCraft shader: grade=6964.139ms/2701 (depth clear)=6540.038ms/5402 Section layers for opaque=6293.673ms/2701 Section layers for translucent=6152.439ms/2308 Immediate draw with minecraft:pipeline/entity_cutout=1415.275ms/832 Immediate draw with minecraft:pipeline/item_cutout=1090.377ms/694 Immediate draw with minecraft:pipeline/eyes=883.279ms/393 Sky disc=772.898ms/2701 GUI before blur=252.469ms/2701 Clouds=51.156ms/21
[15:13:10] [Test thread/INFO] (MetalLifecycleGameTest) Metal benchmark stall: phase=traversal#3 frame=2566 intervalMs=12.382 cpuMs=12.315 outsideLoopMs=0.021 render_frame=12.356ms/1 gpu_frame=7.816ms/1 buffer_map=4.761ms/3069 1.0MiB jvm_gc=4.000ms/1 buffer_create=0.976ms/640 0.1MiB command_batch=0.296ms/3 0.2MiB submit=0.015ms/1 resource_release=0.012ms/639 0.1MiB acquire=0.008ms/1 client_pre_frame=0.004ms/1 client_post_render=0.003ms/1 level_end_frame=0.003ms/1 upload_copy=0.002ms/2 0.0MiB lod_prepare=0.001ms/1 client_pre_render=0.001ms/1 present=0.000ms/1 client_packets=0.000ms/1 arena_wait=0.000ms/1 client_tasks=0.000ms/1 task_drain=0.000ms/1 client_post_tasks=0.000ms/1 render_pass_merge=0.000ms/6 unphasedMs=-0.003
[15:13:10] [Test thread/INFO] (MetalLifecycleGameTest) Metal benchmark stall: phase=traversal#3 frame=1005 intervalMs=12.172 cpuMs=12.065 outsideLoopMs=0.035 render_frame=12.110ms/1 gpu_frame=6.539ms/1 jvm_gc=3.000ms/1 buffer_create=0.934ms/598 0.1MiB buffer_map=0.601ms/3444 1.1MiB command_batch=0.372ms/3 0.3MiB resource_release=0.025ms/596 0.1MiB client_packets=0.023ms/1 submit=0.013ms/1 acquire=0.008ms/1 client_post_render=0.005ms/1 level_end_frame=0.004ms/1 upload_copy=0.004ms/2 0.0MiB client_pre_frame=0.003ms/1 lod_prepare=0.002ms/1 present=0.001ms/1 arena_wait=0.001ms/1 client_pre_render=0.001ms/1 client_tasks=0.001ms/1 task_drain=0.000ms/1 client_post_tasks=0.000ms/1 render_pass_merge=0.000ms/6 unphasedMs=-0.004
[15:13:10] [Test thread/INFO] (MetalLifecycleGameTest) Metal benchmark stall: phase=traversal#3 frame=1948 intervalMs=11.797 cpuMs=11.721 outsideLoopMs=0.023 render_frame=11.770ms/1 gpu_frame=7.144ms/1 jvm_gc=3.000ms/1 buffer_create=0.947ms/573 0.1MiB buffer_map=0.487ms/2911 0.9MiB command_batch=0.312ms/3 0.2MiB resource_release=0.016ms/573 0.1MiB submit=0.015ms/1 acquire=0.008ms/1 client_post_render=0.004ms/1 level_end_frame=0.004ms/1 client_pre_frame=0.003ms/1 upload_copy=0.002ms/2 0.0MiB present=0.001ms/1 lod_prepare=0.001ms/1 client_pre_render=0.001ms/1 arena_wait=0.000ms/1 client_tasks=0.000ms/1 client_packets=0.000ms/1 task_drain=0.000ms/1 client_post_tasks=0.000ms/1 render_pass_merge=0.000ms/6 unphasedMs=-0.004
[15:13:10] [Test thread/INFO] (MetalLifecycleGameTest) Metal benchmark stall: phase=traversal#3 frame=1632 intervalMs=11.678 cpuMs=11.618 outsideLoopMs=0.021 render_frame=11.653ms/1 gpu_frame=6.624ms/1 jvm_gc=4.000ms/1 buffer_create=0.821ms/548 0.1MiB buffer_map=0.439ms/2809 0.9MiB command_batch=0.274ms/3 0.2MiB resource_release=0.011ms/548 0.1MiB submit=0.010ms/1 acquire=0.008ms/1 client_post_render=0.003ms/1 client_pre_frame=0.003ms/1 level_end_frame=0.003ms/1 upload_copy=0.002ms/2 0.0MiB lod_prepare=0.000ms/1 present=0.000ms/1 client_pre_render=0.000ms/1 client_packets=0.000ms/1 arena_wait=0.000ms/1 client_post_tasks=0.000ms/1 client_tasks=0.000ms/1 task_drain=0.000ms/1 render_pass_merge=0.000ms/6 unphasedMs=-0.003
[15:13:10] [Test thread/INFO] (MetalLifecycleGameTest) Metal benchmark stall: phase=traversal#3 frame=2306 intervalMs=11.537 cpuMs=8.936 outsideLoopMs=0.018 render_frame=8.978ms/1 gpu_frame=6.871ms/1 client_post_tasks=2.158ms/1 buffer_create=0.944ms/605 0.2MiB buffer_map=0.508ms/2883 1.0MiB client_tick=0.380ms/1 command_batch=0.298ms/3 0.2MiB upload_copy=0.039ms/48 1.1MiB acquire=0.015ms/1 resource_release=0.013ms/602 0.1MiB submit=0.012ms/1 harness_handoff=0.005ms/1 client_post_render=0.003ms/1 level_end_frame=0.003ms/1 client_pre_frame=0.002ms/1 arena_wait=0.001ms/1 client_gizmos=0.001ms/1 present=0.000ms/1 lod_prepare=0.000ms/1 client_pre_render=0.000ms/1 client_packets=0.000ms/1 client_tasks=0.000ms/1 task_drain=0.000ms/1 render_pass_merge=0.000ms/6 unphasedMs=-0.002
[15:13:10] [Test thread/INFO] (MetalLifecycleGameTest) Metal benchmark stall: phase=traversal#3 frame=1959 intervalMs=11.399 cpuMs=11.330 outsideLoopMs=0.024 render_frame=11.371ms/1 gpu_frame=6.951ms/1 buffer_create=3.937ms/573 0.1MiB jvm_gc=3.000ms/1 buffer_map=0.511ms/2911 0.9MiB command_batch=0.288ms/3 0.2MiB resource_release=0.018ms/573 0.1MiB submit=0.011ms/1 acquire=0.008ms/1 upload_copy=0.004ms/2 0.0MiB client_pre_frame=0.004ms/1 client_post_render=0.004ms/1 level_end_frame=0.003ms/1 present=0.001ms/1 lod_prepare=0.001ms/1 arena_wait=0.001ms/1 client_pre_render=0.000ms/1 client_tasks=0.000ms/1 client_packets=0.000ms/1 task_drain=0.000ms/1 client_post_tasks=0.000ms/1 render_pass_merge=0.000ms/6 unphasedMs=-0.003
[15:13:10] [Test thread/INFO] (MetalLifecycleGameTest) Metal benchmark stall: phase=traversal#3 frame=1016 intervalMs=11.215 cpuMs=11.109 outsideLoopMs=0.026 render_frame=11.154ms/1 gpu_frame=6.398ms/1 command_batch=3.148ms/3 0.3MiB jvm_gc=3.000ms/1 buffer_create=0.928ms/602 0.1MiB buffer_map=0.552ms/3460 1.1MiB client_packets=0.031ms/1 submit=0.014ms/1 resource_release=0.013ms/602 0.1MiB acquire=0.008ms/1 client_post_render=0.005ms/1 level_end_frame=0.003ms/1 upload_copy=0.003ms/2 0.0MiB client_pre_frame=0.003ms/1 present=0.001ms/1 client_pre_render=0.001ms/1 lod_prepare=0.001ms/1 client_tasks=0.000ms/1 arena_wait=0.000ms/1 task_drain=0.000ms/1 client_post_tasks=0.000ms/1 render_pass_merge=0.000ms/6 unphasedMs=-0.004
[15:13:10] [Test thread/INFO] (MetalLifecycleGameTest) Metal benchmark stall: phase=traversal#3 frame=2490 intervalMs=10.773 cpuMs=9.923 outsideLoopMs=0.022 render_frame=9.969ms/1 gpu_frame=7.604ms/1 buffer_create=1.079ms/629 0.1MiB buffer_map=0.515ms/2970 0.9MiB client_tick=0.479ms/1 command_batch=0.327ms/3 0.2MiB client_post_tasks=0.300ms/1 upload_copy=0.021ms/25 0.5MiB acquire=0.017ms/1 resource_release=0.014ms/629 0.1MiB submit=0.013ms/1 harness_handoff=0.005ms/1 client_post_render=0.004ms/1 level_end_frame=0.003ms/1 client_pre_frame=0.001ms/1 arena_wait=0.001ms/1 present=0.001ms/1 client_gizmos=0.001ms/1 client_pre_render=0.001ms/1 lod_prepare=0.000ms/1 client_tasks=0.000ms/1 task_drain=0.000ms/1 client_packets=0.000ms/1 render_pass_merge=0.000ms/6 unphasedMs=-0.004
[15:13:10] [Test thread/INFO] (MetalLifecycleGameTest) Metal benchmark result: backend=Metal arch=aarch64 maxHeapMiB=16384 gc=G1 Young Generation+G1 Concurrent GC+G1 Old Generation resolution=3840x2104 drawable=3840x2104 renderDistance=16 simulationDistance=16 seed=metalcraft site=-1536,173,-128 roughness=32.938 flatFrameFraction=0.863 loadedChunkFraction=0.995 visibleSections=977
[15:13:10] [Test thread/INFO] (MetalLifecycleGameTest) Metal benchmark result: phase=stationary#1 frames=4438 seconds=19.9 avgFps=223.4 onePercentLow=149.4 pointOnePercentLow=121.7 p50CpuMs=4.243 p95CpuMs=4.853 p99CpuMs=5.166 p50IntervalMs=4.295 p99IntervalMs=6.097 worstIntervalMs=9.141 p50AcquireMs=0.007 p99AcquireMs=0.016 p50OutsideLoopMs=0.021 p99OutsideLoopMs=0.042
[15:13:10] [Test thread/INFO] (MetalLifecycleGameTest) Metal benchmark result: phase=pan#1 frames=4626 seconds=19.9 avgFps=233.0 onePercentLow=143.6 pointOnePercentLow=111.3 p50CpuMs=4.026 p95CpuMs=5.068 p99CpuMs=5.643 p50IntervalMs=4.103 p99IntervalMs=6.451 worstIntervalMs=9.537 p50AcquireMs=0.007 p99AcquireMs=0.014 p50OutsideLoopMs=0.022 p99OutsideLoopMs=0.043
[15:13:10] [Test thread/INFO] (MetalLifecycleGameTest) Metal benchmark result: phase=traversal#1 frames=2734 seconds=19.8 avgFps=137.8 onePercentLow=86.8 pointOnePercentLow=74.8 p50CpuMs=7.312 p95CpuMs=8.383 p99CpuMs=9.088 p50IntervalMs=7.413 p99IntervalMs=10.133 worstIntervalMs=13.572 p50AcquireMs=0.008 p99AcquireMs=0.019 p50OutsideLoopMs=0.026 p99OutsideLoopMs=0.047
[15:13:10] [Test thread/INFO] (MetalLifecycleGameTest) Metal benchmark result: phase=stationary#2 frames=3606 seconds=19.8 avgFps=181.8 onePercentLow=123.2 pointOnePercentLow=94.3 p50CpuMs=5.216 p95CpuMs=5.922 p99CpuMs=6.289 p50IntervalMs=5.277 p99IntervalMs=7.138 worstIntervalMs=12.122 p50AcquireMs=0.008 p99AcquireMs=0.017 p50OutsideLoopMs=0.023 p99OutsideLoopMs=0.045
[15:13:10] [Test thread/INFO] (MetalLifecycleGameTest) Metal benchmark result: phase=pan#2 frames=3732 seconds=19.8 avgFps=188.2 onePercentLow=109.4 pointOnePercentLow=66.2 p50CpuMs=5.030 p95CpuMs=6.152 p99CpuMs=6.841 p50IntervalMs=5.103 p99IntervalMs=7.580 worstIntervalMs=18.484 p50AcquireMs=0.007 p99AcquireMs=0.016 p50OutsideLoopMs=0.022 p99OutsideLoopMs=0.044
[15:13:10] [Test thread/INFO] (MetalLifecycleGameTest) Metal benchmark result: phase=traversal#2 frames=2673 seconds=19.8 avgFps=134.8 onePercentLow=88.7 pointOnePercentLow=77.2 p50CpuMs=7.381 p95CpuMs=8.398 p99CpuMs=9.268 p50IntervalMs=7.495 p99IntervalMs=10.155 worstIntervalMs=13.091 p50AcquireMs=0.008 p99AcquireMs=0.018 p50OutsideLoopMs=0.023 p99OutsideLoopMs=0.042
[15:13:10] [Test thread/INFO] (MetalLifecycleGameTest) Metal benchmark result: phase=stationary#3 frames=3600 seconds=19.8 avgFps=181.5 onePercentLow=124.5 pointOnePercentLow=96.9 p50CpuMs=5.233 p95CpuMs=5.911 p99CpuMs=6.315 p50IntervalMs=5.294 p99IntervalMs=7.116 worstIntervalMs=10.703 p50AcquireMs=0.008 p99AcquireMs=0.016 p50OutsideLoopMs=0.023 p99OutsideLoopMs=0.044
[15:13:10] [Test thread/INFO] (MetalLifecycleGameTest) Metal benchmark result: phase=pan#3 frames=3732 seconds=19.8 avgFps=188.2 onePercentLow=123.1 pointOnePercentLow=98.1 p50CpuMs=5.051 p95CpuMs=5.982 p99CpuMs=6.533 p50IntervalMs=5.118 p99IntervalMs=7.370 worstIntervalMs=10.931 p50AcquireMs=0.007 p99AcquireMs=0.015 p50OutsideLoopMs=0.022 p99OutsideLoopMs=0.043
[15:13:10] [Test thread/INFO] (MetalLifecycleGameTest) Metal benchmark result: phase=traversal#3 frames=2671 seconds=19.8 avgFps=134.8 onePercentLow=94.5 pointOnePercentLow=82.5 p50CpuMs=7.371 p95CpuMs=8.348 p99CpuMs=8.936 p50IntervalMs=7.479 p99IntervalMs=9.798 worstIntervalMs=12.382 p50AcquireMs=0.008 p99AcquireMs=0.018 p50OutsideLoopMs=0.023 p99OutsideLoopMs=0.044
[15:13:10] [Test thread/INFO] (MetalLifecycleGameTest) Metal benchmark summary: phase=stationary repeats=3 medianFps=181.8 minFps=181.5 maxFps=223.4 spreadFps=41.9 spreadPercent=23.0 medianOnePercentLow=124.5 worstIntervalMs=12.122
[15:13:10] [Test thread/INFO] (MetalLifecycleGameTest) Metal benchmark summary: phase=pan repeats=3 medianFps=188.2 minFps=188.2 maxFps=233.0 spreadFps=44.8 spreadPercent=23.8 medianOnePercentLow=123.1 worstIntervalMs=18.484
[15:13:10] [Test thread/INFO] (MetalLifecycleGameTest) Metal benchmark summary: phase=traversal repeats=3 medianFps=134.8 minFps=134.8 maxFps=137.8 spreadFps=3.1 spreadPercent=2.3 medianOnePercentLow=88.7 worstIntervalMs=13.572
[15:13:10] [Test thread/INFO] (MetalLifecycleGameTest) Metal benchmark result written to /Users/jackangione/Desktop/VULKAN SHADERS/run/benchmarks/metalcraft-metal.json
[15:13:10] [Server thread/INFO] (Minecraft) Player805 lost connection: Disconnected
[15:13:10] [Server thread/INFO] (Minecraft) Player805 left the game
[15:13:10] [Server thread/INFO] (Minecraft) Stopping singleplayer server as player logged out
[15:13:10] [Server thread/INFO] (Minecraft) Stopping server
[15:13:10] [Server thread/INFO] (Minecraft) Saving players
[15:13:10] [Server thread/INFO] (Minecraft) Saving worlds
[15:13:10] [Server thread/INFO] (Minecraft) Saving chunks for level 'ServerLevel[New World]'/minecraft:overworld
[15:13:11] [Server thread/INFO] (Minecraft) Saving chunks for level 'ServerLevel[New World]'/minecraft:the_nether
[15:13:11] [Server thread/INFO] (Minecraft) Saving chunks for level 'ServerLevel[New World]'/minecraft:the_end
[15:13:11] [Server thread/INFO] (Minecraft) ThreadedAnvilChunkStorage (world): All chunks are saved
[15:13:11] [Server thread/INFO] (Minecraft) ThreadedAnvilChunkStorage (DIM-1): All chunks are saved
[15:13:11] [Server thread/INFO] (Minecraft) ThreadedAnvilChunkStorage (DIM1): All chunks are saved
[15:13:11] [Server thread/INFO] (Minecraft) ThreadedAnvilChunkStorage: All dimensions are saved
[15:13:11] [Test thread/INFO] (MetalLifecycleGameTest) Metal benchmark: world closed; clean client shutdown requested
[15:13:11] [Render thread/INFO] (WorldGeometryAdapter) Shader pack 'metalcraft-standard' leaves 5 pipeline(s) outside the G-buffer: [minecraft:pipeline/translucent_terrain, minecraft:pipeline/entity_translucent, minecraft:pipeline/item_cutout, minecraft:pipeline/eyes, minecraft:pipeline/lines]
[15:13:11] [Render thread/INFO] (MetalGpuSurface) MetalCraft surface configured: 1708x960 presentMode=IMMEDIATE displaySync=false unlockedFrameRate=true
[15:13:11] [Render thread/INFO] (Minecraft) Stopping!
