
> Configure project :
Fabric Loom: 1.17.20

> Task :compileJava NO-SOURCE
> Task :processResources UP-TO-DATE
> Task :classes UP-TO-DATE
> Task :compileClientJava UP-TO-DATE
> Task :compileMetalNative UP-TO-DATE
> Task :processClientResources UP-TO-DATE
> Task :clientClasses UP-TO-DATE
> Task :generateLog4jConfig UP-TO-DATE
> Task :generateDLIConfig UP-TO-DATE
> Task :configureLaunch UP-TO-DATE
> Task :downloadAssets UP-TO-DATE
> Task :configureClientLaunch UP-TO-DATE

> Task :runClient
[22:47:29] [main/WARN] (FabricLoader/Knot) Class path entries reference missing files: /Users/jackangione/Desktop/VULKAN SHADERS/build/classes/java/main - the game may not load properly!
[22:47:29] [main/INFO] (FabricLoader/GameProvider) Loading Minecraft 26.2 with Fabric Loader 0.19.3
[22:47:29] [main/INFO] (FabricLoader/Mappings) Mappings not present!
[22:47:29] [main/INFO] (FabricLoader) Loading 51 mods:
	- fabric-api 0.157.0+26.2
	- fabric-api-base 2.0.4+ece063239e
	- fabric-api-lookup-api-v1 2.0.17+11e1c9a39e
	- fabric-biome-api-v1 18.0.6+c7bd5b8e9e
	- fabric-block-api-v1 3.0.3+ec56b6019e
	- fabric-block-getter-api-v2 2.0.7+ec56b6019e
	- fabric-client-gametest-api-v1 6.0.0+515ac5339e
	- fabric-command-api-v2 3.1.0+00cb03469e
	- fabric-content-registries-v0 11.3.1+37b1aa249e
	- fabric-convention-tags-v2 4.7.0+1f023a9e9e
	- fabric-crash-report-info-v1 1.0.5+086d547a9e
	- fabric-creative-tab-api-v1 5.0.14+d871b99e9e
	- fabric-data-attachment-api-v1 2.2.18+515ac5339e
	- fabric-data-generation-api-v1 25.5.0+aed122aa9e
	- fabric-debug-api-v1 1.0.2+c792624d9e
	- fabric-dimensions-v1 5.1.11+515ac5339e
	- fabric-entity-events-v1 5.0.5+06488ac19e
	- fabric-events-interaction-v0 5.2.7+515ac5339e
	- fabric-game-rule-api-v1 4.0.8+46a6d00c9e
	- fabric-gametest-api-v1 4.0.21+4a7fa0819e
	- fabric-item-api-v1 14.4.0+49a69a7b9e
	- fabric-key-mapping-api-v1 2.0.5+e2bdee789e
	- fabric-lifecycle-events-v1 4.1.3+4575b05f9e
	- fabric-loot-api-v3 3.0.17+06488ac19e
	- fabric-menu-api-v1 2.0.16+086d547a9e
	- fabric-message-api-v1 7.0.8+bb2ed3f79e
	- fabric-model-loading-api-v1 8.0.16+c80601bb9e
	- fabric-networking-api-v1 6.3.3+72073ef09e
	- fabric-object-builder-api-v1 24.1.0+6fcd5f039e
	- fabric-particles-v1 5.0.18+d1756aa99e
	- fabric-permission-api-v1 1.0.5+e442d8d09e
	- fabric-recipe-api-v1 9.0.20+11e1c9a39e
	- fabric-registry-sync-v0 7.1.0+c7bd5b8e9e
	- fabric-renderer-api-v1 14.1.3+2b0d8a229e
	- fabric-renderer-indigo 9.1.3+2b0d8a229e
	- fabric-rendering-fluids-v1 6.0.4+06488ac19e
	- fabric-rendering-v1 25.3.2+515ac5339e
	- fabric-resource-conditions-api-v1 6.1.0+10e9a28b9e
	- fabric-resource-loader-v0 3.3.20+4fc5413f9e
	- fabric-resource-loader-v1 2.0.13+9edec1269e
	- fabric-screen-api-v1 5.2.0+58e078ad9e
	- fabric-serialization-api-v1 2.0.4+11a26f319e
	- fabric-sound-api-v1 2.0.5+11a26f319e
	- fabric-tag-api-v1 2.1.4+515ac5339e
	- fabric-transfer-api-v1 8.0.12+11dbb7d79e
	- fabric-transitive-access-wideners-v1 8.1.4+67c847259e
	- fabricloader 0.19.3
	- java 25
	- metalcraft 0.2.0-dev.1
	- minecraft 26.2
	- mixinextras 0.5.4
[22:47:29] [main/INFO] (FabricLoader/Mixin) SpongePowered MIXIN Subsystem Version=0.8.7 Source=file:/Users/jackangione/.gradle/caches/modules-2/files-2.1/net.fabricmc/sponge-mixin/0.17.3+mixin.0.8.7/41c4a3984a80f4679e759fb9f495587acc5cdac7/sponge-mixin-0.17.3+mixin.0.8.7.jar Service=Knot/Fabric Env=CLIENT
[22:47:29] [main/INFO] (FabricLoader/Mixin) Compatibility level set to JAVA_25
[22:47:29] [main/INFO] (MetalCraftPreLaunch) MetalCraft direct Metal bridge opened an owned device and command queue: Apple M4 Max (recommended working set: 53084 MiB)
[22:47:29] [main/WARN] (MetalCraftPreLaunch) Direct Metal backend selection is active and experimental; Minecraft's OpenGL crash recovery remains available
[22:47:29] [main/INFO] (FabricLoader/MixinExtras|Service) Initializing MixinExtras via com.llamalad7.mixinextras.service.MixinExtrasServiceImpl(version=0.5.4).
[22:47:30] [Datafixer Bootstrap #0/INFO] (Minecraft) 295 Datafixer optimizations took 125 milliseconds
[22:47:30] [main/WARN] (MacOperatingSystem) Unable to parse version 27.0 to a codename.
[22:47:32] [Render thread/INFO] (Minecraft) Environment: Environment[sessionHost=https://sessionserver.mojang.com, servicesHost=https://api.minecraftservices.com, profilesHost=https://api.mojang.com, name=PROD]
[22:47:32] [Render thread/INFO] (Minecraft) Setting user: Player678
[22:47:32] [Render thread/INFO] (Indigo) [Indigo] Registering Indigo renderer!
[22:47:32] [Render thread/ERROR] (Minecraft) Illegal option value 0 for Anisotropic Filtering
[22:47:32] [Render thread/INFO] (Minecraft) Backend library: LWJGL version 3.4.1-snapshot
[22:47:32] [Render thread/WARN] (Minecraft) Graphics backend forced to default by launch argument, in-game preferred graphics backend setting is ignored
[22:47:32] [Render thread/INFO] (ShaderPackRuntime) Loaded MetalCraft shader pack 'MetalCraft Standard': 3 pass(es), 4 target(s), 18 option(s), 0 bytes
[22:47:32] [Render thread/INFO] (Minecraft) Using graphics backend Metal, using drivers: Mac OS X 27.0
[22:47:32] [Render thread/INFO] (Minecraft) Using graphics device: Apple M4 Max (Apple)
[22:47:32] [Render thread/INFO] (Minecraft) Using graphics device extensions: Metal
[22:47:33] [Download-2/INFO] (Minecraft) Could not authorize you against Realms server: java.lang.RuntimeException: Failed to parse into SignedJWT: FabricMC
[22:47:33] [Render thread/INFO] (Minecraft) Reloading ResourceManager: vanilla, fabric-api, fabric-api-base, fabric-api-lookup-api-v1, fabric-biome-api-v1, fabric-block-api-v1, fabric-block-getter-api-v2, fabric-client-gametest-api-v1, fabric-command-api-v2, fabric-content-registries-v0, fabric-convention-tags-v2, fabric-crash-report-info-v1, fabric-creative-tab-api-v1, fabric-data-attachment-api-v1, fabric-data-generation-api-v1, fabric-debug-api-v1, fabric-dimensions-v1, fabric-entity-events-v1, fabric-events-interaction-v0, fabric-game-rule-api-v1, fabric-gametest-api-v1, fabric-item-api-v1, fabric-key-mapping-api-v1, fabric-lifecycle-events-v1, fabric-loot-api-v3, fabric-menu-api-v1, fabric-message-api-v1, fabric-model-loading-api-v1, fabric-networking-api-v1, fabric-object-builder-api-v1, fabric-particles-v1, fabric-permission-api-v1, fabric-recipe-api-v1, fabric-registry-sync-v0, fabric-renderer-api-v1, fabric-renderer-indigo, fabric-rendering-fluids-v1, fabric-rendering-v1, fabric-resource-conditions-api-v1, fabric-resource-loader-v0, fabric-resource-loader-v1, fabric-screen-api-v1, fabric-serialization-api-v1, fabric-sound-api-v1, fabric-tag-api-v1, fabric-transfer-api-v1, fabric-transitive-access-wideners-v1, fabricloader, metalcraft
[22:47:33] [Render thread/INFO] (MetalCraftClient) MetalCraft direct renderer active: Apple / Apple M4 Max using Metal
[22:47:33] [Render thread/INFO] (MetalGpuSurface) MetalCraft surface configured: 1708x960 presentMode=IMMEDIATE displaySync=false unlockedFrameRate=true
[22:47:33] [Worker-Main-2/INFO] (Minecraft) Found unifont_all_no_pua-17.0.01.hex, loading
[22:47:33] [Worker-Main-9/INFO] (Minecraft) Found unifont_pua-17.0.01.hex, loading
[22:47:33] [Worker-Main-10/INFO] (Minecraft) Found unifont_jp_patch-17.0.01.hex, loading
[22:47:33] [Render thread/INFO] (ShaderPackRuntime) Loaded MetalCraft shader pack 'MetalCraft Standard': 3 pass(es), 4 target(s), 18 option(s), 6558720 bytes
[22:47:36] [Render thread/INFO] (ShaderPackRuntime) Loaded MetalCraft shader pack 'MetalCraft Standard': 3 pass(es), 4 target(s), 18 option(s), 6558720 bytes
[22:47:36] [Render thread/INFO] (Minecraft) OpenAL initialized on device DENON-AVR
[22:47:36] [Render thread/INFO] (Minecraft) Sound engine started
[22:47:36] [Render thread/INFO] (Minecraft) Created: 512x256x0 minecraft:textures/atlas/particles.png-atlas
[22:47:36] [Render thread/INFO] (Minecraft) Created: 128x128x0 minecraft:textures/atlas/decorated_pot.png-atlas
[22:47:36] [Render thread/INFO] (Minecraft) Created: 2048x1024x0 minecraft:textures/atlas/armor_trims.png-atlas
[22:47:36] [Render thread/INFO] (Minecraft) Created: 512x256x0 minecraft:textures/atlas/paintings.png-atlas
[22:47:36] [Render thread/INFO] (Minecraft) Created: 1024x512x0 minecraft:textures/atlas/shield_patterns.png-atlas
[22:47:36] [Render thread/INFO] (Minecraft) Created: 2048x2048x4 minecraft:textures/atlas/blocks.png-atlas
[22:47:36] [Render thread/INFO] (Minecraft) Created: 512x512x0 minecraft:textures/atlas/chest.png-atlas
[22:47:36] [Render thread/INFO] (Minecraft) Created: 256x128x0 minecraft:textures/atlas/celestials.png-atlas
[22:47:36] [Render thread/INFO] (Minecraft) Created: 1024x512x0 minecraft:textures/atlas/banner_patterns.png-atlas
[22:47:36] [Render thread/INFO] (Minecraft) Created: 1024x512x0 minecraft:textures/atlas/items.png-atlas
[22:47:36] [Render thread/INFO] (Minecraft) Created: 1024x1024x0 minecraft:textures/atlas/gui.png-atlas
[22:47:36] [Render thread/INFO] (Minecraft) Created: 128x64x0 minecraft:textures/atlas/map_decorations.png-atlas
[22:47:36] [Render thread/INFO] (Minecraft) Created: 512x512x0 minecraft:textures/atlas/shulker_boxes.png-atlas
[22:47:36] [Download-2/INFO] (Minecraft) Could not authorize you against Realms server: java.lang.RuntimeException: Failed to parse into SignedJWT: FabricMC
[22:47:38] [Test thread/INFO] (MetalLifecycleGameTest) Metal lifecycle validation: Metal backend selected
[22:47:38] [Render thread/INFO] (MetalGpuSurface) MetalCraft surface configured: 3840x2160 presentMode=IMMEDIATE displaySync=false unlockedFrameRate=true
[22:47:39] [Render thread/INFO] (Minecraft) Loaded 1585 recipes
[22:47:39] [Render thread/INFO] (Minecraft) Loaded 1688 advancements
[22:47:39] [Render thread/INFO] (fabric-client-gametest-api-v1) World loading finished: null screen: net.minecraft.client.gui.screens.GenericMessageScreen@6ddb8e32
[22:47:39] [Render thread/INFO] (BiomeModificationImpl) Applied 0 biome modifications to 0 of 66 new biomes in 628.0 μs
[22:47:39] [Server thread/INFO] (Minecraft) Starting integrated minecraft server version 26.2
[22:47:39] [Server thread/INFO] (Minecraft) Generating keypair
[22:47:39] [Server thread/INFO] (Minecraft) Selecting global world spawn...
[22:47:40] [Server thread/INFO] (Minecraft) Loading 0 persistent chunks...
[22:47:40] [Server thread/INFO] (Minecraft) Preparing spawn area: 16%
[22:47:40] [Server thread/INFO] (Minecraft) Saving chunks for level 'ServerLevel[New World]'/minecraft:overworld
[22:47:40] [Server thread/INFO] (Minecraft) Saving chunks for level 'ServerLevel[New World]'/minecraft:the_nether
[22:47:40] [Server thread/INFO] (Minecraft) Saving chunks for level 'ServerLevel[New World]'/minecraft:the_end
[22:47:40] [Server thread/INFO] (Minecraft) ThreadedAnvilChunkStorage (world): All chunks are saved
[22:47:40] [Server thread/INFO] (Minecraft) ThreadedAnvilChunkStorage (DIM-1): All chunks are saved
[22:47:40] [Server thread/INFO] (Minecraft) ThreadedAnvilChunkStorage (DIM1): All chunks are saved
[22:47:40] [Server thread/INFO] (Minecraft) ThreadedAnvilChunkStorage: All dimensions are saved
[22:47:40] [Render thread/INFO] (fabric-client-gametest-api-v1) World loading finished: null screen: net.minecraft.client.gui.screens.LevelLoadingScreen@5211bf7d
[22:47:40] [Render thread/INFO] (fabric-client-gametest-api-v1) World loading finished: null screen: net.minecraft.client.gui.screens.LevelLoadingScreen@5211bf7d
[22:47:40] [Render thread/INFO] (fabric-client-gametest-api-v1) World loading finished: null screen: net.minecraft.client.gui.screens.LevelLoadingScreen@5211bf7d
[22:47:40] [Render thread/INFO] (fabric-client-gametest-api-v1) World loading finished: null screen: net.minecraft.client.gui.screens.LevelLoadingScreen@5211bf7d
[22:47:40] [Render thread/INFO] (fabric-client-gametest-api-v1) World loading finished: null screen: net.minecraft.client.gui.screens.LevelLoadingScreen@5211bf7d
[22:47:40] [Render thread/INFO] (fabric-client-gametest-api-v1) World loading finished: null screen: net.minecraft.client.gui.screens.LevelLoadingScreen@5211bf7d
[22:47:40] [Render thread/INFO] (fabric-client-gametest-api-v1) World loading finished: null screen: net.minecraft.client.gui.screens.LevelLoadingScreen@5211bf7d
[22:47:40] [Render thread/INFO] (fabric-client-gametest-api-v1) World loading finished: null screen: net.minecraft.client.gui.screens.LevelLoadingScreen@5211bf7d
[22:47:41] [Render thread/INFO] (fabric-client-gametest-api-v1) World loading finished: null screen: net.minecraft.client.gui.screens.LevelLoadingScreen@5211bf7d
[22:47:41] [Render thread/INFO] (fabric-client-gametest-api-v1) World loading finished: null screen: net.minecraft.client.gui.screens.LevelLoadingScreen@5211bf7d
[22:47:41] [Render thread/INFO] (fabric-client-gametest-api-v1) World loading finished: null screen: net.minecraft.client.gui.screens.LevelLoadingScreen@5211bf7d
[22:47:41] [Server thread/INFO] (Minecraft) Loading 47 chunks for player spawn...
[22:47:41] [Server thread/INFO] (Minecraft) Preparing spawn area: 16%
[22:47:41] [Render thread/INFO] (fabric-client-gametest-api-v1) World loading finished: null screen: net.minecraft.client.gui.screens.LevelLoadingScreen@5211bf7d
[22:47:41] [Server thread/INFO] (Minecraft) Preparing spawn area: 16%
[22:47:41] [Render thread/INFO] (fabric-client-gametest-api-v1) World loading finished: null screen: net.minecraft.client.gui.screens.LevelLoadingScreen@5211bf7d
[22:47:41] [Server thread/INFO] (Minecraft) Preparing spawn area: 16%
[22:47:41] [Render thread/INFO] (fabric-client-gametest-api-v1) World loading finished: null screen: net.minecraft.client.gui.screens.LevelLoadingScreen@5211bf7d
[22:47:41] [Render thread/INFO] (fabric-client-gametest-api-v1) World loading finished: null screen: net.minecraft.client.gui.screens.LevelLoadingScreen@5211bf7d
[22:47:41] [Render thread/INFO] (fabric-client-gametest-api-v1) World loading finished: null screen: net.minecraft.client.gui.screens.LevelLoadingScreen@5211bf7d
[22:47:41] [Render thread/INFO] (fabric-client-gametest-api-v1) World loading finished: null screen: net.minecraft.client.gui.screens.LevelLoadingScreen@5211bf7d
[22:47:41] [Render thread/INFO] (fabric-client-gametest-api-v1) World loading finished: null screen: net.minecraft.client.gui.screens.LevelLoadingScreen@5211bf7d
[22:47:41] [Render thread/INFO] (fabric-client-gametest-api-v1) World loading finished: null screen: net.minecraft.client.gui.screens.LevelLoadingScreen@5211bf7d
[22:47:41] [Render thread/INFO] (fabric-client-gametest-api-v1) World loading finished: null screen: net.minecraft.client.gui.screens.LevelLoadingScreen@5211bf7d
[22:47:41] [Render thread/INFO] (fabric-client-gametest-api-v1) World loading finished: null screen: net.minecraft.client.gui.screens.LevelLoadingScreen@5211bf7d
[22:47:41] [Server thread/INFO] (Minecraft) Preparing spawn area: 57%
[22:47:41] [Render thread/INFO] (fabric-client-gametest-api-v1) World loading finished: null screen: net.minecraft.client.gui.screens.LevelLoadingScreen@5211bf7d
[22:47:41] [Render thread/INFO] (fabric-client-gametest-api-v1) World loading finished: null screen: net.minecraft.client.gui.screens.LevelLoadingScreen@5211bf7d
[22:47:41] [Render thread/INFO] (fabric-client-gametest-api-v1) World loading finished: null screen: net.minecraft.client.gui.screens.LevelLoadingScreen@5211bf7d
[22:47:41] [Render thread/INFO] (fabric-client-gametest-api-v1) World loading finished: null screen: net.minecraft.client.gui.screens.LevelLoadingScreen@5211bf7d
[22:47:41] [Render thread/INFO] (fabric-client-gametest-api-v1) World loading finished: null screen: net.minecraft.client.gui.screens.LevelLoadingScreen@5211bf7d
[22:47:41] [Render thread/INFO] (fabric-client-gametest-api-v1) World loading finished: null screen: net.minecraft.client.gui.screens.LevelLoadingScreen@5211bf7d
[22:47:41] [Server thread/INFO] (Minecraft) Time elapsed: 2310 ms
[22:47:42] [Render thread/INFO] (fabric-client-gametest-api-v1) World loading finished: null screen: net.minecraft.client.gui.screens.LevelLoadingScreen@5211bf7d
[22:47:42] [Server thread/INFO] (Minecraft) Player678[local:E:c2cf9fc3] logged in with entity id 49 at (-6.5, 73.0, -8.5)
[22:47:42] [Server thread/INFO] (Minecraft) Player678 joined the game
[22:47:42] [Server thread/INFO] (Minecraft) Changing view distance to 16, from 10
[22:47:42] [Server thread/INFO] (Minecraft) Changing simulation distance to 16, from 0
[22:47:42] [Render thread/INFO] (fabric-client-gametest-api-v1) World loading finished: ClientLevel screen: net.minecraft.client.gui.screens.LevelLoadingScreen@5211bf7d
[22:47:42] [Download-2/ERROR] (Minecraft) Failed to retrieve profile key pair

MinecraftClientHttpException[type=HTTP_ERROR, status=401, response=ErrorResponse[path=/player/certificates, error=null, errorMessage=null, details=null]]
	at knot//com.mojang.authlib.minecraft.client.MinecraftClient.buildHttpException(MinecraftClient.java:170)
	at knot//com.mojang.authlib.minecraft.client.MinecraftClient.readServiceResponse(MinecraftClient.java:147)
	at knot//com.mojang.authlib.minecraft.client.MinecraftClient.post(MinecraftClient.java:89)
	at knot//com.mojang.authlib.yggdrasil.YggdrasilUserApiService.getKeyPair(YggdrasilUserApiService.java:62)
	at knot//net.minecraft.client.multiplayer.AccountProfileKeyPairManager.fetchProfileKeyPair(AccountProfileKeyPairManager.java:119)
	at knot//net.minecraft.client.multiplayer.AccountProfileKeyPairManager.lambda$readOrFetchProfileKeyPair$0(AccountProfileKeyPairManager.java:72)
	at java.base/java.util.concurrent.CompletableFuture$AsyncSupply.run(CompletableFuture.java:1789)
	at java.base/java.util.concurrent.ThreadPoolExecutor.runWorker(ThreadPoolExecutor.java:1090)
	at java.base/java.util.concurrent.ThreadPoolExecutor$Worker.run(ThreadPoolExecutor.java:614)
	at java.base/java.lang.Thread.run(Thread.java:1474)
[22:47:44] [Render thread/INFO] (Minecraft) Resizing Dynamic Transforms UBO, capacity limit of 2 reached during a single frame. New capacity will be 4.
[22:47:44] [Render thread/INFO] (Minecraft) Loaded 2 advancements
[22:47:44] [Render thread/INFO] (fabric-client-gametest-api-v1) World loading finished: ClientLevel screen: net.minecraft.client.gui.screens.LevelLoadingScreen@5211bf7d
[22:47:44] [Render thread/INFO] (Minecraft) Resizing Dynamic Transforms UBO, capacity limit of 4 reached during a single frame. New capacity will be 8.
[22:47:44] [Render thread/INFO] (fabric-client-gametest-api-v1) World loading finished: ClientLevel screen: net.minecraft.client.gui.screens.LevelLoadingScreen@5211bf7d
[22:47:44] [Render thread/INFO] (Minecraft) Resizing Dynamic Transforms UBO, capacity limit of 8 reached during a single frame. New capacity will be 16.
[22:47:44] [Render thread/INFO] (fabric-client-gametest-api-v1) World loading finished: ClientLevel screen: net.minecraft.client.gui.screens.LevelLoadingScreen@5211bf7d
[22:47:44] [Render thread/INFO] (Minecraft) Resizing Chunk Sections UBO, capacity limit of 2 reached during a single frame. New capacity will be 4.
[22:47:44] [Render thread/INFO] (fabric-client-gametest-api-v1) World loading finished: ClientLevel screen: net.minecraft.client.gui.screens.LevelLoadingScreen@5211bf7d
[22:47:44] [Render thread/INFO] (Minecraft) Resizing Chunk Sections UBO, capacity limit of 4 reached during a single frame. New capacity will be 8.
[22:47:44] [Render thread/INFO] (Minecraft) Resizing Chunk Sections UBO, capacity limit of 8 reached during a single frame. New capacity will be 16.
[22:47:44] [Render thread/INFO] (fabric-client-gametest-api-v1) World loading finished: ClientLevel screen: net.minecraft.client.gui.screens.LevelLoadingScreen@5211bf7d
[22:47:44] [Render thread/INFO] (fabric-client-gametest-api-v1) World loading finished: ClientLevel screen: net.minecraft.client.gui.screens.LevelLoadingScreen@5211bf7d
[22:47:44] [Render thread/INFO] (fabric-client-gametest-api-v1) World loading finished: ClientLevel screen: net.minecraft.client.gui.screens.LevelLoadingScreen@5211bf7d
[22:47:44] [Render thread/INFO] (fabric-client-gametest-api-v1) World loading finished: ClientLevel screen: net.minecraft.client.gui.screens.LevelLoadingScreen@5211bf7d
[22:47:44] [Render thread/INFO] (fabric-client-gametest-api-v1) World loading finished: ClientLevel screen: net.minecraft.client.gui.screens.LevelLoadingScreen@5211bf7d
[22:47:44] [Render thread/INFO] (fabric-client-gametest-api-v1) World loading finished: ClientLevel screen: net.minecraft.client.gui.screens.LevelLoadingScreen@5211bf7d
[22:47:44] [Render thread/INFO] (Minecraft) Resizing Chunk Sections UBO, capacity limit of 16 reached during a single frame. New capacity will be 32.
[22:47:44] [Render thread/INFO] (fabric-client-gametest-api-v1) World loading finished: ClientLevel screen: net.minecraft.client.gui.screens.LevelLoadingScreen@5211bf7d
[22:47:44] [Render thread/INFO] (fabric-client-gametest-api-v1) World loading finished: ClientLevel screen: net.minecraft.client.gui.screens.LevelLoadingScreen@5211bf7d
[22:47:45] [Render thread/INFO] (fabric-client-gametest-api-v1) World loading finished: ClientLevel screen: net.minecraft.client.gui.screens.LevelLoadingScreen@5211bf7d
[22:47:45] [Render thread/INFO] (fabric-client-gametest-api-v1) World loading finished: ClientLevel screen: net.minecraft.client.gui.screens.LevelLoadingScreen@5211bf7d
[22:47:45] [Render thread/INFO] (fabric-client-gametest-api-v1) World loading finished: ClientLevel screen: net.minecraft.client.gui.screens.LevelLoadingScreen@5211bf7d
[22:47:45] [Render thread/INFO] (fabric-client-gametest-api-v1) World loading finished: ClientLevel screen: net.minecraft.client.gui.screens.LevelLoadingScreen@5211bf7d
[22:47:45] [Render thread/INFO] (fabric-client-gametest-api-v1) World loading finished: ClientLevel screen: null
[22:47:45] [Render thread/INFO] (Minecraft) Resizing Chunk Sections UBO, capacity limit of 32 reached during a single frame. New capacity will be 64.
[22:48:13] [Test thread/INFO] (MetalLifecycleGameTest) Metal benchmark scene: x=-1536 y=173 z=-128 yaw=22.500 roughness=32.938 minimumGroundY=103
[22:48:13] [Server thread/INFO] (Minecraft) Teleported Player678 to -1535.500000, 174.620000, -127.500000
[22:48:13] [Render thread/INFO] (MetalGpuSurface) MetalCraft surface configured: 3840x2160 presentMode=IMMEDIATE displaySync=false unlockedFrameRate=true
[22:48:13] [Render thread/INFO] (Minecraft) [System] [CHAT] [Server: Teleported Player678 to -1535.500000, 174.620000, -127.500000]
[22:48:14] [Test thread/INFO] (MetalLifecycleGameTest) Metal benchmark: rendering at 3840x2160, 16 chunks render distance, 16 chunks simulation distance
[22:48:14] [Render thread/INFO] (Minecraft) Reloading ResourceManager: vanilla, fabric-api, fabric-api-base, fabric-api-lookup-api-v1, fabric-biome-api-v1, fabric-block-api-v1, fabric-block-getter-api-v2, fabric-client-gametest-api-v1, fabric-command-api-v2, fabric-content-registries-v0, fabric-convention-tags-v2, fabric-crash-report-info-v1, fabric-creative-tab-api-v1, fabric-data-attachment-api-v1, fabric-data-generation-api-v1, fabric-debug-api-v1, fabric-dimensions-v1, fabric-entity-events-v1, fabric-events-interaction-v0, fabric-game-rule-api-v1, fabric-gametest-api-v1, fabric-item-api-v1, fabric-key-mapping-api-v1, fabric-lifecycle-events-v1, fabric-loot-api-v3, fabric-menu-api-v1, fabric-message-api-v1, fabric-model-loading-api-v1, fabric-networking-api-v1, fabric-object-builder-api-v1, fabric-particles-v1, fabric-permission-api-v1, fabric-recipe-api-v1, fabric-registry-sync-v0, fabric-renderer-api-v1, fabric-renderer-indigo, fabric-rendering-fluids-v1, fabric-rendering-v1, fabric-resource-conditions-api-v1, fabric-resource-loader-v0, fabric-resource-loader-v1, fabric-screen-api-v1, fabric-serialization-api-v1, fabric-sound-api-v1, fabric-tag-api-v1, fabric-transfer-api-v1, fabric-transitive-access-wideners-v1, fabricloader, metalcraft
[22:48:14] [Worker-Main-8/INFO] (Minecraft) Found unifont_all_no_pua-17.0.01.hex, loading
[22:48:14] [Worker-Main-1/INFO] (Minecraft) Found unifont_pua-17.0.01.hex, loading
[22:48:14] [Server thread/INFO] (Minecraft) Saving and pausing game...
[22:48:14] [Worker-Main-14/INFO] (Minecraft) Found unifont_jp_patch-17.0.01.hex, loading
[22:48:14] [Server thread/INFO] (Minecraft) Saving chunks for level 'ServerLevel[New World]'/minecraft:overworld
[22:48:14] [Server thread/INFO] (Minecraft) Saving chunks for level 'ServerLevel[New World]'/minecraft:the_nether
[22:48:14] [Server thread/INFO] (Minecraft) Saving chunks for level 'ServerLevel[New World]'/minecraft:the_end
[22:48:17] [Render thread/INFO] (Minecraft) OpenAL initialized on device DENON-AVR
[22:48:17] [Render thread/INFO] (Minecraft) Sound engine started
[22:48:17] [Render thread/INFO] (Minecraft) Created: 512x256x0 minecraft:textures/atlas/particles.png-atlas
[22:48:17] [Render thread/INFO] (Minecraft) Created: 128x128x0 minecraft:textures/atlas/decorated_pot.png-atlas
[22:48:17] [Render thread/INFO] (Minecraft) Created: 2048x1024x0 minecraft:textures/atlas/armor_trims.png-atlas
[22:48:17] [Render thread/INFO] (Minecraft) Created: 512x256x0 minecraft:textures/atlas/paintings.png-atlas
[22:48:17] [Render thread/INFO] (Minecraft) Created: 1024x512x0 minecraft:textures/atlas/shield_patterns.png-atlas
[22:48:17] [Render thread/INFO] (Minecraft) Created: 4096x4096x4 minecraft:textures/atlas/blocks.png-atlas
[22:48:17] [Render thread/INFO] (Minecraft) Created: 512x512x0 minecraft:textures/atlas/chest.png-atlas
[22:48:17] [Render thread/INFO] (Minecraft) Created: 256x128x0 minecraft:textures/atlas/celestials.png-atlas
[22:48:17] [Render thread/INFO] (Minecraft) Created: 1024x512x0 minecraft:textures/atlas/banner_patterns.png-atlas
[22:48:17] [Render thread/INFO] (Minecraft) Created: 1024x512x0 minecraft:textures/atlas/items.png-atlas
[22:48:17] [Render thread/INFO] (Minecraft) Created: 1024x1024x0 minecraft:textures/atlas/gui.png-atlas
[22:48:17] [Render thread/INFO] (Minecraft) Created: 128x64x0 minecraft:textures/atlas/map_decorations.png-atlas
[22:48:17] [Render thread/INFO] (Minecraft) Created: 512x512x0 minecraft:textures/atlas/shulker_boxes.png-atlas
[22:48:21] [Test thread/INFO] (MetalLifecycleGameTest) Metal benchmark: all 1057 server-tracked chunks received, light/render queues drained
[22:48:21] [Render thread/INFO] (Minecraft) Resizing Chunk Sections UBO, capacity limit of 64 reached during a single frame. New capacity will be 128.
[22:48:22] [Render thread/INFO] (Minecraft) Resizing Chunk Sections UBO, capacity limit of 128 reached during a single frame. New capacity will be 256.
[22:48:23] [Server thread/WARN] (Minecraft) Can't keep up! Is the server overloaded? Running 35918ms or 718 ticks behind
[22:48:24] [Render thread/INFO] (Minecraft) Resizing Chunk Sections UBO, capacity limit of 256 reached during a single frame. New capacity will be 512.
[22:48:27] [Worker-Main-14/ERROR] (Minecraft) Detected unsafe terrain read during worldgen: reading from chunk [-109, -9] while generating chunk [-108, -11] (distance: 2, write radius: 1), step: minecraft:features, currently generating: ResourceKey[minecraft:worldgen/placed_feature / minecraft:sculk_patch_deep_dark]
[22:48:27] [Worker-Main-14/ERROR] (Minecraft) Detected unsafe terrain read during worldgen: reading from chunk [-109, -9] while generating chunk [-108, -11] (distance: 2, write radius: 1), step: minecraft:features, currently generating: ResourceKey[minecraft:worldgen/placed_feature / minecraft:sculk_patch_deep_dark]
[22:48:27] [Worker-Main-14/ERROR] (Minecraft) Detected unsafe terrain read during worldgen: reading from chunk [-109, -9] while generating chunk [-108, -11] (distance: 2, write radius: 1), step: minecraft:features, currently generating: ResourceKey[minecraft:worldgen/placed_feature / minecraft:sculk_patch_deep_dark]
[22:48:27] [Worker-Main-14/ERROR] (Minecraft) Detected unsafe terrain read during worldgen: reading from chunk [-108, -9] while generating chunk [-108, -11] (distance: 2, write radius: 1), step: minecraft:features, currently generating: ResourceKey[minecraft:worldgen/placed_feature / minecraft:sculk_patch_deep_dark]
[22:48:27] [Worker-Main-14/ERROR] (Minecraft) Detected unsafe terrain read during worldgen: reading from chunk [-108, -9] while generating chunk [-108, -11] (distance: 2, write radius: 1), step: minecraft:features, currently generating: ResourceKey[minecraft:worldgen/placed_feature / minecraft:sculk_patch_deep_dark]
[22:48:27] [Worker-Main-14/ERROR] (Minecraft) Detected unsafe terrain read during worldgen: reading from chunk [-108, -9] while generating chunk [-108, -11] (distance: 2, write radius: 1), step: minecraft:features, currently generating: ResourceKey[minecraft:worldgen/placed_feature / minecraft:sculk_patch_deep_dark]
[22:48:27] [Worker-Main-14/ERROR] (Minecraft) Detected unsafe terrain read during worldgen: reading from chunk [-108, -9] while generating chunk [-108, -11] (distance: 2, write radius: 1), step: minecraft:features, currently generating: ResourceKey[minecraft:worldgen/placed_feature / minecraft:sculk_patch_deep_dark]
[22:48:27] [Worker-Main-14/ERROR] (Minecraft) Detected unsafe terrain read during worldgen: reading from chunk [-108, -9] while generating chunk [-108, -11] (distance: 2, write radius: 1), step: minecraft:features, currently generating: ResourceKey[minecraft:worldgen/placed_feature / minecraft:sculk_patch_deep_dark]
[22:48:27] [Worker-Main-14/ERROR] (Minecraft) Detected unsafe terrain read during worldgen: reading from chunk [-108, -9] while generating chunk [-108, -11] (distance: 2, write radius: 1), step: minecraft:features, currently generating: ResourceKey[minecraft:worldgen/placed_feature / minecraft:sculk_patch_deep_dark]
[22:48:27] [Worker-Main-14/ERROR] (Minecraft) Detected unsafe terrain read during worldgen: reading from chunk [-109, -9] while generating chunk [-108, -11] (distance: 2, write radius: 1), step: minecraft:features, currently generating: ResourceKey[minecraft:worldgen/placed_feature / minecraft:sculk_patch_deep_dark]
[22:48:27] [Worker-Main-14/ERROR] (Minecraft) Detected unsafe terrain read during worldgen: reading from chunk [-109, -9] while generating chunk [-108, -11] (distance: 2, write radius: 1), step: minecraft:features, currently generating: ResourceKey[minecraft:worldgen/placed_feature / minecraft:sculk_patch_deep_dark]
[22:48:27] [Worker-Main-14/ERROR] (Minecraft) Detected unsafe terrain read during worldgen: reading from chunk [-109, -9] while generating chunk [-108, -11] (distance: 2, write radius: 1), step: minecraft:features, currently generating: ResourceKey[minecraft:worldgen/placed_feature / minecraft:sculk_patch_deep_dark]
[22:48:27] [Worker-Main-14/ERROR] (Minecraft) Detected unsafe terrain read during worldgen: reading from chunk [-108, -9] while generating chunk [-108, -11] (distance: 2, write radius: 1), step: minecraft:features, currently generating: ResourceKey[minecraft:worldgen/placed_feature / minecraft:sculk_patch_deep_dark]
[22:48:27] [Worker-Main-14/ERROR] (Minecraft) Detected unsafe terrain read during worldgen: reading from chunk [-108, -9] while generating chunk [-108, -11] (distance: 2, write radius: 1), step: minecraft:features, currently generating: ResourceKey[minecraft:worldgen/placed_feature / minecraft:sculk_patch_deep_dark]
[22:48:27] [Worker-Main-14/ERROR] (Minecraft) Detected unsafe terrain read during worldgen: reading from chunk [-108, -9] while generating chunk [-108, -11] (distance: 2, write radius: 1), step: minecraft:features, currently generating: ResourceKey[minecraft:worldgen/placed_feature / minecraft:sculk_patch_deep_dark]
[22:48:27] [Worker-Main-14/ERROR] (Minecraft) Detected unsafe terrain read during worldgen: reading from chunk [-108, -9] while generating chunk [-108, -11] (distance: 2, write radius: 1), step: minecraft:features, currently generating: ResourceKey[minecraft:worldgen/placed_feature / minecraft:sculk_patch_deep_dark]
[22:48:27] [Worker-Main-14/ERROR] (Minecraft) Detected unsafe terrain read during worldgen: reading from chunk [-108, -9] while generating chunk [-108, -11] (distance: 2, write radius: 1), step: minecraft:features, currently generating: ResourceKey[minecraft:worldgen/placed_feature / minecraft:sculk_patch_deep_dark]
[22:48:27] [Worker-Main-14/ERROR] (Minecraft) Detected unsafe terrain read during worldgen: reading from chunk [-108, -9] while generating chunk [-108, -11] (distance: 2, write radius: 1), step: minecraft:features, currently generating: ResourceKey[minecraft:worldgen/placed_feature / minecraft:sculk_patch_deep_dark]
[22:48:27] [Worker-Main-14/ERROR] (Minecraft) Detected unsafe terrain read during worldgen: reading from chunk [-109, -9] while generating chunk [-108, -11] (distance: 2, write radius: 1), step: minecraft:features, currently generating: ResourceKey[minecraft:worldgen/placed_feature / minecraft:sculk_patch_deep_dark]
[22:48:27] [Worker-Main-14/ERROR] (Minecraft) Detected unsafe terrain read during worldgen: reading from chunk [-109, -9] while generating chunk [-108, -11] (distance: 2, write radius: 1), step: minecraft:features, currently generating: ResourceKey[minecraft:worldgen/placed_feature / minecraft:sculk_patch_deep_dark]
[22:48:27] [Worker-Main-14/ERROR] (Minecraft) Detected unsafe terrain read during worldgen: reading from chunk [-109, -9] while generating chunk [-108, -11] (distance: 2, write radius: 1), step: minecraft:features, currently generating: ResourceKey[minecraft:worldgen/placed_feature / minecraft:sculk_patch_deep_dark]
[22:48:27] [Worker-Main-14/ERROR] (Minecraft) Detected unsafe terrain read during worldgen: reading from chunk [-108, -9] while generating chunk [-108, -11] (distance: 2, write radius: 1), step: minecraft:features, currently generating: ResourceKey[minecraft:worldgen/placed_feature / minecraft:sculk_patch_deep_dark]
[22:48:27] [Worker-Main-14/ERROR] (Minecraft) Detected unsafe terrain read during worldgen: reading from chunk [-108, -9] while generating chunk [-108, -11] (distance: 2, write radius: 1), step: minecraft:features, currently generating: ResourceKey[minecraft:worldgen/placed_feature / minecraft:sculk_patch_deep_dark]
[22:48:27] [Worker-Main-14/ERROR] (Minecraft) Detected unsafe terrain read during worldgen: reading from chunk [-108, -9] while generating chunk [-108, -11] (distance: 2, write radius: 1), step: minecraft:features, currently generating: ResourceKey[minecraft:worldgen/placed_feature / minecraft:sculk_patch_deep_dark]
[22:48:27] [Worker-Main-14/ERROR] (Minecraft) Detected unsafe terrain read during worldgen: reading from chunk [-108, -9] while generating chunk [-108, -11] (distance: 2, write radius: 1), step: minecraft:features, currently generating: ResourceKey[minecraft:worldgen/placed_feature / minecraft:sculk_patch_deep_dark]
[22:48:27] [Worker-Main-14/ERROR] (Minecraft) Detected unsafe terrain read during worldgen: reading from chunk [-108, -9] while generating chunk [-108, -11] (distance: 2, write radius: 1), step: minecraft:features, currently generating: ResourceKey[minecraft:worldgen/placed_feature / minecraft:sculk_patch_deep_dark]
[22:48:27] [Worker-Main-14/ERROR] (Minecraft) Detected unsafe terrain read during worldgen: reading from chunk [-108, -9] while generating chunk [-108, -11] (distance: 2, write radius: 1), step: minecraft:features, currently generating: ResourceKey[minecraft:worldgen/placed_feature / minecraft:sculk_patch_deep_dark]
[22:48:27] [Worker-Main-14/ERROR] (Minecraft) Detected unsafe terrain read during worldgen: reading from chunk [-109, -9] while generating chunk [-108, -11] (distance: 2, write radius: 1), step: minecraft:features, currently generating: ResourceKey[minecraft:worldgen/placed_feature / minecraft:sculk_patch_deep_dark]
[22:48:27] [Worker-Main-14/ERROR] (Minecraft) Detected unsafe terrain read during worldgen: reading from chunk [-109, -9] while generating chunk [-108, -11] (distance: 2, write radius: 1), step: minecraft:features, currently generating: ResourceKey[minecraft:worldgen/placed_feature / minecraft:sculk_patch_deep_dark]
[22:48:27] [Worker-Main-14/ERROR] (Minecraft) Detected unsafe terrain read during worldgen: reading from chunk [-108, -9] while generating chunk [-108, -11] (distance: 2, write radius: 1), step: minecraft:features, currently generating: ResourceKey[minecraft:worldgen/placed_feature / minecraft:sculk_patch_deep_dark]
[22:48:27] [Worker-Main-14/ERROR] (Minecraft) Detected unsafe terrain read during worldgen: reading from chunk [-108, -9] while generating chunk [-108, -11] (distance: 2, write radius: 1), step: minecraft:features, currently generating: ResourceKey[minecraft:worldgen/placed_feature / minecraft:sculk_patch_deep_dark]
[22:48:27] [Worker-Main-14/ERROR] (Minecraft) Detected unsafe terrain read during worldgen: reading from chunk [-108, -9] while generating chunk [-108, -11] (distance: 2, write radius: 1), step: minecraft:features, currently generating: ResourceKey[minecraft:worldgen/placed_feature / minecraft:sculk_patch_deep_dark]
[22:48:27] [Worker-Main-14/ERROR] (Minecraft) Detected unsafe terrain read during worldgen: reading from chunk [-108, -9] while generating chunk [-108, -11] (distance: 2, write radius: 1), step: minecraft:features, currently generating: ResourceKey[minecraft:worldgen/placed_feature / minecraft:sculk_patch_deep_dark]
[22:48:27] [Worker-Main-14/ERROR] (Minecraft) Detected unsafe terrain read during worldgen: reading from chunk [-108, -9] while generating chunk [-108, -11] (distance: 2, write radius: 1), step: minecraft:features, currently generating: ResourceKey[minecraft:worldgen/placed_feature / minecraft:sculk_patch_deep_dark]
[22:48:27] [Worker-Main-14/ERROR] (Minecraft) Detected unsafe terrain read during worldgen: reading from chunk [-108, -9] while generating chunk [-108, -11] (distance: 2, write radius: 1), step: minecraft:features, currently generating: ResourceKey[minecraft:worldgen/placed_feature / minecraft:sculk_patch_deep_dark]
[22:48:27] [Worker-Main-14/ERROR] (Minecraft) Detected unsafe terrain read during worldgen: reading from chunk [-108, -9] while generating chunk [-108, -11] (distance: 2, write radius: 1), step: minecraft:features, currently generating: ResourceKey[minecraft:worldgen/placed_feature / minecraft:sculk_patch_deep_dark]
[22:48:27] [Worker-Main-14/ERROR] (Minecraft) Detected unsafe terrain read during worldgen: reading from chunk [-109, -9] while generating chunk [-108, -11] (distance: 2, write radius: 1), step: minecraft:features, currently generating: ResourceKey[minecraft:worldgen/placed_feature / minecraft:sculk_patch_deep_dark]
[22:48:27] [Worker-Main-14/ERROR] (Minecraft) Detected unsafe terrain read during worldgen: reading from chunk [-109, -9] while generating chunk [-108, -11] (distance: 2, write radius: 1), step: minecraft:features, currently generating: ResourceKey[minecraft:worldgen/placed_feature / minecraft:sculk_patch_deep_dark]
[22:48:27] [Worker-Main-14/ERROR] (Minecraft) Detected unsafe terrain read during worldgen: reading from chunk [-108, -9] while generating chunk [-108, -11] (distance: 2, write radius: 1), step: minecraft:features, currently generating: ResourceKey[minecraft:worldgen/placed_feature / minecraft:sculk_patch_deep_dark]
[22:48:27] [Worker-Main-14/ERROR] (Minecraft) Detected unsafe terrain read during worldgen: reading from chunk [-108, -9] while generating chunk [-108, -11] (distance: 2, write radius: 1), step: minecraft:features, currently generating: ResourceKey[minecraft:worldgen/placed_feature / minecraft:sculk_patch_deep_dark]
[22:48:27] [Worker-Main-14/ERROR] (Minecraft) Detected unsafe terrain read during worldgen: reading from chunk [-108, -9] while generating chunk [-108, -11] (distance: 2, write radius: 1), step: minecraft:features, currently generating: ResourceKey[minecraft:worldgen/placed_feature / minecraft:sculk_patch_deep_dark]
[22:48:27] [Worker-Main-14/ERROR] (Minecraft) Detected unsafe terrain read during worldgen: reading from chunk [-108, -9] while generating chunk [-108, -11] (distance: 2, write radius: 1), step: minecraft:features, currently generating: ResourceKey[minecraft:worldgen/placed_feature / minecraft:sculk_patch_deep_dark]
[22:48:27] [Worker-Main-14/ERROR] (Minecraft) Detected unsafe terrain read during worldgen: reading from chunk [-108, -9] while generating chunk [-108, -11] (distance: 2, write radius: 1), step: minecraft:features, currently generating: ResourceKey[minecraft:worldgen/placed_feature / minecraft:sculk_patch_deep_dark]
[22:48:27] [Worker-Main-14/ERROR] (Minecraft) Detected unsafe terrain read during worldgen: reading from chunk [-108, -9] while generating chunk [-108, -11] (distance: 2, write radius: 1), step: minecraft:features, currently generating: ResourceKey[minecraft:worldgen/placed_feature / minecraft:sculk_patch_deep_dark]
[22:48:27] [Worker-Main-14/ERROR] (Minecraft) Detected unsafe terrain read during worldgen: reading from chunk [-108, -9] while generating chunk [-108, -11] (distance: 2, write radius: 1), step: minecraft:features, currently generating: ResourceKey[minecraft:worldgen/placed_feature / minecraft:sculk_patch_deep_dark]
[22:48:27] [Worker-Main-14/ERROR] (Minecraft) Detected unsafe terrain read during worldgen: reading from chunk [-109, -9] while generating chunk [-108, -11] (distance: 2, write radius: 1), step: minecraft:features, currently generating: ResourceKey[minecraft:worldgen/placed_feature / minecraft:sculk_patch_deep_dark]
[22:48:27] [Worker-Main-14/ERROR] (Minecraft) Detected unsafe terrain read during worldgen: reading from chunk [-109, -9] while generating chunk [-108, -11] (distance: 2, write radius: 1), step: minecraft:features, currently generating: ResourceKey[minecraft:worldgen/placed_feature / minecraft:sculk_patch_deep_dark]
[22:48:27] [Worker-Main-14/ERROR] (Minecraft) Detected unsafe terrain read during worldgen: reading from chunk [-108, -9] while generating chunk [-108, -11] (distance: 2, write radius: 1), step: minecraft:features, currently generating: ResourceKey[minecraft:worldgen/placed_feature / minecraft:sculk_patch_deep_dark]
[22:48:27] [Worker-Main-14/ERROR] (Minecraft) Detected unsafe terrain read during worldgen: reading from chunk [-108, -9] while generating chunk [-108, -11] (distance: 2, write radius: 1), step: minecraft:features, currently generating: ResourceKey[minecraft:worldgen/placed_feature / minecraft:sculk_patch_deep_dark]
[22:48:27] [Worker-Main-14/ERROR] (Minecraft) Detected unsafe terrain read during worldgen: reading from chunk [-108, -9] while generating chunk [-108, -11] (distance: 2, write radius: 1), step: minecraft:features, currently generating: ResourceKey[minecraft:worldgen/placed_feature / minecraft:sculk_patch_deep_dark]
[22:48:27] [Worker-Main-14/ERROR] (Minecraft) Detected unsafe terrain read during worldgen: reading from chunk [-108, -9] while generating chunk [-108, -11] (distance: 2, write radius: 1), step: minecraft:features, currently generating: ResourceKey[minecraft:worldgen/placed_feature / minecraft:sculk_patch_deep_dark]
[22:48:27] [Worker-Main-14/ERROR] (Minecraft) Detected unsafe terrain read during worldgen: reading from chunk [-108, -9] while generating chunk [-108, -11] (distance: 2, write radius: 1), step: minecraft:features, currently generating: ResourceKey[minecraft:worldgen/placed_feature / minecraft:sculk_patch_deep_dark]
[22:48:27] [Worker-Main-14/ERROR] (Minecraft) Detected unsafe terrain read during worldgen: reading from chunk [-108, -9] while generating chunk [-108, -11] (distance: 2, write radius: 1), step: minecraft:features, currently generating: ResourceKey[minecraft:worldgen/placed_feature / minecraft:sculk_patch_deep_dark]
[22:48:27] [Worker-Main-14/ERROR] (Minecraft) Detected unsafe terrain read during worldgen: reading from chunk [-108, -9] while generating chunk [-108, -11] (distance: 2, write radius: 1), step: minecraft:features, currently generating: ResourceKey[minecraft:worldgen/placed_feature / minecraft:sculk_patch_deep_dark]
[22:48:30] [Render thread/INFO] (Minecraft) Resizing Chunk Sections UBO, capacity limit of 512 reached during a single frame. New capacity will be 1024.
[22:48:37] [Render thread/INFO] (Minecraft) Resizing Chunk Sections UBO, capacity limit of 1024 reached during a single frame. New capacity will be 2048.
[22:48:37] [Render thread/INFO] (Minecraft) Resizing Dynamic Transforms UBO, capacity limit of 16 reached during a single frame. New capacity will be 32.
[22:48:38] [Test thread/INFO] (MetalLifecycleGameTest) Metal benchmark scene: featureless frame fraction 0.761
[22:48:38] [Test thread/INFO] (MetalLifecycleGameTest) Metal benchmark scene: renderer is drawing 945 chunk sections
[22:48:38] [Server thread/INFO] (Minecraft) Teleported Player678 to -1535.500000, 174.620000, -127.500000
[22:48:38] [Render thread/INFO] (Minecraft) [System] [CHAT] [Server: Teleported Player678 to -1535.500000, 174.620000, -127.500000]
[22:48:46] [Test thread/INFO] (MetalLifecycleGameTest) Metal benchmark: phase=stationary#1 frames=334 seconds=2.8 avgFps=121.4 onePercentLow=61.7 pointOnePercentLow=60.6 p50CpuMs=1.999 p95CpuMs=2.383 p99CpuMs=2.632 p50IntervalMs=6.998 p99IntervalMs=15.985 worstIntervalMs=16.497 p50AcquireMs=4.755 p99AcquireMs=14.124 p50OutsideLoopMs=0.038 p99OutsideLoopMs=0.065
[22:48:46] [Test thread/INFO] (MetalLifecycleGameTest) Metal benchmark stall: phase=stationary#1 whole-phase render_frame=2655.962ms/334 acquire=1971.470ms/334 gpu_frame=1314.410ms/334 command_batch=148.903ms/1002 118.8MiB lod_prepare=68.304ms/1002 0.8MiB client_tick=41.937ms/55 client_post_tasks=22.553ms/334 client_packets=5.222ms/334 client_post_render=3.601ms/334 submit=3.357ms/334 buffer_map=2.852ms/5081 119.1MiB buffer_create=2.256ms/140 31.8MiB jvm_gc=2.000ms/1 upload_copy=1.976ms/843 5.3MiB client_pre_frame=1.927ms/334 level_end_frame=0.877ms/334 resource_release=0.832ms/140 31.8MiB client_pre_render=0.572ms/334 harness_handoff=0.453ms/64 arena_wait=0.251ms/334 present=0.198ms/334 client_tasks=0.124ms/334 task_drain=0.068ms/334 client_gizmos=0.060ms/55 render_pass_merge=0.000ms/4414
[22:48:46] [Test thread/INFO] (MetalLifecycleGameTest) Metal benchmark stall: phase=stationary#1 worst-1% render_frame=48.637ms/3 acquire=43.321ms/3 gpu_frame=20.596ms/3 command_batch=1.105ms/9 1.1MiB lod_prepare=0.513ms/9 buffer_map=0.025ms/45 1.1MiB submit=0.025ms/3 client_post_render=0.020ms/3 client_pre_frame=0.015ms/3 upload_copy=0.014ms/6 0.0MiB level_end_frame=0.007ms/3 client_pre_render=0.004ms/3 client_post_tasks=0.002ms/3 arena_wait=0.002ms/3 present=0.001ms/3 client_tasks=0.001ms/3 task_drain=0.001ms/3 client_packets=0.000ms/3 render_pass_merge=0.000ms/39
[22:48:46] [Test thread/INFO] (MetalLifecycleGameTest) Metal benchmark stall: phase=stationary#1 tasks total=0.000ms/0
[22:48:46] [Test thread/INFO] (MetalLifecycleGameTest) Metal benchmark stall: phase=stationary#1 gpuPassSpans sumOfSpans=813.738ms/2628 Sky disc=440.924ms/363 Immediate draw with minecraft:pipeline/item_cutout=197.898ms/363 Immediate draw with minecraft:pipeline/entity_translucent=94.068ms/363 GUI before blur=60.791ms/363 (depth clear)=11.722ms/726 Animate minecraft:textures/atlas/blocks.png=6.466ms/300 Animate minecraft:textures/atlas/particles.png=0.785ms/60 Update light=0.687ms/60 Animate minecraft:textures/atlas/gui.png=0.397ms/30
[22:48:46] [Test thread/INFO] (MetalLifecycleGameTest) Metal benchmark stall: phase=stationary#1 frame=181 intervalMs=16.497 cpuMs=1.970 outsideLoopMs=0.028 render_frame=16.438ms/1 acquire=14.435ms/1 gpu_frame=6.238ms/1 command_batch=0.371ms/3 0.4MiB lod_prepare=0.202ms/3 buffer_map=0.011ms/15 0.4MiB submit=0.011ms/1 client_post_render=0.007ms/1 upload_copy=0.006ms/2 0.0MiB client_pre_frame=0.006ms/1 level_end_frame=0.003ms/1 client_pre_render=0.001ms/1 arena_wait=0.001ms/1 present=0.001ms/1 client_post_tasks=0.000ms/1 client_tasks=0.000ms/1 task_drain=0.000ms/1 client_packets=0.000ms/1 render_pass_merge=0.000ms/13 unphasedMs=0.016
[22:48:46] [Test thread/INFO] (MetalLifecycleGameTest) Metal benchmark stall: phase=stationary#1 frame=203 intervalMs=16.292 cpuMs=1.452 outsideLoopMs=0.027 render_frame=16.234ms/1 acquire=14.762ms/1 gpu_frame=6.548ms/1 command_batch=0.353ms/3 0.4MiB lod_prepare=0.122ms/3 client_post_render=0.007ms/1 submit=0.007ms/1 buffer_map=0.006ms/15 0.4MiB client_pre_frame=0.005ms/1 upload_copy=0.003ms/2 0.0MiB level_end_frame=0.002ms/1 client_pre_render=0.002ms/1 client_post_tasks=0.001ms/1 arena_wait=0.000ms/1 client_tasks=0.000ms/1 present=0.000ms/1 task_drain=0.000ms/1 client_packets=0.000ms/1 render_pass_merge=0.000ms/13 unphasedMs=0.016
[22:48:46] [Test thread/INFO] (MetalLifecycleGameTest) Metal benchmark stall: phase=stationary#1 frame=317 intervalMs=16.026 cpuMs=1.820 outsideLoopMs=0.028 render_frame=15.965ms/1 acquire=14.124ms/1 gpu_frame=7.810ms/1 command_batch=0.381ms/3 0.4MiB lod_prepare=0.190ms/3 buffer_map=0.008ms/15 0.4MiB submit=0.007ms/1 upload_copy=0.005ms/2 0.0MiB client_post_render=0.005ms/1 client_pre_frame=0.004ms/1 level_end_frame=0.002ms/1 client_pre_render=0.001ms/1 arena_wait=0.001ms/1 client_post_tasks=0.000ms/1 client_tasks=0.000ms/1 present=0.000ms/1 task_drain=0.000ms/1 client_packets=0.000ms/1 render_pass_merge=0.000ms/13 unphasedMs=0.020
[22:48:46] [Test thread/INFO] (MetalLifecycleGameTest) Metal benchmark stall: phase=stationary#1 frame=217 intervalMs=15.985 cpuMs=1.893 outsideLoopMs=0.027 render_frame=15.929ms/1 acquire=14.011ms/1 gpu_frame=7.058ms/1 command_batch=0.462ms/3 0.4MiB lod_prepare=0.179ms/3 submit=0.008ms/1 buffer_map=0.008ms/15 0.4MiB client_post_render=0.007ms/1 client_pre_frame=0.006ms/1 upload_copy=0.005ms/2 0.0MiB level_end_frame=0.003ms/1 client_pre_render=0.001ms/1 arena_wait=0.001ms/1 client_post_tasks=0.001ms/1 present=0.000ms/1 client_tasks=0.000ms/1 task_drain=0.000ms/1 client_packets=0.000ms/1 render_pass_merge=0.000ms/13 unphasedMs=0.014
[22:48:46] [Test thread/INFO] (MetalLifecycleGameTest) Metal benchmark stall: phase=stationary#1 frame=169 intervalMs=15.930 cpuMs=1.664 outsideLoopMs=0.030 render_frame=15.864ms/1 acquire=14.180ms/1 gpu_frame=6.238ms/1 command_batch=0.434ms/3 0.4MiB lod_prepare=0.167ms/3 client_post_render=0.008ms/1 submit=0.006ms/1 buffer_map=0.006ms/15 0.4MiB client_pre_frame=0.005ms/1 upload_copy=0.003ms/2 0.0MiB level_end_frame=0.003ms/1 client_pre_render=0.001ms/1 client_post_tasks=0.001ms/1 present=0.001ms/1 arena_wait=0.001ms/1 client_tasks=0.000ms/1 client_packets=0.000ms/1 task_drain=0.000ms/1 render_pass_merge=0.000ms/13 unphasedMs=0.021
[22:48:46] [Test thread/INFO] (MetalLifecycleGameTest) Metal benchmark stall: phase=stationary#1 frame=313 intervalMs=15.722 cpuMs=1.764 outsideLoopMs=0.023 render_frame=15.673ms/1 acquire=13.886ms/1 gpu_frame=7.746ms/1 command_batch=0.348ms/3 0.4MiB lod_prepare=0.192ms/3 buffer_map=0.009ms/15 0.4MiB submit=0.008ms/1 upload_copy=0.005ms/2 0.0MiB client_pre_frame=0.004ms/1 client_post_render=0.004ms/1 level_end_frame=0.002ms/1 client_pre_render=0.001ms/1 arena_wait=0.001ms/1 client_post_tasks=0.000ms/1 present=0.000ms/1 client_tasks=0.000ms/1 task_drain=0.000ms/1 client_packets=0.000ms/1 render_pass_merge=0.000ms/13 unphasedMs=0.016
[22:48:46] [Test thread/INFO] (MetalLifecycleGameTest) Metal benchmark stall: phase=stationary#1 frame=209 intervalMs=15.355 cpuMs=1.872 outsideLoopMs=0.035 render_frame=15.280ms/1 acquire=13.383ms/1 gpu_frame=5.996ms/1 command_batch=0.398ms/3 0.4MiB lod_prepare=0.211ms/3 client_post_render=0.010ms/1 submit=0.009ms/1 buffer_map=0.008ms/15 0.4MiB client_pre_frame=0.006ms/1 upload_copy=0.006ms/2 0.0MiB level_end_frame=0.003ms/1 client_pre_render=0.002ms/1 arena_wait=0.001ms/1 client_post_tasks=0.001ms/1 present=0.001ms/1 client_packets=0.000ms/1 client_tasks=0.000ms/1 task_drain=0.000ms/1 render_pass_merge=0.000ms/13 unphasedMs=0.022
[22:48:46] [Test thread/INFO] (MetalLifecycleGameTest) Metal benchmark stall: phase=stationary#1 frame=123 intervalMs=15.303 cpuMs=1.820 outsideLoopMs=0.030 render_frame=15.243ms/1 acquire=13.397ms/1 gpu_frame=6.405ms/1 command_batch=0.360ms/3 0.4MiB lod_prepare=0.196ms/3 submit=0.009ms/1 client_post_render=0.009ms/1 buffer_map=0.007ms/15 0.4MiB upload_copy=0.005ms/2 0.0MiB client_pre_frame=0.005ms/1 level_end_frame=0.002ms/1 client_pre_render=0.001ms/1 arena_wait=0.001ms/1 client_post_tasks=0.001ms/1 client_tasks=0.000ms/1 present=0.000ms/1 task_drain=0.000ms/1 client_packets=0.000ms/1 render_pass_merge=0.000ms/13 unphasedMs=0.014
[22:48:49] [Test thread/INFO] (MetalLifecycleGameTest) Metal benchmark: phase=pan#1 frames=332 seconds=2.7 avgFps=121.3 onePercentLow=65.2 pointOnePercentLow=62.4 p50CpuMs=1.615 p95CpuMs=2.363 p99CpuMs=2.485 p50IntervalMs=7.050 p99IntervalMs=14.875 worstIntervalMs=16.037 p50AcquireMs=4.661 p99AcquireMs=13.214 p50OutsideLoopMs=0.031 p99OutsideLoopMs=0.049
[22:48:49] [Test thread/INFO] (MetalLifecycleGameTest) Metal benchmark stall: phase=pan#1 whole-phase render_frame=2646.976ms/332 acquire=2088.027ms/332 gpu_frame=1384.412ms/332 command_batch=99.237ms/996 74.4MiB lod_prepare=50.114ms/996 0.7MiB client_tick=39.676ms/54 client_post_tasks=23.084ms/332 client_packets=5.490ms/332 submit=3.195ms/332 jvm_gc=3.000ms/1 buffer_map=2.792ms/5215 89.6MiB upload_copy=2.408ms/1579 26.1MiB buffer_create=2.142ms/135 27.5MiB client_post_render=1.855ms/332 client_pre_frame=1.760ms/332 level_end_frame=0.877ms/332 resource_release=0.706ms/115 27.3MiB client_pre_render=0.531ms/332 harness_handoff=0.445ms/70 arena_wait=0.242ms/332 present=0.160ms/332 client_tasks=0.133ms/332 task_drain=0.072ms/332 client_gizmos=0.054ms/54 render_pass_merge=0.000ms/4529
[22:48:49] [Test thread/INFO] (MetalLifecycleGameTest) Metal benchmark stall: phase=pan#1 worst-1% render_frame=46.287ms/3 acquire=40.829ms/3 gpu_frame=23.210ms/3 command_batch=0.896ms/9 0.7MiB lod_prepare=0.499ms/9 buffer_map=0.040ms/47 0.9MiB submit=0.031ms/3 upload_copy=0.017ms/6 0.0MiB client_pre_frame=0.017ms/3 client_post_render=0.014ms/3 level_end_frame=0.008ms/3 client_pre_render=0.004ms/3 arena_wait=0.003ms/3 present=0.002ms/3 client_post_tasks=0.001ms/3 client_tasks=0.001ms/3 client_packets=0.001ms/3 task_drain=0.000ms/3 render_pass_merge=0.000ms/47
[22:48:49] [Test thread/INFO] (MetalLifecycleGameTest) Metal benchmark stall: phase=pan#1 tasks total=0.000ms/0
[22:48:49] [Test thread/INFO] (MetalLifecycleGameTest) Metal benchmark stall: phase=pan#1 gpuPassSpans sumOfSpans=643.843ms/2616 Sky disc=315.252ms/361 Immediate draw with minecraft:pipeline/item_cutout=120.323ms/270 Immediate draw with minecraft:pipeline/entity_translucent=90.647ms/361 GUI before blur=60.487ms/361 Immediate draw with minecraft:pipeline/entity_cutout=37.451ms/91 (depth clear)=11.211ms/722 Animate minecraft:textures/atlas/blocks.png=6.577ms/300 Animate minecraft:textures/atlas/particles.png=0.779ms/60 Update light=0.708ms/60 Animate minecraft:textures/atlas/gui.png=0.408ms/30
[22:48:49] [Test thread/INFO] (MetalLifecycleGameTest) Metal benchmark stall: phase=pan#1 frame=174 intervalMs=16.037 cpuMs=1.411 outsideLoopMs=0.025 render_frame=15.984ms/1 acquire=14.549ms/1 gpu_frame=8.620ms/1 command_batch=0.176ms/3 0.2MiB lod_prepare=0.122ms/3 buffer_map=0.010ms/16 0.3MiB submit=0.009ms/1 client_pre_frame=0.005ms/1 upload_copy=0.005ms/2 0.0MiB client_post_render=0.004ms/1 level_end_frame=0.002ms/1 client_pre_render=0.001ms/1 arena_wait=0.001ms/1 present=0.001ms/1 client_post_tasks=0.000ms/1 client_tasks=0.000ms/1 client_packets=0.000ms/1 task_drain=0.000ms/1 render_pass_merge=0.000ms/16 unphasedMs=0.016
[22:48:49] [Test thread/INFO] (MetalLifecycleGameTest) Metal benchmark stall: phase=pan#1 frame=130 intervalMs=15.477 cpuMs=1.473 outsideLoopMs=0.037 render_frame=15.402ms/1 acquire=13.895ms/1 gpu_frame=7.987ms/1 command_batch=0.178ms/3 0.1MiB lod_prepare=0.111ms/3 buffer_map=0.019ms/16 0.2MiB submit=0.011ms/1 client_pre_frame=0.007ms/1 client_post_render=0.006ms/1 upload_copy=0.006ms/2 0.0MiB level_end_frame=0.003ms/1 client_pre_render=0.002ms/1 arena_wait=0.001ms/1 client_post_tasks=0.001ms/1 present=0.001ms/1 client_tasks=0.000ms/1 client_packets=0.000ms/1 task_drain=0.000ms/1 render_pass_merge=0.000ms/16 unphasedMs=0.022
[22:48:49] [Test thread/INFO] (MetalLifecycleGameTest) Metal benchmark stall: phase=pan#1 frame=312 intervalMs=14.950 cpuMs=2.485 outsideLoopMs=0.021 render_frame=14.901ms/1 acquire=12.385ms/1 gpu_frame=6.602ms/1 command_batch=0.541ms/3 0.4MiB lod_prepare=0.267ms/3 submit=0.012ms/1 buffer_map=0.011ms/15 0.4MiB upload_copy=0.007ms/2 0.0MiB client_pre_frame=0.004ms/1 client_post_render=0.004ms/1 level_end_frame=0.003ms/1 client_pre_render=0.001ms/1 arena_wait=0.001ms/1 present=0.001ms/1 client_tasks=0.000ms/1 task_drain=0.000ms/1 client_post_tasks=0.000ms/1 client_packets=0.000ms/1 render_pass_merge=0.000ms/15 unphasedMs=0.018
[22:48:49] [Test thread/INFO] (MetalLifecycleGameTest) Metal benchmark stall: phase=pan#1 frame=222 intervalMs=14.875 cpuMs=1.724 outsideLoopMs=0.027 render_frame=14.818ms/1 acquire=13.066ms/1 gpu_frame=6.719ms/1 command_batch=0.361ms/3 0.3MiB lod_prepare=0.175ms/3 submit=0.010ms/1 buffer_map=0.008ms/15 0.3MiB upload_copy=0.005ms/2 0.0MiB client_pre_frame=0.004ms/1 client_post_render=0.004ms/1 level_end_frame=0.003ms/1 client_pre_render=0.001ms/1 arena_wait=0.001ms/1 client_post_tasks=0.001ms/1 client_tasks=0.000ms/1 present=0.000ms/1 task_drain=0.000ms/1 client_packets=0.000ms/1 render_pass_merge=0.000ms/14 unphasedMs=0.019
[22:48:49] [Test thread/INFO] (MetalLifecycleGameTest) Metal benchmark stall: phase=pan#1 frame=286 intervalMs=14.813 cpuMs=2.292 outsideLoopMs=0.019 render_frame=14.766ms/1 acquire=12.446ms/1 gpu_frame=6.016ms/1 command_batch=0.441ms/3 0.4MiB lod_prepare=0.270ms/3 upload_copy=0.014ms/12 0.2MiB buffer_map=0.010ms/15 0.4MiB submit=0.010ms/1 client_post_render=0.004ms/1 client_pre_frame=0.003ms/1 level_end_frame=0.002ms/1 client_pre_render=0.001ms/1 arena_wait=0.001ms/1 present=0.001ms/1 client_post_tasks=0.001ms/1 client_tasks=0.000ms/1 client_packets=0.000ms/1 task_drain=0.000ms/1 render_pass_merge=0.000ms/13 unphasedMs=0.017
[22:48:49] [Test thread/INFO] (MetalLifecycleGameTest) Metal benchmark stall: phase=pan#1 frame=45 intervalMs=14.797 cpuMs=1.328 outsideLoopMs=0.019 render_frame=14.756ms/1 acquire=13.397ms/1 gpu_frame=7.245ms/1 command_batch=0.263ms/3 0.2MiB lod_prepare=0.125ms/3 submit=0.010ms/1 buffer_map=0.009ms/15 0.2MiB upload_copy=0.005ms/2 0.0MiB client_pre_frame=0.004ms/1 client_post_render=0.004ms/1 level_end_frame=0.003ms/1 client_pre_render=0.001ms/1 arena_wait=0.001ms/1 present=0.001ms/1 client_post_tasks=0.001ms/1 client_tasks=0.000ms/1 task_drain=0.000ms/1 client_packets=0.000ms/1 render_pass_merge=0.000ms/9 unphasedMs=0.013
[22:48:49] [Test thread/INFO] (MetalLifecycleGameTest) Metal benchmark stall: phase=pan#1 frame=246 intervalMs=14.697 cpuMs=1.996 outsideLoopMs=0.028 render_frame=14.638ms/1 acquire=12.609ms/1 gpu_frame=6.411ms/1 command_batch=0.391ms/3 0.3MiB lod_prepare=0.190ms/3 submit=0.015ms/1 buffer_map=0.009ms/15 0.3MiB client_pre_frame=0.005ms/1 upload_copy=0.005ms/2 0.0MiB client_post_render=0.004ms/1 level_end_frame=0.003ms/1 client_pre_render=0.001ms/1 arena_wait=0.001ms/1 present=0.001ms/1 client_post_tasks=0.001ms/1 client_tasks=0.000ms/1 client_packets=0.000ms/1 task_drain=0.000ms/1 render_pass_merge=0.000ms/13 unphasedMs=0.019
[22:48:49] [Test thread/INFO] (MetalLifecycleGameTest) Metal benchmark stall: phase=pan#1 frame=9 intervalMs=14.612 cpuMs=1.775 outsideLoopMs=0.020 render_frame=14.567ms/1 acquire=12.763ms/1 gpu_frame=6.871ms/1 command_batch=0.383ms/3 0.3MiB lod_prepare=0.172ms/3 buffer_map=0.011ms/15 0.3MiB submit=0.010ms/1 upload_copy=0.006ms/2 0.0MiB client_pre_frame=0.004ms/1 client_post_render=0.004ms/1 level_end_frame=0.003ms/1 client_pre_render=0.001ms/1 arena_wait=0.001ms/1 client_post_tasks=0.001ms/1 present=0.000ms/1 client_tasks=0.000ms/1 task_drain=0.000ms/1 client_packets=0.000ms/1 render_pass_merge=0.000ms/11 unphasedMs=0.015
[22:48:52] [Test thread/INFO] (MetalLifecycleGameTest) Metal benchmark: phase=traversal#1 frames=329 seconds=2.8 avgFps=119.6 onePercentLow=59.4 pointOnePercentLow=51.0 p50CpuMs=1.905 p95CpuMs=2.380 p99CpuMs=2.933 p50IntervalMs=7.532 p99IntervalMs=15.444 worstIntervalMs=19.601 p50AcquireMs=5.822 p99AcquireMs=13.032 p50OutsideLoopMs=0.033 p99OutsideLoopMs=0.051
[22:48:52] [Test thread/INFO] (MetalLifecycleGameTest) Metal benchmark stall: phase=traversal#1 whole-phase render_frame=2644.139ms/329 acquire=2001.039ms/329 gpu_frame=1354.747ms/329 command_batch=129.494ms/987 115.6MiB lod_prepare=66.082ms/987 2.3MiB client_tick=43.550ms/55 client_post_tasks=22.700ms/329 client_packets=13.761ms/329 jvm_gc=11.000ms/4 resource_release=3.768ms/157 26.6MiB submit=3.091ms/329 upload_copy=2.770ms/1978 40.4MiB buffer_map=2.623ms/5055 108.0MiB buffer_create=2.217ms/158 26.3MiB client_pre_frame=1.916ms/329 client_post_render=1.853ms/329 level_end_frame=0.816ms/329 client_pre_render=0.579ms/329 harness_handoff=0.422ms/66 arena_wait=0.252ms/329 present=0.172ms/329 client_tasks=0.121ms/329 task_drain=0.062ms/329 client_gizmos=0.057ms/55 texture_create=0.038ms/2 0.0MiB render_pass_merge=0.000ms/3840
[22:48:52] [Test thread/INFO] (MetalLifecycleGameTest) Metal benchmark stall: phase=traversal#1 worst-1% render_frame=49.365ms/3 acquire=40.227ms/3 gpu_frame=14.705ms/3 jvm_gc=5.000ms/1 client_tick=1.616ms/2 command_batch=1.194ms/9 1.0MiB client_post_tasks=0.712ms/3 lod_prepare=0.564ms/9 buffer_map=0.035ms/47 0.9MiB submit=0.030ms/3 upload_copy=0.020ms/14 0.0MiB client_pre_frame=0.016ms/3 client_post_render=0.015ms/3 harness_handoff=0.014ms/2 level_end_frame=0.007ms/3 client_pre_render=0.004ms/3 arena_wait=0.003ms/3 present=0.002ms/3 client_gizmos=0.002ms/2 client_tasks=0.001ms/3 client_packets=0.001ms/3 task_drain=0.001ms/3 render_pass_merge=0.000ms/35
[22:48:52] [Test thread/INFO] (MetalLifecycleGameTest) Metal benchmark stall: phase=traversal#1 tasks total=0.000ms/0
[22:48:52] [Test thread/INFO] (MetalLifecycleGameTest) Metal benchmark stall: phase=traversal#1 gpuPassSpans sumOfSpans=828.644ms/2601 Sky disc=449.677ms/358 Immediate draw with minecraft:pipeline/entity_cutout=120.084ms/196 Immediate draw with minecraft:pipeline/entity_translucent=90.137ms/358 Immediate draw with minecraft:pipeline/item_cutout=87.974ms/162 GUI before blur=59.950ms/358 (depth clear)=10.768ms/716 Animate minecraft:textures/atlas/blocks.png=6.670ms/300 Clouds=1.509ms/3 Animate minecraft:textures/atlas/particles.png=0.772ms/60 Update light=0.691ms/60 Animate minecraft:textures/atlas/gui.png=0.413ms/30
[22:48:52] [Test thread/INFO] (MetalLifecycleGameTest) Metal benchmark stall: phase=traversal#1 frame=293 intervalMs=19.601 cpuMs=1.950 outsideLoopMs=0.029 render_frame=19.531ms/1 acquire=17.554ms/1 gpu_frame=1.999ms/1 command_batch=0.428ms/3 0.3MiB lod_prepare=0.175ms/3 buffer_map=0.008ms/15 0.3MiB submit=0.007ms/1 upload_copy=0.007ms/10 0.0MiB client_pre_frame=0.007ms/1 client_post_render=0.005ms/1 level_end_frame=0.002ms/1 client_pre_render=0.002ms/1 arena_wait=0.001ms/1 client_post_tasks=0.001ms/1 present=0.001ms/1 client_tasks=0.000ms/1 task_drain=0.000ms/1 client_packets=0.000ms/1 render_pass_merge=0.000ms/11 unphasedMs=0.027
[22:48:52] [Test thread/INFO] (MetalLifecycleGameTest) Metal benchmark stall: phase=traversal#1 frame=114 intervalMs=16.694 cpuMs=2.213 outsideLoopMs=0.028 render_frame=15.423ms/1 acquire=13.178ms/1 gpu_frame=6.452ms/1 jvm_gc=5.000ms/1 client_tick=0.873ms/1 command_batch=0.385ms/3 0.3MiB client_post_tasks=0.339ms/1 lod_prepare=0.203ms/3 buffer_map=0.020ms/16 0.3MiB submit=0.012ms/1 harness_handoff=0.007ms/1 upload_copy=0.007ms/2 0.0MiB client_pre_frame=0.005ms/1 client_post_render=0.005ms/1 level_end_frame=0.002ms/1 client_pre_render=0.001ms/1 client_gizmos=0.001ms/1 arena_wait=0.001ms/1 present=0.001ms/1 client_tasks=0.000ms/1 task_drain=0.000ms/1 client_packets=0.000ms/1 render_pass_merge=0.000ms/13 unphasedMs=0.018
[22:48:52] [Test thread/INFO] (MetalLifecycleGameTest) Metal benchmark stall: phase=traversal#1 frame=192 intervalMs=15.585 cpuMs=4.885 outsideLoopMs=0.031 render_frame=14.410ms/1 acquire=9.496ms/1 gpu_frame=6.254ms/1 client_tick=0.744ms/1 command_batch=0.381ms/3 0.3MiB client_post_tasks=0.372ms/1 lod_prepare=0.186ms/3 submit=0.011ms/1 buffer_map=0.007ms/16 0.3MiB harness_handoff=0.007ms/1 client_post_render=0.006ms/1 upload_copy=0.005ms/2 0.0MiB client_pre_frame=0.004ms/1 level_end_frame=0.002ms/1 client_pre_render=0.001ms/1 arena_wait=0.001ms/1 present=0.001ms/1 client_gizmos=0.000ms/1 client_packets=0.000ms/1 client_tasks=0.000ms/1 task_drain=0.000ms/1 render_pass_merge=0.000ms/11 unphasedMs=0.017
[22:48:52] [Test thread/INFO] (MetalLifecycleGameTest) Metal benchmark stall: phase=traversal#1 frame=148 intervalMs=15.444 cpuMs=1.594 outsideLoopMs=0.017 render_frame=15.403ms/1 acquire=13.786ms/1 gpu_frame=6.162ms/1 command_batch=0.408ms/3 0.4MiB lod_prepare=0.168ms/3 submit=0.007ms/1 buffer_map=0.006ms/15 0.3MiB upload_copy=0.004ms/2 0.0MiB client_pre_frame=0.003ms/1 client_post_render=0.003ms/1 level_end_frame=0.003ms/1 client_pre_render=0.001ms/1 arena_wait=0.001ms/1 client_post_tasks=0.000ms/1 present=0.000ms/1 client_tasks=0.000ms/1 task_drain=0.000ms/1 client_packets=0.000ms/1 render_pass_merge=0.000ms/11 unphasedMs=0.016
[22:48:52] [Test thread/INFO] (MetalLifecycleGameTest) Metal benchmark stall: phase=traversal#1 frame=242 intervalMs=15.068 cpuMs=1.949 outsideLoopMs=0.028 render_frame=14.885ms/1 acquire=12.903ms/1 gpu_frame=6.572ms/1 command_batch=0.381ms/3 0.3MiB lod_prepare=0.169ms/3 client_packets=0.128ms/1 submit=0.008ms/1 buffer_map=0.007ms/15 0.3MiB client_post_render=0.005ms/1 client_pre_frame=0.005ms/1 upload_copy=0.004ms/2 0.0MiB level_end_frame=0.003ms/1 client_pre_render=0.001ms/1 arena_wait=0.001ms/1 client_post_tasks=0.001ms/1 present=0.000ms/1 client_tasks=0.000ms/1 task_drain=0.000ms/1 render_pass_merge=0.000ms/11 unphasedMs=0.016
[22:48:52] [Test thread/INFO] (MetalLifecycleGameTest) Metal benchmark stall: phase=traversal#1 frame=94 intervalMs=14.973 cpuMs=1.863 outsideLoopMs=0.024 render_frame=14.922ms/1 acquire=13.032ms/1 gpu_frame=6.576ms/1 command_batch=0.392ms/3 0.4MiB lod_prepare=0.199ms/3 buffer_map=0.010ms/15 0.3MiB submit=0.008ms/1 upload_copy=0.005ms/2 0.0MiB client_post_render=0.004ms/1 client_pre_frame=0.004ms/1 level_end_frame=0.003ms/1 client_pre_render=0.001ms/1 present=0.001ms/1 arena_wait=0.001ms/1 client_tasks=0.000ms/1 client_post_tasks=0.000ms/1 task_drain=0.000ms/1 client_packets=0.000ms/1 render_pass_merge=0.000ms/13 unphasedMs=0.017
[22:48:52] [Test thread/INFO] (MetalLifecycleGameTest) Metal benchmark stall: phase=traversal#1 frame=106 intervalMs=14.948 cpuMs=2.000 outsideLoopMs=0.035 render_frame=14.876ms/1 acquire=12.850ms/1 gpu_frame=7.654ms/1 command_batch=0.417ms/3 0.4MiB lod_prepare=0.237ms/3 buffer_map=0.008ms/15 0.3MiB submit=0.008ms/1 client_pre_frame=0.007ms/1 upload_copy=0.006ms/2 0.0MiB client_post_render=0.005ms/1 level_end_frame=0.002ms/1 client_pre_render=0.001ms/1 arena_wait=0.001ms/1 client_post_tasks=0.001ms/1 present=0.001ms/1 client_tasks=0.000ms/1 client_packets=0.000ms/1 task_drain=0.000ms/1 render_pass_merge=0.000ms/13 unphasedMs=0.023
[22:48:52] [Test thread/INFO] (MetalLifecycleGameTest) Metal benchmark stall: phase=traversal#1 frame=220 intervalMs=14.930 cpuMs=2.276 outsideLoopMs=0.020 render_frame=14.884ms/1 acquire=12.586ms/1 gpu_frame=6.288ms/1 command_batch=0.372ms/3 0.3MiB lod_prepare=0.152ms/3 upload_copy=0.046ms/42 1.7MiB buffer_map=0.016ms/15 0.3MiB submit=0.008ms/1 client_pre_frame=0.004ms/1 client_post_render=0.003ms/1 level_end_frame=0.002ms/1 client_pre_render=0.001ms/1 arena_wait=0.001ms/1 client_post_tasks=0.001ms/1 present=0.000ms/1 client_tasks=0.000ms/1 task_drain=0.000ms/1 client_packets=0.000ms/1 render_pass_merge=0.000ms/11 unphasedMs=0.016
[22:48:52] [Server thread/INFO] (Minecraft) Teleported Player678 to -1535.500000, 174.620000, -127.500000
[22:48:52] [Render thread/INFO] (Minecraft) [System] [CHAT] [Server: Teleported Player678 to -1535.500000, 174.620000, -127.500000]
[22:49:00] [Test thread/INFO] (MetalLifecycleGameTest) Metal benchmark: phase=stationary#2 frames=330 seconds=2.7 avgFps=120.1 onePercentLow=66.7 pointOnePercentLow=65.4 p50CpuMs=2.100 p95CpuMs=2.381 p99CpuMs=2.619 p50IntervalMs=7.306 p99IntervalMs=14.698 worstIntervalMs=15.280 p50AcquireMs=5.275 p99AcquireMs=12.530 p50OutsideLoopMs=0.030 p99OutsideLoopMs=0.045
[22:49:00] [Test thread/INFO] (MetalLifecycleGameTest) Metal benchmark stall: phase=stationary#2 whole-phase render_frame=2657.817ms/330 acquire=1961.080ms/330 gpu_frame=1324.810ms/330 command_batch=160.189ms/990 121.9MiB lod_prepare=70.049ms/990 3.7MiB client_tick=43.584ms/54 client_post_tasks=21.455ms/330 jvm_gc=6.000ms/1 client_packets=4.553ms/330 buffer_create=3.772ms/249 52.5MiB submit=3.147ms/330 buffer_map=2.665ms/5059 132.4MiB upload_copy=1.848ms/919 8.8MiB client_pre_frame=1.794ms/330 client_post_render=1.583ms/330 resource_release=1.334ms/249 52.5MiB level_end_frame=0.882ms/330 harness_handoff=0.508ms/84 client_pre_render=0.504ms/330 arena_wait=0.244ms/330 present=0.173ms/330 client_tasks=0.115ms/330 task_drain=0.062ms/330 client_gizmos=0.054ms/54 render_pass_merge=0.000ms/4559
[22:49:00] [Test thread/INFO] (MetalLifecycleGameTest) Metal benchmark stall: phase=stationary#2 worst-1% render_frame=45.083ms/3 acquire=38.214ms/3 gpu_frame=20.278ms/3 command_batch=1.366ms/9 1.1MiB lod_prepare=0.606ms/9 submit=0.026ms/3 buffer_map=0.023ms/46 1.8MiB upload_copy=0.016ms/6 0.0MiB client_pre_frame=0.015ms/3 client_post_render=0.013ms/3 level_end_frame=0.008ms/3 client_pre_render=0.004ms/3 arena_wait=0.002ms/3 present=0.002ms/3 client_post_tasks=0.002ms/3 client_tasks=0.001ms/3 task_drain=0.001ms/3 client_packets=0.001ms/3 render_pass_merge=0.000ms/41
[22:49:00] [Test thread/INFO] (MetalLifecycleGameTest) Metal benchmark stall: phase=stationary#2 tasks total=0.000ms/0
[22:49:00] [Test thread/INFO] (MetalLifecycleGameTest) Metal benchmark stall: phase=stationary#2 gpuPassSpans sumOfSpans=805.691ms/2605 Sky disc=442.995ms/359 Immediate draw with minecraft:pipeline/item_cutout=191.532ms/359 Immediate draw with minecraft:pipeline/entity_translucent=90.555ms/359 GUI before blur=60.361ms/359 (depth clear)=11.269ms/718 Animate minecraft:textures/atlas/blocks.png=6.320ms/300 Animate minecraft:textures/atlas/particles.png=0.936ms/60 Update light=0.860ms/60 Clouds=0.467ms/1 Animate minecraft:textures/atlas/gui.png=0.397ms/30
[22:49:00] [Test thread/INFO] (MetalLifecycleGameTest) Metal benchmark stall: phase=stationary#2 frame=146 intervalMs=15.280 cpuMs=1.760 outsideLoopMs=0.033 render_frame=15.217ms/1 acquire=13.435ms/1 gpu_frame=7.288ms/1 command_batch=0.362ms/3 0.4MiB lod_prepare=0.178ms/3 submit=0.008ms/1 buffer_map=0.007ms/15 0.4MiB client_post_render=0.005ms/1 upload_copy=0.004ms/2 0.0MiB client_pre_frame=0.004ms/1 level_end_frame=0.003ms/1 client_pre_render=0.001ms/1 arena_wait=0.001ms/1 client_tasks=0.001ms/1 present=0.000ms/1 client_post_tasks=0.000ms/1 task_drain=0.000ms/1 client_packets=0.000ms/1 render_pass_merge=0.000ms/14 unphasedMs=0.018
[22:49:00] [Test thread/INFO] (MetalLifecycleGameTest) Metal benchmark stall: phase=stationary#2 frame=214 intervalMs=15.185 cpuMs=2.169 outsideLoopMs=0.019 render_frame=15.142ms/1 acquire=12.947ms/1 gpu_frame=7.420ms/1 command_batch=0.487ms/3 0.4MiB lod_prepare=0.224ms/3 submit=0.009ms/1 buffer_map=0.009ms/15 0.4MiB upload_copy=0.007ms/2 0.0MiB client_pre_frame=0.004ms/1 client_post_render=0.003ms/1 level_end_frame=0.003ms/1 client_pre_render=0.001ms/1 arena_wait=0.001ms/1 present=0.001ms/1 client_post_tasks=0.000ms/1 client_tasks=0.000ms/1 client_packets=0.000ms/1 task_drain=0.000ms/1 render_pass_merge=0.000ms/14 unphasedMs=0.015
[22:49:00] [Test thread/INFO] (MetalLifecycleGameTest) Metal benchmark stall: phase=stationary#2 frame=272 intervalMs=14.791 cpuMs=2.864 outsideLoopMs=0.030 render_frame=14.724ms/1 acquire=11.833ms/1 gpu_frame=5.570ms/1 command_batch=0.517ms/3 0.4MiB lod_prepare=0.203ms/3 submit=0.010ms/1 buffer_map=0.008ms/16 1.1MiB client_pre_frame=0.007ms/1 upload_copy=0.005ms/2 0.0MiB client_post_render=0.005ms/1 level_end_frame=0.002ms/1 client_pre_render=0.002ms/1 client_post_tasks=0.001ms/1 arena_wait=0.001ms/1 present=0.000ms/1 client_tasks=0.000ms/1 client_packets=0.000ms/1 task_drain=0.000ms/1 render_pass_merge=0.000ms/13 unphasedMs=0.022
[22:49:00] [Test thread/INFO] (MetalLifecycleGameTest) Metal benchmark stall: phase=stationary#2 frame=64 intervalMs=14.698 cpuMs=2.269 outsideLoopMs=0.026 render_frame=14.633ms/1 acquire=12.333ms/1 gpu_frame=6.305ms/1 command_batch=0.543ms/3 0.4MiB lod_prepare=0.238ms/3 client_pre_frame=0.010ms/1 submit=0.010ms/1 buffer_map=0.010ms/15 0.4MiB upload_copy=0.005ms/2 0.0MiB client_post_render=0.004ms/1 level_end_frame=0.003ms/1 client_pre_render=0.001ms/1 arena_wait=0.001ms/1 present=0.001ms/1 client_post_tasks=0.001ms/1 client_tasks=0.000ms/1 task_drain=0.000ms/1 client_packets=0.000ms/1 render_pass_merge=0.000ms/14 unphasedMs=0.022
[22:49:00] [Test thread/INFO] (MetalLifecycleGameTest) Metal benchmark stall: phase=stationary#2 frame=226 intervalMs=14.675 cpuMs=2.100 outsideLoopMs=0.023 render_frame=14.625ms/1 acquire=12.499ms/1 gpu_frame=6.496ms/1 command_batch=0.530ms/3 0.4MiB lod_prepare=0.166ms/3 buffer_map=0.008ms/15 0.4MiB submit=0.008ms/1 client_pre_frame=0.005ms/1 upload_copy=0.004ms/2 0.0MiB client_post_render=0.003ms/1 level_end_frame=0.003ms/1 client_pre_render=0.001ms/1 client_post_tasks=0.001ms/1 arena_wait=0.001ms/1 present=0.000ms/1 client_tasks=0.000ms/1 task_drain=0.000ms/1 client_packets=0.000ms/1 render_pass_merge=0.000ms/14 unphasedMs=0.017
[22:49:00] [Test thread/INFO] (MetalLifecycleGameTest) Metal benchmark stall: phase=stationary#2 frame=76 intervalMs=14.664 cpuMs=1.935 outsideLoopMs=0.021 render_frame=14.613ms/1 acquire=12.657ms/1 gpu_frame=6.107ms/1 command_batch=0.504ms/3 0.4MiB lod_prepare=0.163ms/3 buffer_map=0.007ms/15 0.4MiB submit=0.007ms/1 upload_copy=0.004ms/2 0.0MiB client_pre_frame=0.004ms/1 client_post_render=0.004ms/1 level_end_frame=0.002ms/1 client_pre_render=0.001ms/1 client_post_tasks=0.001ms/1 arena_wait=0.001ms/1 present=0.000ms/1 client_tasks=0.000ms/1 client_packets=0.000ms/1 task_drain=0.000ms/1 render_pass_merge=0.000ms/14 unphasedMs=0.020
[22:49:00] [Test thread/INFO] (MetalLifecycleGameTest) Metal benchmark stall: phase=stationary#2 frame=150 intervalMs=14.562 cpuMs=2.434 outsideLoopMs=0.023 render_frame=13.178ms/1 acquire=10.712ms/1 gpu_frame=6.592ms/1 client_tick=0.957ms/1 command_batch=0.540ms/3 0.4MiB client_post_tasks=0.373ms/1 lod_prepare=0.248ms/3 submit=0.012ms/1 harness_handoff=0.011ms/2 buffer_map=0.010ms/16 0.4MiB upload_copy=0.007ms/2 0.0MiB client_pre_frame=0.005ms/1 client_post_render=0.003ms/1 level_end_frame=0.003ms/1 client_pre_render=0.001ms/1 client_gizmos=0.001ms/1 arena_wait=0.001ms/1 present=0.001ms/1 client_tasks=0.000ms/1 task_drain=0.000ms/1 client_packets=0.000ms/1 render_pass_merge=0.000ms/14 unphasedMs=0.021
[22:49:00] [Test thread/INFO] (MetalLifecycleGameTest) Metal benchmark stall: phase=stationary#2 frame=124 intervalMs=14.555 cpuMs=2.063 outsideLoopMs=0.018 render_frame=14.508ms/1 acquire=12.419ms/1 gpu_frame=6.513ms/1 command_batch=0.516ms/3 0.4MiB lod_prepare=0.174ms/3 buffer_map=0.021ms/15 0.4MiB client_pre_frame=0.008ms/1 submit=0.007ms/1 upload_copy=0.004ms/2 0.0MiB level_end_frame=0.003ms/1 client_post_render=0.003ms/1 client_pre_render=0.001ms/1 arena_wait=0.001ms/1 present=0.001ms/1 client_post_tasks=0.000ms/1 client_tasks=0.000ms/1 task_drain=0.000ms/1 client_packets=0.000ms/1 render_pass_merge=0.000ms/14 unphasedMs=0.017
[22:49:03] [Test thread/INFO] (MetalLifecycleGameTest) Metal benchmark: phase=pan#2 frames=331 seconds=2.7 avgFps=120.4 onePercentLow=64.5 pointOnePercentLow=62.8 p50CpuMs=1.650 p95CpuMs=2.236 p99CpuMs=2.352 p50IntervalMs=7.731 p99IntervalMs=15.218 worstIntervalMs=15.926 p50AcquireMs=5.852 p99AcquireMs=13.292 p50OutsideLoopMs=0.034 p99OutsideLoopMs=0.057
[22:49:03] [Test thread/INFO] (MetalLifecycleGameTest) Metal benchmark stall: phase=pan#2 whole-phase render_frame=2661.286ms/331 acquire=2096.226ms/331 gpu_frame=1473.813ms/331 command_batch=99.550ms/993 79.6MiB lod_prepare=54.643ms/993 0.2MiB client_tick=40.451ms/55 client_post_tasks=21.694ms/331 jvm_gc=5.000ms/3 client_packets=3.469ms/331 submit=2.979ms/331 buffer_map=2.899ms/5178 97.5MiB upload_copy=1.964ms/1169 16.3MiB client_post_render=1.933ms/331 client_pre_frame=1.575ms/331 buffer_create=1.046ms/70 15.7MiB level_end_frame=0.866ms/331 harness_handoff=0.376ms/66 client_pre_render=0.352ms/331 resource_release=0.348ms/66 15.7MiB arena_wait=0.235ms/331 present=0.183ms/331 client_tasks=0.125ms/331 task_drain=0.070ms/331 texture_create=0.060ms/2 0.0MiB client_gizmos=0.051ms/55 render_pass_merge=0.000ms/4448
[22:49:03] [Test thread/INFO] (MetalLifecycleGameTest) Metal benchmark stall: phase=pan#2 worst-1% render_frame=46.640ms/3 acquire=42.211ms/3 gpu_frame=19.953ms/3 command_batch=0.779ms/9 0.7MiB lod_prepare=0.424ms/9 buffer_map=0.024ms/46 0.8MiB submit=0.022ms/3 upload_copy=0.019ms/10 0.3MiB client_post_render=0.019ms/3 client_pre_frame=0.013ms/3 level_end_frame=0.008ms/3 client_pre_render=0.003ms/3 arena_wait=0.002ms/3 present=0.002ms/3 client_tasks=0.001ms/3 client_post_tasks=0.001ms/3 task_drain=0.000ms/3 client_packets=0.000ms/3 render_pass_merge=0.000ms/40
[22:49:03] [Test thread/INFO] (MetalLifecycleGameTest) Metal benchmark stall: phase=pan#2 tasks total=0.000ms/0
[22:49:03] [Test thread/INFO] (MetalLifecycleGameTest) Metal benchmark stall: phase=pan#2 gpuPassSpans sumOfSpans=671.563ms/2610 Sky disc=333.566ms/360 Immediate draw with minecraft:pipeline/item_cutout=126.577ms/269 Immediate draw with minecraft:pipeline/entity_translucent=91.231ms/360 GUI before blur=60.242ms/360 Immediate draw with minecraft:pipeline/entity_cutout=38.624ms/91 (depth clear)=11.007ms/720 Animate minecraft:textures/atlas/blocks.png=8.317ms/300 Animate minecraft:textures/atlas/particles.png=0.817ms/60 Update light=0.716ms/60 Animate minecraft:textures/atlas/gui.png=0.466ms/30
[22:49:03] [Test thread/INFO] (MetalLifecycleGameTest) Metal benchmark stall: phase=pan#2 frame=101 intervalMs=15.926 cpuMs=1.005 outsideLoopMs=0.023 render_frame=15.876ms/1 acquire=14.851ms/1 gpu_frame=7.297ms/1 command_batch=0.128ms/3 0.1MiB lod_prepare=0.069ms/3 buffer_map=0.007ms/16 0.2MiB submit=0.006ms/1 client_post_render=0.004ms/1 client_pre_frame=0.004ms/1 upload_copy=0.003ms/2 0.0MiB level_end_frame=0.002ms/1 client_pre_render=0.001ms/1 arena_wait=0.000ms/1 client_post_tasks=0.000ms/1 present=0.000ms/1 client_tasks=0.000ms/1 task_drain=0.000ms/1 client_packets=0.000ms/1 render_pass_merge=0.000ms/17 unphasedMs=0.017
[22:49:03] [Test thread/INFO] (MetalLifecycleGameTest) Metal benchmark stall: phase=pan#2 frame=255 intervalMs=15.461 cpuMs=1.869 outsideLoopMs=0.039 render_frame=15.390ms/1 acquire=13.493ms/1 gpu_frame=6.192ms/1 command_batch=0.322ms/3 0.3MiB lod_prepare=0.225ms/3 client_post_render=0.011ms/1 buffer_map=0.010ms/15 0.4MiB submit=0.008ms/1 upload_copy=0.006ms/2 0.0MiB client_pre_frame=0.006ms/1 level_end_frame=0.003ms/1 arena_wait=0.001ms/1 present=0.001ms/1 client_pre_render=0.000ms/1 client_tasks=0.000ms/1 client_packets=0.000ms/1 task_drain=0.000ms/1 client_post_tasks=0.000ms/1 render_pass_merge=0.000ms/12 unphasedMs=0.014
[22:49:03] [Test thread/INFO] (MetalLifecycleGameTest) Metal benchmark stall: phase=pan#2 frame=26 intervalMs=15.424 cpuMs=1.483 outsideLoopMs=0.023 render_frame=15.374ms/1 acquire=13.867ms/1 gpu_frame=6.464ms/1 command_batch=0.329ms/3 0.2MiB lod_prepare=0.129ms/3 upload_copy=0.010ms/6 0.2MiB submit=0.008ms/1 buffer_map=0.007ms/15 0.2MiB client_post_render=0.004ms/1 client_pre_frame=0.004ms/1 level_end_frame=0.003ms/1 client_pre_render=0.001ms/1 arena_wait=0.001ms/1 present=0.001ms/1 client_post_tasks=0.000ms/1 client_tasks=0.000ms/1 task_drain=0.000ms/1 client_packets=0.000ms/1 render_pass_merge=0.000ms/11 unphasedMs=0.018
[22:49:03] [Test thread/INFO] (MetalLifecycleGameTest) Metal benchmark stall: phase=pan#2 frame=187 intervalMs=15.218 cpuMs=1.750 outsideLoopMs=0.020 render_frame=14.107ms/1 acquire=12.329ms/1 gpu_frame=6.647ms/1 client_tick=0.723ms/1 client_post_tasks=0.346ms/1 command_batch=0.239ms/3 0.2MiB lod_prepare=0.167ms/3 submit=0.012ms/1 buffer_map=0.010ms/17 0.3MiB upload_copy=0.005ms/2 0.0MiB harness_handoff=0.005ms/1 client_post_render=0.003ms/1 level_end_frame=0.002ms/1 client_pre_frame=0.002ms/1 arena_wait=0.001ms/1 client_gizmos=0.000ms/1 present=0.000ms/1 client_pre_render=0.000ms/1 client_tasks=0.000ms/1 client_packets=0.000ms/1 task_drain=0.000ms/1 render_pass_merge=0.000ms/14 unphasedMs=0.016
[22:49:03] [Test thread/INFO] (MetalLifecycleGameTest) Metal benchmark stall: phase=pan#2 frame=173 intervalMs=15.070 cpuMs=1.951 outsideLoopMs=0.022 render_frame=15.026ms/1 acquire=13.040ms/1 gpu_frame=6.996ms/1 command_batch=0.288ms/3 0.2MiB lod_prepare=0.160ms/3 buffer_map=0.013ms/16 0.3MiB submit=0.011ms/1 upload_copy=0.007ms/2 0.0MiB client_post_render=0.004ms/1 client_pre_frame=0.004ms/1 level_end_frame=0.003ms/1 present=0.001ms/1 arena_wait=0.001ms/1 client_pre_render=0.000ms/1 client_tasks=0.000ms/1 client_packets=0.000ms/1 task_drain=0.000ms/1 client_post_tasks=0.000ms/1 render_pass_merge=0.000ms/16 unphasedMs=0.014
[22:49:03] [Test thread/INFO] (MetalLifecycleGameTest) Metal benchmark stall: phase=pan#2 frame=2 intervalMs=15.063 cpuMs=1.750 outsideLoopMs=0.024 render_frame=15.009ms/1 acquire=13.234ms/1 gpu_frame=6.630ms/1 command_batch=0.387ms/3 0.3MiB lod_prepare=0.182ms/3 buffer_map=0.009ms/15 0.3MiB submit=0.009ms/1 client_pre_frame=0.005ms/1 upload_copy=0.005ms/2 0.0MiB client_post_render=0.004ms/1 level_end_frame=0.003ms/1 client_pre_render=0.001ms/1 arena_wait=0.001ms/1 present=0.001ms/1 client_post_tasks=0.000ms/1 client_tasks=0.000ms/1 task_drain=0.000ms/1 client_packets=0.000ms/1 render_pass_merge=0.000ms/11 unphasedMs=0.019
[22:49:03] [Test thread/INFO] (MetalLifecycleGameTest) Metal benchmark stall: phase=pan#2 frame=46 intervalMs=14.786 cpuMs=1.640 outsideLoopMs=0.023 render_frame=14.737ms/1 acquire=13.065ms/1 gpu_frame=7.146ms/1 command_batch=0.299ms/3 0.2MiB lod_prepare=0.149ms/3 buffer_map=0.011ms/15 0.2MiB submit=0.010ms/1 upload_copy=0.008ms/5 0.1MiB client_post_render=0.004ms/1 client_pre_frame=0.004ms/1 level_end_frame=0.003ms/1 client_pre_render=0.001ms/1 arena_wait=0.001ms/1 present=0.001ms/1 client_tasks=0.000ms/1 client_post_tasks=0.000ms/1 task_drain=0.000ms/1 client_packets=0.000ms/1 render_pass_merge=0.000ms/9 unphasedMs=0.017
[22:49:03] [Test thread/INFO] (MetalLifecycleGameTest) Metal benchmark stall: phase=pan#2 frame=214 intervalMs=14.725 cpuMs=1.790 outsideLoopMs=0.033 render_frame=14.661ms/1 acquire=12.848ms/1 gpu_frame=6.305ms/1 command_batch=0.366ms/3 0.3MiB lod_prepare=0.161ms/3 buffer_map=0.008ms/15 0.3MiB submit=0.007ms/1 client_post_render=0.005ms/1 client_pre_frame=0.004ms/1 upload_copy=0.004ms/2 0.0MiB level_end_frame=0.003ms/1 arena_wait=0.001ms/1 client_pre_render=0.000ms/1 present=0.000ms/1 client_packets=0.000ms/1 client_tasks=0.000ms/1 task_drain=0.000ms/1 client_post_tasks=0.000ms/1 render_pass_merge=0.000ms/13 unphasedMs=0.020
[22:49:06] [Test thread/INFO] (MetalLifecycleGameTest) Metal benchmark: phase=traversal#2 frames=333 seconds=2.7 avgFps=121.1 onePercentLow=63.0 pointOnePercentLow=62.4 p50CpuMs=1.980 p95CpuMs=2.387 p99CpuMs=2.732 p50IntervalMs=7.013 p99IntervalMs=15.773 worstIntervalMs=16.014 p50AcquireMs=4.871 p99AcquireMs=13.761 p50OutsideLoopMs=0.031 p99OutsideLoopMs=0.044
[22:49:06] [Test thread/INFO] (MetalLifecycleGameTest) Metal benchmark stall: phase=traversal#2 whole-phase render_frame=2653.472ms/333 acquire=1982.781ms/333 gpu_frame=1394.344ms/333 command_batch=153.841ms/999 119.8MiB lod_prepare=63.772ms/999 0.5MiB client_tick=43.803ms/55 client_post_tasks=23.777ms/333 client_packets=8.581ms/333 jvm_gc=3.000ms/1 submit=2.957ms/333 buffer_map=2.785ms/5075 115.5MiB buffer_create=2.437ms/173 38.3MiB upload_copy=2.014ms/1508 17.8MiB client_post_render=1.412ms/333 client_pre_frame=1.171ms/333 resource_release=0.904ms/171 38.3MiB level_end_frame=0.892ms/333 harness_handoff=0.329ms/64 arena_wait=0.213ms/333 client_pre_render=0.193ms/333 present=0.173ms/333 client_tasks=0.117ms/333 task_drain=0.070ms/333 client_gizmos=0.047ms/55 render_pass_merge=0.000ms/4038
[22:49:06] [Test thread/INFO] (MetalLifecycleGameTest) Metal benchmark stall: phase=traversal#2 worst-1% render_frame=47.559ms/3 acquire=42.192ms/3 gpu_frame=19.239ms/3 command_batch=1.260ms/9 1.1MiB lod_prepare=0.491ms/9 buffer_map=0.022ms/45 1.0MiB submit=0.021ms/3 upload_copy=0.015ms/12 0.1MiB client_post_render=0.009ms/3 client_pre_frame=0.009ms/3 level_end_frame=0.007ms/3 arena_wait=0.002ms/3 client_pre_render=0.001ms/3 present=0.001ms/3 client_tasks=0.001ms/3 task_drain=0.001ms/3 client_post_tasks=0.000ms/3 client_packets=0.000ms/3 render_pass_merge=0.000ms/37
[22:49:06] [Test thread/INFO] (MetalLifecycleGameTest) Metal benchmark stall: phase=traversal#2 tasks total=0.000ms/0
[22:49:06] [Test thread/INFO] (MetalLifecycleGameTest) Metal benchmark stall: phase=traversal#2 gpuPassSpans sumOfSpans=874.183ms/2631 Sky disc=473.650ms/363 Immediate draw with minecraft:pipeline/entity_cutout=145.319ms/238 Immediate draw with minecraft:pipeline/entity_translucent=92.688ms/363 Immediate draw with minecraft:pipeline/item_cutout=78.519ms/125 GUI before blur=61.582ms/363 (depth clear)=12.201ms/726 Animate minecraft:textures/atlas/blocks.png=6.643ms/300 Clouds=1.522ms/3 Animate minecraft:textures/atlas/particles.png=0.875ms/60 Update light=0.686ms/60 Animate minecraft:textures/atlas/gui.png=0.498ms/30
[22:49:06] [Test thread/INFO] (MetalLifecycleGameTest) Metal benchmark stall: phase=traversal#2 frame=162 intervalMs=16.014 cpuMs=1.527 outsideLoopMs=0.029 render_frame=15.958ms/1 acquire=14.410ms/1 gpu_frame=6.481ms/1 command_batch=0.373ms/3 0.4MiB lod_prepare=0.129ms/3 submit=0.006ms/1 buffer_map=0.006ms/15 0.3MiB client_post_render=0.004ms/1 client_pre_frame=0.004ms/1 upload_copy=0.003ms/2 0.0MiB level_end_frame=0.002ms/1 client_pre_render=0.000ms/1 arena_wait=0.000ms/1 client_tasks=0.000ms/1 present=0.000ms/1 task_drain=0.000ms/1 client_post_tasks=0.000ms/1 client_packets=0.000ms/1 render_pass_merge=0.000ms/13 unphasedMs=0.018
[22:49:06] [Test thread/INFO] (MetalLifecycleGameTest) Metal benchmark stall: phase=traversal#2 frame=233 intervalMs=15.856 cpuMs=2.019 outsideLoopMs=0.023 render_frame=15.811ms/1 acquire=13.761ms/1 gpu_frame=6.215ms/1 command_batch=0.439ms/3 0.4MiB lod_prepare=0.198ms/3 buffer_map=0.009ms/15 0.3MiB upload_copy=0.008ms/8 0.1MiB submit=0.008ms/1 client_post_render=0.003ms/1 level_end_frame=0.003ms/1 client_pre_frame=0.002ms/1 arena_wait=0.001ms/1 client_pre_render=0.001ms/1 present=0.001ms/1 client_tasks=0.000ms/1 task_drain=0.000ms/1 client_post_tasks=0.000ms/1 client_packets=0.000ms/1 render_pass_merge=0.000ms/11 unphasedMs=0.017
[22:49:06] [Test thread/INFO] (MetalLifecycleGameTest) Metal benchmark stall: phase=traversal#2 frame=187 intervalMs=15.832 cpuMs=1.747 outsideLoopMs=0.020 render_frame=15.791ms/1 acquire=14.021ms/1 gpu_frame=6.543ms/1 command_batch=0.448ms/3 0.4MiB lod_prepare=0.165ms/3 buffer_map=0.007ms/15 0.3MiB submit=0.007ms/1 upload_copy=0.004ms/2 0.0MiB client_pre_frame=0.003ms/1 client_post_render=0.002ms/1 level_end_frame=0.002ms/1 arena_wait=0.001ms/1 present=0.001ms/1 client_pre_render=0.000ms/1 client_tasks=0.000ms/1 client_packets=0.000ms/1 task_drain=0.000ms/1 client_post_tasks=0.000ms/1 render_pass_merge=0.000ms/13 unphasedMs=0.015
[22:49:06] [Test thread/INFO] (MetalLifecycleGameTest) Metal benchmark stall: phase=traversal#2 frame=205 intervalMs=15.773 cpuMs=1.751 outsideLoopMs=0.022 render_frame=15.730ms/1 acquire=13.957ms/1 gpu_frame=6.411ms/1 command_batch=0.426ms/3 0.3MiB lod_prepare=0.163ms/3 buffer_map=0.008ms/15 0.3MiB upload_copy=0.007ms/17 0.0MiB submit=0.007ms/1 level_end_frame=0.003ms/1 client_pre_frame=0.003ms/1 client_post_render=0.003ms/1 arena_wait=0.001ms/1 present=0.000ms/1 client_tasks=0.000ms/1 client_pre_render=0.000ms/1 task_drain=0.000ms/1 client_packets=0.000ms/1 client_post_tasks=0.000ms/1 render_pass_merge=0.000ms/13 unphasedMs=0.016
[22:49:06] [Test thread/INFO] (MetalLifecycleGameTest) Metal benchmark stall: phase=traversal#2 frame=172 intervalMs=15.309 cpuMs=1.747 outsideLoopMs=0.035 render_frame=15.246ms/1 acquire=13.476ms/1 gpu_frame=6.049ms/1 command_batch=0.365ms/3 0.4MiB lod_prepare=0.200ms/3 buffer_map=0.008ms/15 0.3MiB submit=0.007ms/1 client_post_render=0.005ms/1 upload_copy=0.004ms/2 0.0MiB client_pre_frame=0.004ms/1 level_end_frame=0.003ms/1 arena_wait=0.001ms/1 client_pre_render=0.001ms/1 present=0.000ms/1 client_tasks=0.000ms/1 client_packets=0.000ms/1 task_drain=0.000ms/1 client_post_tasks=0.000ms/1 render_pass_merge=0.000ms/13 unphasedMs=0.019
[22:49:06] [Test thread/INFO] (MetalLifecycleGameTest) Metal benchmark stall: phase=traversal#2 frame=74 intervalMs=15.198 cpuMs=1.653 outsideLoopMs=0.042 render_frame=15.119ms/1 acquire=13.436ms/1 gpu_frame=6.018ms/1 command_batch=0.354ms/3 0.4MiB lod_prepare=0.175ms/3 submit=0.008ms/1 buffer_map=0.008ms/15 0.3MiB client_post_render=0.005ms/1 upload_copy=0.005ms/2 0.0MiB client_pre_frame=0.004ms/1 level_end_frame=0.003ms/1 arena_wait=0.001ms/1 client_pre_render=0.001ms/1 present=0.001ms/1 client_tasks=0.000ms/1 task_drain=0.000ms/1 client_packets=0.000ms/1 client_post_tasks=0.000ms/1 render_pass_merge=0.000ms/11 unphasedMs=0.026
[22:49:06] [Test thread/INFO] (MetalLifecycleGameTest) Metal benchmark stall: phase=traversal#2 frame=263 intervalMs=15.179 cpuMs=1.913 outsideLoopMs=0.019 render_frame=15.139ms/1 acquire=13.198ms/1 gpu_frame=6.512ms/1 command_batch=0.479ms/3 0.4MiB lod_prepare=0.187ms/3 buffer_map=0.010ms/15 0.3MiB submit=0.009ms/1 upload_copy=0.005ms/2 0.0MiB level_end_frame=0.003ms/1 client_pre_frame=0.003ms/1 client_post_render=0.003ms/1 arena_wait=0.001ms/1 present=0.001ms/1 client_packets=0.000ms/1 client_pre_render=0.000ms/1 client_tasks=0.000ms/1 task_drain=0.000ms/1 client_post_tasks=0.000ms/1 render_pass_merge=0.000ms/11 unphasedMs=0.015
[22:49:06] [Test thread/INFO] (MetalLifecycleGameTest) Metal benchmark stall: phase=traversal#2 frame=307 intervalMs=14.885 cpuMs=2.041 outsideLoopMs=0.024 render_frame=14.833ms/1 acquire=12.762ms/1 gpu_frame=6.315ms/1 command_batch=0.502ms/3 0.3MiB lod_prepare=0.165ms/3 buffer_map=0.009ms/15 0.3MiB submit=0.008ms/1 level_end_frame=0.005ms/1 upload_copy=0.004ms/2 0.0MiB client_post_render=0.003ms/1 client_pre_frame=0.003ms/1 present=0.001ms/1 arena_wait=0.001ms/1 client_pre_render=0.000ms/1 client_tasks=0.000ms/1 task_drain=0.000ms/1 client_packets=0.000ms/1 client_post_tasks=0.000ms/1 render_pass_merge=0.000ms/13 unphasedMs=0.022
[22:49:06] [Server thread/INFO] (Minecraft) Teleported Player678 to -1535.500000, 174.620000, -127.500000
[22:49:06] [Render thread/INFO] (Minecraft) [System] [CHAT] [Server: Teleported Player678 to -1535.500000, 174.620000, -127.500000]
[22:49:14] [Test thread/INFO] (MetalLifecycleGameTest) Metal benchmark: phase=stationary#3 frames=331 seconds=2.8 avgFps=120.3 onePercentLow=65.1 pointOnePercentLow=62.8 p50CpuMs=1.983 p95CpuMs=2.310 p99CpuMs=2.480 p50IntervalMs=7.414 p99IntervalMs=15.071 worstIntervalMs=15.917 p50AcquireMs=5.209 p99AcquireMs=13.064 p50OutsideLoopMs=0.035 p99OutsideLoopMs=0.046
[22:49:14] [Test thread/INFO] (MetalLifecycleGameTest) Metal benchmark stall: phase=stationary#3 whole-phase render_frame=2666.841ms/331 acquire=1999.834ms/331 gpu_frame=1435.348ms/331 command_batch=149.397ms/993 121.6MiB lod_prepare=67.122ms/993 client_tick=39.790ms/55 client_post_tasks=20.620ms/331 client_packets=3.472ms/331 submit=3.102ms/331 buffer_map=2.974ms/5020 131.1MiB upload_copy=1.609ms/730 2.2MiB client_post_render=1.545ms/331 buffer_create=1.384ms/92 23.0MiB client_pre_frame=1.222ms/331 level_end_frame=0.909ms/331 resource_release=0.480ms/92 23.0MiB harness_handoff=0.413ms/75 arena_wait=0.241ms/331 client_pre_render=0.206ms/331 present=0.194ms/331 client_tasks=0.121ms/331 task_drain=0.075ms/331 client_gizmos=0.050ms/55 render_pass_merge=0.000ms/4303
[22:49:14] [Test thread/INFO] (MetalLifecycleGameTest) Metal benchmark stall: phase=stationary#3 worst-1% render_frame=46.241ms/3 acquire=40.325ms/3 gpu_frame=19.329ms/3 command_batch=1.377ms/9 1.1MiB lod_prepare=0.609ms/9 submit=0.031ms/3 buffer_map=0.025ms/45 1.2MiB client_post_render=0.014ms/3 upload_copy=0.012ms/6 0.0MiB client_pre_frame=0.011ms/3 level_end_frame=0.008ms/3 arena_wait=0.002ms/3 client_pre_render=0.001ms/3 present=0.001ms/3 client_tasks=0.001ms/3 task_drain=0.001ms/3 client_packets=0.001ms/3 client_post_tasks=0.000ms/3 render_pass_merge=0.000ms/39
[22:49:14] [Test thread/INFO] (MetalLifecycleGameTest) Metal benchmark stall: phase=stationary#3 tasks total=0.000ms/0
[22:49:14] [Test thread/INFO] (MetalLifecycleGameTest) Metal benchmark stall: phase=stationary#3 gpuPassSpans sumOfSpans=824.128ms/2610 Sky disc=449.999ms/360 Immediate draw with minecraft:pipeline/item_cutout=200.251ms/360 Immediate draw with minecraft:pipeline/entity_translucent=92.382ms/360 GUI before blur=61.198ms/360 (depth clear)=11.854ms/720 Animate minecraft:textures/atlas/blocks.png=6.557ms/300 Animate minecraft:textures/atlas/particles.png=0.800ms/60 Update light=0.686ms/60 Animate minecraft:textures/atlas/gui.png=0.399ms/30
[22:49:14] [Test thread/INFO] (MetalLifecycleGameTest) Metal benchmark stall: phase=stationary#3 frame=317 intervalMs=15.917 cpuMs=1.722 outsideLoopMs=0.029 render_frame=15.863ms/1 acquire=14.120ms/1 gpu_frame=6.038ms/1 command_batch=0.399ms/3 0.4MiB lod_prepare=0.183ms/3 client_post_render=0.009ms/1 buffer_map=0.007ms/15 0.4MiB submit=0.006ms/1 client_pre_frame=0.004ms/1 upload_copy=0.003ms/2 0.0MiB level_end_frame=0.003ms/1 client_pre_render=0.001ms/1 arena_wait=0.000ms/1 present=0.000ms/1 client_tasks=0.000ms/1 client_packets=0.000ms/1 task_drain=0.000ms/1 client_post_tasks=0.000ms/1 render_pass_merge=0.000ms/13 unphasedMs=0.011
[22:49:14] [Test thread/INFO] (MetalLifecycleGameTest) Metal benchmark stall: phase=stationary#3 frame=34 intervalMs=15.358 cpuMs=2.219 outsideLoopMs=0.018 render_frame=15.321ms/1 acquire=13.075ms/1 gpu_frame=6.724ms/1 command_batch=0.526ms/3 0.4MiB lod_prepare=0.233ms/3 buffer_map=0.011ms/15 0.4MiB submit=0.010ms/1 upload_copy=0.005ms/2 0.0MiB client_pre_frame=0.003ms/1 level_end_frame=0.003ms/1 client_post_render=0.002ms/1 arena_wait=0.001ms/1 present=0.000ms/1 client_pre_render=0.000ms/1 client_tasks=0.000ms/1 task_drain=0.000ms/1 client_packets=0.000ms/1 client_post_tasks=0.000ms/1 render_pass_merge=0.000ms/13 unphasedMs=0.013
[22:49:14] [Test thread/INFO] (MetalLifecycleGameTest) Metal benchmark stall: phase=stationary#3 frame=10 intervalMs=15.093 cpuMs=1.895 outsideLoopMs=0.017 render_frame=15.057ms/1 acquire=13.130ms/1 gpu_frame=6.566ms/1 command_batch=0.452ms/3 0.4MiB lod_prepare=0.193ms/3 submit=0.016ms/1 buffer_map=0.007ms/15 0.4MiB upload_copy=0.003ms/2 0.0MiB client_pre_frame=0.003ms/1 client_post_render=0.003ms/1 level_end_frame=0.002ms/1 arena_wait=0.001ms/1 present=0.000ms/1 client_pre_render=0.000ms/1 client_tasks=0.000ms/1 task_drain=0.000ms/1 client_packets=0.000ms/1 client_post_tasks=0.000ms/1 render_pass_merge=0.000ms/13 unphasedMs=0.013
[22:49:14] [Test thread/INFO] (MetalLifecycleGameTest) Metal benchmark stall: phase=stationary#3 frame=321 intervalMs=15.071 cpuMs=2.040 outsideLoopMs=0.028 render_frame=15.020ms/1 acquire=12.953ms/1 gpu_frame=5.733ms/1 command_batch=0.528ms/3 0.4MiB lod_prepare=0.234ms/3 buffer_map=0.010ms/15 0.4MiB submit=0.009ms/1 upload_copy=0.005ms/2 0.0MiB client_post_render=0.004ms/1 level_end_frame=0.004ms/1 client_pre_frame=0.003ms/1 arena_wait=0.001ms/1 present=0.001ms/1 client_pre_render=0.000ms/1 client_tasks=0.000ms/1 client_packets=0.000ms/1 task_drain=0.000ms/1 client_post_tasks=0.000ms/1 render_pass_merge=0.000ms/13 unphasedMs=0.014
[22:49:14] [Test thread/INFO] (MetalLifecycleGameTest) Metal benchmark stall: phase=stationary#3 frame=4 intervalMs=15.032 cpuMs=1.902 outsideLoopMs=0.020 render_frame=14.991ms/1 acquire=13.064ms/1 gpu_frame=6.616ms/1 command_batch=0.457ms/3 0.4MiB lod_prepare=0.198ms/3 submit=0.009ms/1 buffer_map=0.007ms/15 0.4MiB upload_copy=0.004ms/2 0.0MiB client_pre_frame=0.003ms/1 level_end_frame=0.003ms/1 client_post_render=0.002ms/1 arena_wait=0.001ms/1 client_pre_render=0.001ms/1 present=0.000ms/1 client_tasks=0.000ms/1 task_drain=0.000ms/1 client_packets=0.000ms/1 client_post_tasks=0.000ms/1 render_pass_merge=0.000ms/13 unphasedMs=0.015
[22:49:14] [Test thread/INFO] (MetalLifecycleGameTest) Metal benchmark stall: phase=stationary#3 frame=44 intervalMs=14.971 cpuMs=2.098 outsideLoopMs=0.023 render_frame=14.927ms/1 acquire=12.805ms/1 gpu_frame=6.248ms/1 command_batch=0.497ms/3 0.4MiB lod_prepare=0.219ms/3 buffer_map=0.009ms/15 0.4MiB submit=0.008ms/1 upload_copy=0.004ms/2 0.0MiB client_post_render=0.003ms/1 level_end_frame=0.003ms/1 client_pre_frame=0.003ms/1 arena_wait=0.001ms/1 client_pre_render=0.000ms/1 present=0.000ms/1 client_tasks=0.000ms/1 task_drain=0.000ms/1 client_packets=0.000ms/1 client_post_tasks=0.000ms/1 render_pass_merge=0.000ms/13 unphasedMs=0.015
[22:49:14] [Test thread/INFO] (MetalLifecycleGameTest) Metal benchmark stall: phase=stationary#3 frame=135 intervalMs=14.923 cpuMs=1.944 outsideLoopMs=0.029 render_frame=14.871ms/1 acquire=12.899ms/1 gpu_frame=6.277ms/1 command_batch=0.384ms/3 0.4MiB lod_prepare=0.225ms/3 buffer_map=0.011ms/15 0.4MiB submit=0.009ms/1 upload_copy=0.005ms/2 0.0MiB client_post_render=0.004ms/1 client_pre_frame=0.004ms/1 level_end_frame=0.003ms/1 arena_wait=0.001ms/1 present=0.001ms/1 client_pre_render=0.001ms/1 client_packets=0.000ms/1 client_tasks=0.000ms/1 task_drain=0.000ms/1 client_post_tasks=0.000ms/1 render_pass_merge=0.000ms/13 unphasedMs=0.015
[22:49:14] [Test thread/INFO] (MetalLifecycleGameTest) Metal benchmark stall: phase=stationary#3 frame=14 intervalMs=14.800 cpuMs=2.192 outsideLoopMs=0.021 render_frame=14.756ms/1 acquire=12.540ms/1 gpu_frame=6.263ms/1 command_batch=0.476ms/3 0.4MiB lod_prepare=0.258ms/3 buffer_map=0.011ms/15 0.4MiB submit=0.007ms/1 upload_copy=0.006ms/2 0.0MiB client_pre_frame=0.004ms/1 client_post_render=0.003ms/1 level_end_frame=0.002ms/1 arena_wait=0.001ms/1 present=0.001ms/1 client_pre_render=0.001ms/1 client_tasks=0.000ms/1 task_drain=0.000ms/1 client_packets=0.000ms/1 client_post_tasks=0.000ms/1 render_pass_merge=0.000ms/13 unphasedMs=0.015
[22:49:17] [Test thread/INFO] (MetalLifecycleGameTest) Metal benchmark: phase=pan#3 frames=334 seconds=2.7 avgFps=121.5 onePercentLow=62.8 pointOnePercentLow=62.5 p50CpuMs=1.552 p95CpuMs=2.119 p99CpuMs=2.280 p50IntervalMs=6.677 p99IntervalMs=15.795 worstIntervalMs=16.001 p50AcquireMs=5.008 p99AcquireMs=14.117 p50OutsideLoopMs=0.028 p99OutsideLoopMs=0.046
[22:49:17] [Test thread/INFO] (MetalLifecycleGameTest) Metal benchmark stall: phase=pan#3 whole-phase render_frame=2667.623ms/334 acquire=2128.538ms/334 gpu_frame=1434.771ms/334 command_batch=107.557ms/1002 80.4MiB lod_prepare=50.976ms/1002 0.1MiB client_tick=38.953ms/54 client_post_tasks=21.431ms/334 submit=2.973ms/334 client_packets=2.890ms/334 buffer_map=2.851ms/5333 95.2MiB jvm_gc=2.000ms/1 buffer_create=1.969ms/125 29.4MiB upload_copy=1.708ms/1055 12.3MiB client_post_render=1.325ms/334 client_pre_frame=1.079ms/334 level_end_frame=0.965ms/334 resource_release=0.630ms/119 29.4MiB harness_handoff=0.327ms/67 arena_wait=0.227ms/334 client_pre_render=0.173ms/334 present=0.166ms/334 client_tasks=0.102ms/334 task_drain=0.059ms/334 client_gizmos=0.036ms/54 render_pass_merge=0.000ms/4665
[22:49:17] [Test thread/INFO] (MetalLifecycleGameTest) Metal benchmark stall: phase=pan#3 worst-1% render_frame=46.378ms/3 acquire=40.066ms/3 gpu_frame=21.876ms/3 client_tick=0.913ms/1 command_batch=0.613ms/9 0.5MiB client_post_tasks=0.408ms/3 lod_prepare=0.346ms/9 client_packets=0.044ms/3 buffer_map=0.030ms/52 0.7MiB submit=0.028ms/3 upload_copy=0.013ms/6 0.0MiB client_post_render=0.010ms/3 harness_handoff=0.009ms/1 level_end_frame=0.007ms/3 client_pre_frame=0.006ms/3 arena_wait=0.002ms/3 present=0.002ms/3 client_pre_render=0.001ms/3 client_tasks=0.001ms/3 client_gizmos=0.001ms/1 task_drain=0.000ms/3 render_pass_merge=0.000ms/50
[22:49:17] [Test thread/INFO] (MetalLifecycleGameTest) Metal benchmark stall: phase=pan#3 tasks total=0.000ms/0
[22:49:17] [Test thread/INFO] (MetalLifecycleGameTest) Metal benchmark stall: phase=pan#3 gpuPassSpans sumOfSpans=683.485ms/2628 Sky disc=341.539ms/363 Immediate draw with minecraft:pipeline/item_cutout=137.409ms/295 Immediate draw with minecraft:pipeline/entity_translucent=91.716ms/363 GUI before blur=61.262ms/363 Immediate draw with minecraft:pipeline/entity_cutout=30.158ms/68 (depth clear)=11.580ms/726 Animate minecraft:textures/atlas/blocks.png=7.657ms/300 Animate minecraft:textures/atlas/particles.png=0.950ms/60 Update light=0.756ms/60 Animate minecraft:textures/atlas/gui.png=0.459ms/30
[22:49:17] [Test thread/INFO] (MetalLifecycleGameTest) Metal benchmark stall: phase=pan#3 frame=194 intervalMs=16.001 cpuMs=1.818 outsideLoopMs=0.017 render_frame=15.965ms/1 acquire=14.117ms/1 gpu_frame=7.850ms/1 command_batch=0.326ms/3 0.2MiB lod_prepare=0.164ms/3 buffer_map=0.011ms/17 0.3MiB submit=0.011ms/1 upload_copy=0.005ms/2 0.0MiB client_pre_frame=0.003ms/1 level_end_frame=0.003ms/1 client_post_render=0.003ms/1 arena_wait=0.001ms/1 present=0.001ms/1 client_pre_render=0.000ms/1 client_packets=0.000ms/1 client_tasks=0.000ms/1 task_drain=0.000ms/1 client_post_tasks=0.000ms/1 render_pass_merge=0.000ms/15 unphasedMs=0.011
[22:49:17] [Test thread/INFO] (MetalLifecycleGameTest) Metal benchmark stall: phase=pan#3 frame=93 intervalMs=15.946 cpuMs=3.094 outsideLoopMs=0.029 render_frame=14.573ms/1 acquire=11.455ms/1 gpu_frame=6.519ms/1 client_tick=0.913ms/1 client_post_tasks=0.408ms/1 command_batch=0.152ms/3 0.1MiB lod_prepare=0.094ms/3 submit=0.010ms/1 harness_handoff=0.009ms/1 buffer_map=0.009ms/18 0.2MiB client_post_render=0.004ms/1 upload_copy=0.004ms/2 0.0MiB level_end_frame=0.002ms/1 client_pre_frame=0.002ms/1 client_gizmos=0.001ms/1 arena_wait=0.001ms/1 client_pre_render=0.001ms/1 present=0.000ms/1 client_tasks=0.000ms/1 task_drain=0.000ms/1 client_packets=0.000ms/1 render_pass_merge=0.000ms/17 unphasedMs=0.017
[22:49:17] [Test thread/INFO] (MetalLifecycleGameTest) Metal benchmark stall: phase=pan#3 frame=107 intervalMs=15.925 cpuMs=1.324 outsideLoopMs=0.021 render_frame=15.840ms/1 acquire=14.495ms/1 gpu_frame=7.507ms/1 command_batch=0.135ms/3 0.1MiB lod_prepare=0.087ms/3 client_packets=0.044ms/1 buffer_map=0.010ms/17 0.2MiB submit=0.007ms/1 upload_copy=0.004ms/2 0.0MiB client_post_render=0.003ms/1 level_end_frame=0.002ms/1 client_pre_frame=0.002ms/1 arena_wait=0.001ms/1 present=0.000ms/1 client_pre_render=0.000ms/1 client_tasks=0.000ms/1 task_drain=0.000ms/1 client_post_tasks=0.000ms/1 render_pass_merge=0.000ms/18 unphasedMs=0.015
[22:49:17] [Test thread/INFO] (MetalLifecycleGameTest) Metal benchmark stall: phase=pan#3 frame=85 intervalMs=15.795 cpuMs=1.186 outsideLoopMs=0.033 render_frame=15.732ms/1 acquire=14.523ms/1 gpu_frame=6.948ms/1 command_batch=0.181ms/3 0.1MiB lod_prepare=0.113ms/3 buffer_map=0.007ms/16 0.2MiB submit=0.006ms/1 client_pre_frame=0.005ms/1 client_post_render=0.004ms/1 upload_copy=0.003ms/2 0.0MiB level_end_frame=0.003ms/1 client_pre_render=0.001ms/1 present=0.000ms/1 client_tasks=0.000ms/1 arena_wait=0.000ms/1 client_packets=0.000ms/1 task_drain=0.000ms/1 client_post_tasks=0.000ms/1 render_pass_merge=0.000ms/12 unphasedMs=0.020
[22:49:17] [Test thread/INFO] (MetalLifecycleGameTest) Metal benchmark stall: phase=pan#3 frame=60 intervalMs=15.782 cpuMs=1.143 outsideLoopMs=0.026 render_frame=15.730ms/1 acquire=14.561ms/1 gpu_frame=6.999ms/1 command_batch=0.179ms/3 0.2MiB lod_prepare=0.123ms/3 submit=0.008ms/1 buffer_map=0.007ms/16 0.2MiB client_pre_frame=0.004ms/1 upload_copy=0.004ms/2 0.0MiB client_post_render=0.004ms/1 level_end_frame=0.003ms/1 arena_wait=0.001ms/1 present=0.001ms/1 client_tasks=0.001ms/1 client_pre_render=0.000ms/1 task_drain=0.000ms/1 client_post_tasks=0.000ms/1 client_packets=0.000ms/1 render_pass_merge=0.000ms/13 unphasedMs=0.017
[22:49:17] [Test thread/INFO] (MetalLifecycleGameTest) Metal benchmark stall: phase=pan#3 frame=41 intervalMs=15.552 cpuMs=1.401 outsideLoopMs=0.044 render_frame=15.479ms/1 acquire=14.057ms/1 gpu_frame=6.756ms/1 command_batch=0.240ms/3 0.2MiB lod_prepare=0.154ms/3 buffer_map=0.009ms/15 0.2MiB client_pre_frame=0.007ms/1 submit=0.006ms/1 upload_copy=0.005ms/2 0.0MiB client_post_render=0.004ms/1 level_end_frame=0.003ms/1 arena_wait=0.001ms/1 client_pre_render=0.001ms/1 client_packets=0.001ms/1 present=0.000ms/1 client_tasks=0.000ms/1 task_drain=0.000ms/1 client_post_tasks=0.000ms/1 render_pass_merge=0.000ms/12 unphasedMs=0.017
[22:49:17] [Test thread/INFO] (MetalLifecycleGameTest) Metal benchmark stall: phase=pan#3 frame=284 intervalMs=15.533 cpuMs=1.855 outsideLoopMs=0.030 render_frame=15.474ms/1 acquire=13.600ms/1 gpu_frame=7.703ms/1 command_batch=0.489ms/3 0.4MiB lod_prepare=0.201ms/3 buffer_map=0.007ms/15 0.4MiB submit=0.006ms/1 client_post_render=0.004ms/1 client_pre_frame=0.003ms/1 upload_copy=0.003ms/2 0.0MiB level_end_frame=0.003ms/1 arena_wait=0.001ms/1 client_pre_render=0.001ms/1 client_tasks=0.000ms/1 present=0.000ms/1 task_drain=0.000ms/1 client_packets=0.000ms/1 client_post_tasks=0.000ms/1 render_pass_merge=0.000ms/13 unphasedMs=0.021
[22:49:17] [Test thread/INFO] (MetalLifecycleGameTest) Metal benchmark stall: phase=pan#3 frame=154 intervalMs=15.473 cpuMs=1.667 outsideLoopMs=0.016 render_frame=14.382ms/1 acquire=12.689ms/1 gpu_frame=8.266ms/1 client_tick=0.687ms/1 client_post_tasks=0.371ms/1 command_batch=0.207ms/3 0.2MiB lod_prepare=0.124ms/3 submit=0.011ms/1 buffer_map=0.010ms/18 0.3MiB harness_handoff=0.005ms/1 upload_copy=0.005ms/2 0.0MiB level_end_frame=0.003ms/1 client_post_render=0.002ms/1 client_pre_frame=0.002ms/1 arena_wait=0.001ms/1 present=0.001ms/1 client_gizmos=0.001ms/1 client_pre_render=0.000ms/1 client_packets=0.000ms/1 client_tasks=0.000ms/1 task_drain=0.000ms/1 render_pass_merge=0.000ms/17 unphasedMs=0.012
[22:49:20] [Test thread/INFO] (MetalLifecycleGameTest) Metal benchmark: phase=traversal#3 frames=330 seconds=2.8 avgFps=120.0 onePercentLow=67.1 pointOnePercentLow=66.4 p50CpuMs=1.859 p95CpuMs=2.234 p99CpuMs=2.578 p50IntervalMs=6.685 p99IntervalMs=14.787 worstIntervalMs=15.069 p50AcquireMs=4.595 p99AcquireMs=12.767 p50OutsideLoopMs=0.026 p99OutsideLoopMs=0.041
[22:49:20] [Test thread/INFO] (MetalLifecycleGameTest) Metal benchmark stall: phase=traversal#3 whole-phase render_frame=2655.846ms/330 acquire=2025.609ms/330 gpu_frame=1394.075ms/330 command_batch=153.507ms/990 118.5MiB lod_prepare=60.415ms/990 0.5MiB client_tick=42.171ms/55 client_post_tasks=26.799ms/330 client_packets=8.116ms/330 jvm_gc=4.000ms/1 buffer_create=3.360ms/233 54.3MiB submit=2.874ms/330 buffer_map=2.737ms/5025 116.0MiB upload_copy=1.825ms/1493 17.2MiB client_post_render=1.227ms/330 resource_release=1.173ms/237 54.2MiB client_pre_frame=1.040ms/330 level_end_frame=0.938ms/330 harness_handoff=0.332ms/72 arena_wait=0.208ms/330 client_pre_render=0.171ms/330 present=0.154ms/330 client_tasks=0.098ms/330 task_drain=0.057ms/330 client_gizmos=0.047ms/55 render_pass_merge=0.000ms/4124
[22:49:20] [Test thread/INFO] (MetalLifecycleGameTest) Metal benchmark stall: phase=traversal#3 worst-1% render_frame=44.716ms/3 acquire=38.570ms/3 gpu_frame=19.507ms/3 command_batch=1.456ms/9 1.1MiB lod_prepare=0.638ms/9 buffer_map=0.030ms/45 1.1MiB submit=0.026ms/3 upload_copy=0.019ms/14 0.2MiB client_post_render=0.010ms/3 client_pre_frame=0.008ms/3 level_end_frame=0.007ms/3 arena_wait=0.002ms/3 present=0.002ms/3 client_pre_render=0.001ms/3 client_tasks=0.001ms/3 task_drain=0.001ms/3 client_packets=0.000ms/3 client_post_tasks=0.000ms/3 render_pass_merge=0.000ms/38
[22:49:20] [Test thread/INFO] (MetalLifecycleGameTest) Metal benchmark stall: phase=traversal#3 tasks total=0.000ms/0
[22:49:20] [Test thread/INFO] (MetalLifecycleGameTest) Metal benchmark stall: phase=traversal#3 gpuPassSpans sumOfSpans=852.234ms/2612 Sky disc=463.996ms/360 Immediate draw with minecraft:pipeline/item_cutout=113.967ms/200 Immediate draw with minecraft:pipeline/entity_cutout=101.508ms/160 Immediate draw with minecraft:pipeline/entity_translucent=91.133ms/360 GUI before blur=61.207ms/360 (depth clear)=11.199ms/720 Animate minecraft:textures/atlas/blocks.png=6.312ms/300 Clouds=1.039ms/2 Animate minecraft:textures/atlas/particles.png=0.778ms/60 Update light=0.695ms/60 Animate minecraft:textures/atlas/gui.png=0.400ms/30
[22:49:20] [Test thread/INFO] (MetalLifecycleGameTest) Metal benchmark stall: phase=traversal#3 frame=94 intervalMs=15.069 cpuMs=1.988 outsideLoopMs=0.026 render_frame=15.017ms/1 acquire=13.006ms/1 gpu_frame=6.597ms/1 command_batch=0.463ms/3 0.4MiB lod_prepare=0.223ms/3 buffer_map=0.010ms/15 0.4MiB submit=0.008ms/1 upload_copy=0.005ms/2 0.0MiB client_post_render=0.004ms/1 client_pre_frame=0.003ms/1 level_end_frame=0.002ms/1 arena_wait=0.001ms/1 client_pre_render=0.001ms/1 present=0.000ms/1 client_tasks=0.000ms/1 task_drain=0.000ms/1 client_packets=0.000ms/1 client_post_tasks=0.000ms/1 render_pass_merge=0.000ms/13 unphasedMs=0.018
[22:49:20] [Test thread/INFO] (MetalLifecycleGameTest) Metal benchmark stall: phase=traversal#3 frame=184 intervalMs=14.950 cpuMs=1.951 outsideLoopMs=0.022 render_frame=14.905ms/1 acquire=12.929ms/1 gpu_frame=6.571ms/1 command_batch=0.487ms/3 0.4MiB lod_prepare=0.193ms/3 buffer_map=0.012ms/15 0.3MiB submit=0.009ms/1 upload_copy=0.004ms/2 0.0MiB client_pre_frame=0.003ms/1 client_post_render=0.003ms/1 level_end_frame=0.003ms/1 present=0.001ms/1 arena_wait=0.000ms/1 client_pre_render=0.000ms/1 client_tasks=0.000ms/1 task_drain=0.000ms/1 client_post_tasks=0.000ms/1 client_packets=0.000ms/1 render_pass_merge=0.000ms/11 unphasedMs=0.016
[22:49:20] [Test thread/INFO] (MetalLifecycleGameTest) Metal benchmark stall: phase=traversal#3 frame=50 intervalMs=14.841 cpuMs=2.133 outsideLoopMs=0.026 render_frame=14.794ms/1 acquire=12.635ms/1 gpu_frame=6.339ms/1 command_batch=0.506ms/3 0.4MiB lod_prepare=0.222ms/3 upload_copy=0.010ms/10 0.2MiB submit=0.009ms/1 buffer_map=0.008ms/15 0.4MiB client_post_render=0.003ms/1 level_end_frame=0.003ms/1 client_pre_frame=0.002ms/1 arena_wait=0.001ms/1 present=0.001ms/1 client_pre_render=0.001ms/1 client_tasks=0.000ms/1 client_packets=0.000ms/1 task_drain=0.000ms/1 client_post_tasks=0.000ms/1 render_pass_merge=0.000ms/14 unphasedMs=0.016
[22:49:20] [Test thread/INFO] (MetalLifecycleGameTest) Metal benchmark stall: phase=traversal#3 frame=46 intervalMs=14.787 cpuMs=1.952 outsideLoopMs=0.029 render_frame=14.733ms/1 acquire=12.759ms/1 gpu_frame=7.688ms/1 command_batch=0.460ms/3 0.4MiB lod_prepare=0.219ms/3 resource_release=0.021ms/6 1.5MiB buffer_map=0.010ms/15 0.4MiB submit=0.007ms/1 upload_copy=0.005ms/2 0.0MiB client_post_render=0.004ms/1 client_pre_frame=0.003ms/1 level_end_frame=0.003ms/1 arena_wait=0.001ms/1 client_pre_render=0.001ms/1 present=0.001ms/1 client_tasks=0.000ms/1 client_packets=0.000ms/1 task_drain=0.000ms/1 client_post_tasks=0.000ms/1 render_pass_merge=0.000ms/14 unphasedMs=0.017
[22:49:20] [Test thread/INFO] (MetalLifecycleGameTest) Metal benchmark stall: phase=traversal#3 frame=286 intervalMs=14.772 cpuMs=1.933 outsideLoopMs=0.020 render_frame=14.729ms/1 acquire=12.767ms/1 gpu_frame=6.571ms/1 command_batch=0.495ms/3 0.4MiB lod_prepare=0.204ms/3 buffer_map=0.012ms/15 0.3MiB submit=0.010ms/1 upload_copy=0.005ms/2 0.0MiB level_end_frame=0.003ms/1 client_post_render=0.003ms/1 client_pre_frame=0.003ms/1 arena_wait=0.001ms/1 client_pre_render=0.001ms/1 present=0.000ms/1 client_tasks=0.000ms/1 client_post_tasks=0.000ms/1 task_drain=0.000ms/1 client_packets=0.000ms/1 render_pass_merge=0.000ms/11 unphasedMs=0.015
[22:49:20] [Test thread/INFO] (MetalLifecycleGameTest) Metal benchmark stall: phase=traversal#3 frame=14 intervalMs=14.756 cpuMs=2.168 outsideLoopMs=0.021 render_frame=14.713ms/1 acquire=12.518ms/1 gpu_frame=6.505ms/1 command_batch=0.485ms/3 0.4MiB lod_prepare=0.235ms/3 buffer_map=0.011ms/15 0.4MiB upload_copy=0.010ms/6 0.2MiB submit=0.009ms/1 level_end_frame=0.003ms/1 client_post_render=0.003ms/1 client_pre_frame=0.002ms/1 arena_wait=0.001ms/1 present=0.001ms/1 client_pre_render=0.000ms/1 client_tasks=0.000ms/1 client_packets=0.000ms/1 task_drain=0.000ms/1 client_post_tasks=0.000ms/1 render_pass_merge=0.000ms/14 unphasedMs=0.017
[22:49:20] [Test thread/INFO] (MetalLifecycleGameTest) Metal benchmark stall: phase=traversal#3 frame=302 intervalMs=14.643 cpuMs=1.605 outsideLoopMs=0.024 render_frame=14.597ms/1 acquire=12.969ms/1 gpu_frame=6.369ms/1 command_batch=0.424ms/3 0.3MiB lod_prepare=0.147ms/3 buffer_map=0.010ms/15 0.3MiB submit=0.008ms/1 upload_copy=0.004ms/2 0.0MiB client_post_render=0.003ms/1 level_end_frame=0.003ms/1 client_pre_frame=0.003ms/1 arena_wait=0.001ms/1 client_pre_render=0.000ms/1 present=0.000ms/1 client_packets=0.000ms/1 client_tasks=0.000ms/1 task_drain=0.000ms/1 client_post_tasks=0.000ms/1 render_pass_merge=0.000ms/13 unphasedMs=0.014
[22:49:20] [Test thread/INFO] (MetalLifecycleGameTest) Metal benchmark stall: phase=traversal#3 frame=82 intervalMs=14.630 cpuMs=1.803 outsideLoopMs=0.020 render_frame=14.589ms/1 acquire=12.762ms/1 gpu_frame=6.549ms/1 command_batch=0.510ms/3 0.4MiB lod_prepare=0.155ms/3 submit=0.008ms/1 buffer_map=0.007ms/15 0.4MiB level_end_frame=0.003ms/1 client_pre_frame=0.003ms/1 upload_copy=0.003ms/2 0.0MiB client_post_render=0.003ms/1 present=0.000ms/1 arena_wait=0.000ms/1 client_pre_render=0.000ms/1 client_tasks=0.000ms/1 client_packets=0.000ms/1 task_drain=0.000ms/1 client_post_tasks=0.000ms/1 render_pass_merge=0.000ms/13 unphasedMs=0.014
[22:49:20] [Test thread/INFO] (MetalLifecycleGameTest) Metal benchmark result: backend=Metal arch=aarch64 maxHeapMiB=16384 gc=G1 Young Generation+G1 Concurrent GC+G1 Old Generation resolution=3840x2160 drawable=3840x2160 renderDistance=16 simulationDistance=16 seed=metalcraft site=-1536,173,-128 roughness=32.938 flatFrameFraction=0.761 loadedChunkFraction=1.000 visibleSections=945
[22:49:20] [Test thread/INFO] (MetalLifecycleGameTest) Metal benchmark result: phase=stationary#1 frames=334 seconds=2.8 avgFps=121.4 onePercentLow=61.7 pointOnePercentLow=60.6 p50CpuMs=1.999 p95CpuMs=2.383 p99CpuMs=2.632 p50IntervalMs=6.998 p99IntervalMs=15.985 worstIntervalMs=16.497 p50AcquireMs=4.755 p99AcquireMs=14.124 p50OutsideLoopMs=0.038 p99OutsideLoopMs=0.065
[22:49:20] [Test thread/INFO] (MetalLifecycleGameTest) Metal benchmark result: phase=pan#1 frames=332 seconds=2.7 avgFps=121.3 onePercentLow=65.2 pointOnePercentLow=62.4 p50CpuMs=1.615 p95CpuMs=2.363 p99CpuMs=2.485 p50IntervalMs=7.050 p99IntervalMs=14.875 worstIntervalMs=16.037 p50AcquireMs=4.661 p99AcquireMs=13.214 p50OutsideLoopMs=0.031 p99OutsideLoopMs=0.049
[22:49:20] [Test thread/INFO] (MetalLifecycleGameTest) Metal benchmark result: phase=traversal#1 frames=329 seconds=2.8 avgFps=119.6 onePercentLow=59.4 pointOnePercentLow=51.0 p50CpuMs=1.905 p95CpuMs=2.380 p99CpuMs=2.933 p50IntervalMs=7.532 p99IntervalMs=15.444 worstIntervalMs=19.601 p50AcquireMs=5.822 p99AcquireMs=13.032 p50OutsideLoopMs=0.033 p99OutsideLoopMs=0.051
[22:49:20] [Test thread/INFO] (MetalLifecycleGameTest) Metal benchmark result: phase=stationary#2 frames=330 seconds=2.7 avgFps=120.1 onePercentLow=66.7 pointOnePercentLow=65.4 p50CpuMs=2.100 p95CpuMs=2.381 p99CpuMs=2.619 p50IntervalMs=7.306 p99IntervalMs=14.698 worstIntervalMs=15.280 p50AcquireMs=5.275 p99AcquireMs=12.530 p50OutsideLoopMs=0.030 p99OutsideLoopMs=0.045
[22:49:20] [Test thread/INFO] (MetalLifecycleGameTest) Metal benchmark result: phase=pan#2 frames=331 seconds=2.7 avgFps=120.4 onePercentLow=64.5 pointOnePercentLow=62.8 p50CpuMs=1.650 p95CpuMs=2.236 p99CpuMs=2.352 p50IntervalMs=7.731 p99IntervalMs=15.218 worstIntervalMs=15.926 p50AcquireMs=5.852 p99AcquireMs=13.292 p50OutsideLoopMs=0.034 p99OutsideLoopMs=0.057
[22:49:20] [Test thread/INFO] (MetalLifecycleGameTest) Metal benchmark result: phase=traversal#2 frames=333 seconds=2.7 avgFps=121.1 onePercentLow=63.0 pointOnePercentLow=62.4 p50CpuMs=1.980 p95CpuMs=2.387 p99CpuMs=2.732 p50IntervalMs=7.013 p99IntervalMs=15.773 worstIntervalMs=16.014 p50AcquireMs=4.871 p99AcquireMs=13.761 p50OutsideLoopMs=0.031 p99OutsideLoopMs=0.044
[22:49:20] [Test thread/INFO] (MetalLifecycleGameTest) Metal benchmark result: phase=stationary#3 frames=331 seconds=2.8 avgFps=120.3 onePercentLow=65.1 pointOnePercentLow=62.8 p50CpuMs=1.983 p95CpuMs=2.310 p99CpuMs=2.480 p50IntervalMs=7.414 p99IntervalMs=15.071 worstIntervalMs=15.917 p50AcquireMs=5.209 p99AcquireMs=13.064 p50OutsideLoopMs=0.035 p99OutsideLoopMs=0.046
[22:49:20] [Test thread/INFO] (MetalLifecycleGameTest) Metal benchmark result: phase=pan#3 frames=334 seconds=2.7 avgFps=121.5 onePercentLow=62.8 pointOnePercentLow=62.5 p50CpuMs=1.552 p95CpuMs=2.119 p99CpuMs=2.280 p50IntervalMs=6.677 p99IntervalMs=15.795 worstIntervalMs=16.001 p50AcquireMs=5.008 p99AcquireMs=14.117 p50OutsideLoopMs=0.028 p99OutsideLoopMs=0.046
[22:49:20] [Test thread/INFO] (MetalLifecycleGameTest) Metal benchmark result: phase=traversal#3 frames=330 seconds=2.8 avgFps=120.0 onePercentLow=67.1 pointOnePercentLow=66.4 p50CpuMs=1.859 p95CpuMs=2.234 p99CpuMs=2.578 p50IntervalMs=6.685 p99IntervalMs=14.787 worstIntervalMs=15.069 p50AcquireMs=4.595 p99AcquireMs=12.767 p50OutsideLoopMs=0.026 p99OutsideLoopMs=0.041
[22:49:20] [Test thread/INFO] (MetalLifecycleGameTest) Metal benchmark summary: phase=stationary repeats=3 medianFps=120.3 minFps=120.1 maxFps=121.4 spreadFps=1.4 spreadPercent=1.2 medianOnePercentLow=65.1 worstIntervalMs=16.497
[22:49:20] [Test thread/INFO] (MetalLifecycleGameTest) Metal benchmark summary: phase=pan repeats=3 medianFps=121.3 minFps=120.4 maxFps=121.5 spreadFps=1.1 spreadPercent=0.9 medianOnePercentLow=64.5 worstIntervalMs=16.037
[22:49:20] [Test thread/INFO] (MetalLifecycleGameTest) Metal benchmark summary: phase=traversal repeats=3 medianFps=120.0 minFps=119.6 maxFps=121.1 spreadFps=1.5 spreadPercent=1.2 medianOnePercentLow=63.0 worstIntervalMs=19.601
[22:49:20] [Test thread/INFO] (MetalLifecycleGameTest) Metal benchmark result written to /Users/jackangione/Desktop/VULKAN SHADERS/run/benchmarks/metalcraft-metal.json
[22:49:20] [Server thread/INFO] (Minecraft) Player678 lost connection: Disconnected
[22:49:20] [Server thread/INFO] (Minecraft) Player678 left the game
[22:49:20] [Server thread/INFO] (Minecraft) Stopping singleplayer server as player logged out
[22:49:20] [Server thread/INFO] (Minecraft) Stopping server
[22:49:20] [Server thread/INFO] (Minecraft) Saving players
[22:49:20] [Server thread/INFO] (Minecraft) Saving worlds
[22:49:20] [Server thread/INFO] (Minecraft) Saving chunks for level 'ServerLevel[New World]'/minecraft:overworld
[22:49:22] [Server thread/INFO] (Minecraft) Saving chunks for level 'ServerLevel[New World]'/minecraft:the_nether
[22:49:22] [Server thread/INFO] (Minecraft) Saving chunks for level 'ServerLevel[New World]'/minecraft:the_end
[22:49:22] [Server thread/INFO] (Minecraft) ThreadedAnvilChunkStorage (world): All chunks are saved
[22:49:22] [Server thread/INFO] (Minecraft) ThreadedAnvilChunkStorage (DIM-1): All chunks are saved
[22:49:22] [Server thread/INFO] (Minecraft) ThreadedAnvilChunkStorage (DIM1): All chunks are saved
[22:49:22] [Server thread/INFO] (Minecraft) ThreadedAnvilChunkStorage: All dimensions are saved
[22:49:22] [Test thread/INFO] (MetalLifecycleGameTest) Metal benchmark: world closed; clean client shutdown requested
[22:49:22] [Render thread/INFO] (ShaderPackRuntime) Loaded MetalCraft shader pack 'MetalCraft Standard': 3 pass(es), 4 target(s), 18 option(s), 33177600 bytes
[22:49:22] [Render thread/INFO] (MetalGpuSurface) MetalCraft surface configured: 1708x960 presentMode=IMMEDIATE displaySync=false unlockedFrameRate=true
[22:49:22] [Render thread/INFO] (Minecraft) Stopping!

BUILD SUCCESSFUL in 1m 54s
8 actionable tasks: 1 executed, 7 up-to-date
