[10:35:12] [main/WARN] (FabricLoader/Knot) Class path entries reference missing files: /Users/jackangione/Desktop/METAL MOD/build/classes/java/main - the game may not load properly!
[10:35:12] [main/INFO] (FabricLoader/GameProvider) Loading Minecraft 26.2 with Fabric Loader 0.19.3
[10:35:12] [main/INFO] (FabricLoader/Mappings) Mappings not present!
[10:35:12] [main/INFO] (FabricLoader) Loading 51 mods:
	- fabric-api 0.157.0+26.2
	- fabric-api-base 2.0.4+ece063239e
	- fabric-api-lookup-api-v1 2.0.17+11e1c9a39e
	- fabric-biome-api-v1 18.0.6+c7bd5b8e9e
	- fabric-block-api-v1 3.0.3+ec56b6019e
	- fabric-block-getter-api-v2 2.0.7+ec56b6019e
	- fabric-client-gametest-api-v1 6.0.0+515ac5339e
	- fabric-command-api-v2 3.1.0+00cb03469e
	- fabric-content-registries-v0 11.3.1+37b1aa249e
	- fabric-convention-tags-v2 4.7.0+1f023a9e9e
	- fabric-crash-report-info-v1 1.0.5+086d547a9e
	- fabric-creative-tab-api-v1 5.0.14+d871b99e9e
	- fabric-data-attachment-api-v1 2.2.18+515ac5339e
	- fabric-data-generation-api-v1 25.5.0+aed122aa9e
	- fabric-debug-api-v1 1.0.2+c792624d9e
	- fabric-dimensions-v1 5.1.11+515ac5339e
	- fabric-entity-events-v1 5.0.5+06488ac19e
	- fabric-events-interaction-v0 5.2.7+515ac5339e
	- fabric-game-rule-api-v1 4.0.8+46a6d00c9e
	- fabric-gametest-api-v1 4.0.21+4a7fa0819e
	- fabric-item-api-v1 14.4.0+49a69a7b9e
	- fabric-key-mapping-api-v1 2.0.5+e2bdee789e
	- fabric-lifecycle-events-v1 4.1.3+4575b05f9e
	- fabric-loot-api-v3 3.0.17+06488ac19e
	- fabric-menu-api-v1 2.0.16+086d547a9e
	- fabric-message-api-v1 7.0.8+bb2ed3f79e
	- fabric-model-loading-api-v1 8.0.16+c80601bb9e
	- fabric-networking-api-v1 6.3.3+72073ef09e
	- fabric-object-builder-api-v1 24.1.0+6fcd5f039e
	- fabric-particles-v1 5.0.18+d1756aa99e
	- fabric-permission-api-v1 1.0.5+e442d8d09e
	- fabric-recipe-api-v1 9.0.20+11e1c9a39e
	- fabric-registry-sync-v0 7.1.0+c7bd5b8e9e
	- fabric-renderer-api-v1 14.1.3+2b0d8a229e
	- fabric-renderer-indigo 9.1.3+2b0d8a229e
	- fabric-rendering-fluids-v1 6.0.4+06488ac19e
	- fabric-rendering-v1 25.3.2+515ac5339e
	- fabric-resource-conditions-api-v1 6.1.0+10e9a28b9e
	- fabric-resource-loader-v0 3.3.20+4fc5413f9e
	- fabric-resource-loader-v1 2.0.13+9edec1269e
	- fabric-screen-api-v1 5.2.0+58e078ad9e
	- fabric-serialization-api-v1 2.0.4+11a26f319e
	- fabric-sound-api-v1 2.0.5+11a26f319e
	- fabric-tag-api-v1 2.1.4+515ac5339e
	- fabric-transfer-api-v1 8.0.12+11dbb7d79e
	- fabric-transitive-access-wideners-v1 8.1.4+67c847259e
	- fabricloader 0.19.3
	- java 25
	- metalcraft 0.2.0-dev.1
	- minecraft 26.2
	- mixinextras 0.5.4
[10:35:12] [main/INFO] (FabricLoader/Mixin) SpongePowered MIXIN Subsystem Version=0.8.7 Source=file:/Users/jackangione/.gradle/caches/modules-2/files-2.1/net.fabricmc/sponge-mixin/0.17.3+mixin.0.8.7/41c4a3984a80f4679e759fb9f495587acc5cdac7/sponge-mixin-0.17.3+mixin.0.8.7.jar Service=Knot/Fabric Env=CLIENT
[10:35:12] [main/INFO] (FabricLoader/Mixin) Compatibility level set to JAVA_25
[10:35:12] [main/INFO] (MetalCraftPreLaunch) MetalCraft direct Metal bridge opened an owned device and command queue: Apple M4 Max (recommended working set: 53084 MiB)
[10:35:12] [main/WARN] (MetalCraftPreLaunch) Direct Metal backend selection is active and experimental; Minecraft's OpenGL crash recovery remains available
[10:35:13] [main/INFO] (FabricLoader/MixinExtras|Service) Initializing MixinExtras via com.llamalad7.mixinextras.service.MixinExtrasServiceImpl(version=0.5.4).
[10:35:13] [Datafixer Bootstrap #0/INFO] (Minecraft) 295 Datafixer optimizations took 131 milliseconds
[10:35:13] [main/WARN] (MacOperatingSystem) Unable to parse version 27.0 to a codename.
[10:35:15] [Render thread/INFO] (Minecraft) Environment: Environment[sessionHost=https://sessionserver.mojang.com, servicesHost=https://api.minecraftservices.com, profilesHost=https://api.mojang.com, name=PROD]
[10:35:15] [Render thread/INFO] (Minecraft) Setting user: Player45
[10:35:15] [Render thread/INFO] (Indigo) [Indigo] Registering Indigo renderer!
[10:35:15] [Download-2/ERROR] (Minecraft) Failed to fetch user properties
com.mojang.authlib.exceptions.InvalidCredentialsException: Status: 401
	at knot//com.mojang.authlib.exceptions.MinecraftClientHttpException.toAuthenticationException(MinecraftClientHttpException.java:70)
	at knot//com.mojang.authlib.yggdrasil.YggdrasilUserApiService.fetchProperties(YggdrasilUserApiService.java:173)
	at knot//net.minecraft.client.Minecraft.lambda$new$1(Minecraft.java:418)
	at java.base/java.util.concurrent.CompletableFuture$AsyncSupply.run(CompletableFuture.java:1789)
	at java.base/java.util.concurrent.ThreadPoolExecutor.runWorker(ThreadPoolExecutor.java:1090)
	at java.base/java.util.concurrent.ThreadPoolExecutor$Worker.run(ThreadPoolExecutor.java:614)
	at java.base/java.lang.Thread.run(Thread.java:1474)
Caused by: MinecraftClientHttpException[type=HTTP_ERROR, status=401, response=ErrorResponse[path=/player/attributes, error=null, errorMessage=null, details=null]]
	at knot//com.mojang.authlib.minecraft.client.MinecraftClient.buildHttpException(MinecraftClient.java:170)
	at knot//com.mojang.authlib.minecraft.client.MinecraftClient.readServiceResponse(MinecraftClient.java:147)
	at knot//com.mojang.authlib.minecraft.client.MinecraftClient.getWithEtag(MinecraftClient.java:81)
	at knot//com.mojang.authlib.minecraft.client.MinecraftClient.get(MinecraftClient.java:65)
	at knot//com.mojang.authlib.yggdrasil.YggdrasilUserApiService.fetchProperties(YggdrasilUserApiService.java:123)
	... 5 more
[10:35:15] [Render thread/ERROR] (Minecraft) Illegal option value 0 for Anisotropic Filtering
[10:35:15] [Render thread/INFO] (Minecraft) Backend library: LWJGL version 3.4.1-snapshot
[10:35:15] [Render thread/WARN] (Minecraft) Graphics backend forced to default by launch argument, in-game preferred graphics backend setting is ignored
[10:35:15] [Render thread/INFO] (Minecraft) Using graphics backend Metal, using drivers: Mac OS X 27.0
[10:35:15] [Render thread/INFO] (Minecraft) Using graphics device: Apple M4 Max (Apple)
[10:35:15] [Render thread/INFO] (Minecraft) Using graphics device extensions: Metal
[10:35:16] [Download-2/INFO] (Minecraft) Could not authorize you against Realms server: java.lang.RuntimeException: Failed to parse into SignedJWT: FabricMC
[10:35:16] [Download-2/ERROR] (Minecraft) Failed to fetch Realms feature flags
com.mojang.realmsclient.exception.RealmsServiceException: Realms authentication error with message 'java.lang.RuntimeException: Failed to parse into SignedJWT: FabricMC'
	at knot//com.mojang.realmsclient.client.RealmsClient.execute(RealmsClient.java:509)
	at knot//com.mojang.realmsclient.client.RealmsClient.fetchFeatureFlags(RealmsClient.java:159)
	at java.base/java.util.concurrent.CompletableFuture$AsyncSupply.run(CompletableFuture.java:1789)
	at java.base/java.util.concurrent.ThreadPoolExecutor.runWorker(ThreadPoolExecutor.java:1090)
	at java.base/java.util.concurrent.ThreadPoolExecutor$Worker.run(ThreadPoolExecutor.java:614)
	at java.base/java.lang.Thread.run(Thread.java:1474)
[10:35:16] [Render thread/INFO] (Minecraft) Reloading ResourceManager: vanilla, fabric-api, fabric-api-base, fabric-api-lookup-api-v1, fabric-biome-api-v1, fabric-block-api-v1, fabric-block-getter-api-v2, fabric-client-gametest-api-v1, fabric-command-api-v2, fabric-content-registries-v0, fabric-convention-tags-v2, fabric-crash-report-info-v1, fabric-creative-tab-api-v1, fabric-data-attachment-api-v1, fabric-data-generation-api-v1, fabric-debug-api-v1, fabric-dimensions-v1, fabric-entity-events-v1, fabric-events-interaction-v0, fabric-game-rule-api-v1, fabric-gametest-api-v1, fabric-item-api-v1, fabric-key-mapping-api-v1, fabric-lifecycle-events-v1, fabric-loot-api-v3, fabric-menu-api-v1, fabric-message-api-v1, fabric-model-loading-api-v1, fabric-networking-api-v1, fabric-object-builder-api-v1, fabric-particles-v1, fabric-permission-api-v1, fabric-recipe-api-v1, fabric-registry-sync-v0, fabric-renderer-api-v1, fabric-renderer-indigo, fabric-rendering-fluids-v1, fabric-rendering-v1, fabric-resource-conditions-api-v1, fabric-resource-loader-v0, fabric-resource-loader-v1, fabric-screen-api-v1, fabric-serialization-api-v1, fabric-sound-api-v1, fabric-tag-api-v1, fabric-transfer-api-v1, fabric-transitive-access-wideners-v1, fabricloader, metalcraft
[10:35:16] [Render thread/INFO] (MetalCraftClient) MetalCraft direct renderer active: Apple / Apple M4 Max using Metal
[10:35:16] [Render thread/WARN] (Minecraft) Failed to find suitable monitor for fullscreen mode
[10:35:16] [Render thread/INFO] (MetalGpuSurface) MetalCraft surface configured: 1708x960 presentMode=IMMEDIATE displaySync=false unlockedFrameRate=true
[10:35:16] [Worker-Main-1/INFO] (Minecraft) Found unifont_pua-17.0.01.hex, loading
[10:35:16] [Worker-Main-11/INFO] (Minecraft) Found unifont_all_no_pua-17.0.01.hex, loading
[10:35:16] [Render thread/INFO] (MetalGpuSurface) MetalCraft surface configured: 1708x960 presentMode=IMMEDIATE displaySync=false unlockedFrameRate=true
[10:35:16] [Worker-Main-2/INFO] (Minecraft) Found unifont_jp_patch-17.0.01.hex, loading
[10:35:19] [Render thread/INFO] (Minecraft) OpenAL initialized on device DENON-AVR
[10:35:19] [Render thread/INFO] (Minecraft) Sound engine started
[10:35:19] [Render thread/INFO] (Minecraft) Created: 512x256x0 minecraft:textures/atlas/particles.png-atlas
[10:35:19] [Render thread/INFO] (Minecraft) Created: 128x128x0 minecraft:textures/atlas/decorated_pot.png-atlas
[10:35:19] [Render thread/INFO] (Minecraft) Created: 2048x1024x0 minecraft:textures/atlas/armor_trims.png-atlas
[10:35:19] [Render thread/INFO] (Minecraft) Created: 512x256x0 minecraft:textures/atlas/paintings.png-atlas
[10:35:19] [Render thread/INFO] (Minecraft) Created: 1024x512x0 minecraft:textures/atlas/shield_patterns.png-atlas
[10:35:19] [Render thread/INFO] (Minecraft) Created: 1024x512x0 minecraft:textures/atlas/blocks.png-atlas
[10:35:19] [Render thread/INFO] (Minecraft) Created: 512x512x0 minecraft:textures/atlas/chest.png-atlas
[10:35:19] [Render thread/INFO] (Minecraft) Created: 256x128x0 minecraft:textures/atlas/celestials.png-atlas
[10:35:19] [Render thread/INFO] (Minecraft) Created: 1024x512x0 minecraft:textures/atlas/banner_patterns.png-atlas
[10:35:19] [Render thread/INFO] (Minecraft) Created: 1024x512x0 minecraft:textures/atlas/items.png-atlas
[10:35:19] [Render thread/INFO] (Minecraft) Created: 1024x1024x0 minecraft:textures/atlas/gui.png-atlas
[10:35:19] [Render thread/INFO] (Minecraft) Created: 128x64x0 minecraft:textures/atlas/map_decorations.png-atlas
[10:35:19] [Render thread/INFO] (Minecraft) Created: 512x512x0 minecraft:textures/atlas/shulker_boxes.png-atlas
[10:35:19] [Download-2/INFO] (Minecraft) Could not authorize you against Realms server: java.lang.RuntimeException: Failed to parse into SignedJWT: FabricMC
[10:35:19] [Download-2/ERROR] (Minecraft) Couldn't connect to realms
com.mojang.realmsclient.exception.RealmsServiceException: Realms authentication error with message 'java.lang.RuntimeException: Failed to parse into SignedJWT: FabricMC'
	at knot//com.mojang.realmsclient.client.RealmsClient.execute(RealmsClient.java:509)
	at knot//com.mojang.realmsclient.client.RealmsClient.clientCompatible(RealmsClient.java:281)
	at knot//com.mojang.realmsclient.RealmsAvailability.lambda$check$0(RealmsAvailability.java:47)
	at java.base/java.util.concurrent.CompletableFuture$AsyncSupply.run(CompletableFuture.java:1789)
	at java.base/java.util.concurrent.ThreadPoolExecutor.runWorker(ThreadPoolExecutor.java:1090)
	at java.base/java.util.concurrent.ThreadPoolExecutor$Worker.run(ThreadPoolExecutor.java:614)
	at java.base/java.lang.Thread.run(Thread.java:1474)
[10:35:21] [Render thread/INFO] (ShaderPackRuntime) Loaded MetalCraft shader pack 'MetalCraft Standard': 3 pass(es), 4 target(s), 18 option(s), 6558720 bytes
[10:35:21] [Render thread/INFO] (Minecraft) Loaded 1585 recipes
[10:35:21] [Render thread/INFO] (Minecraft) Loaded 1688 advancements
[10:35:22] [Render thread/INFO] (fabric-client-gametest-api-v1) World loading finished: null screen: net.minecraft.client.gui.screens.GenericMessageScreen@5ab7bec4
[10:35:22] [Render thread/INFO] (BiomeModificationImpl) Applied 0 biome modifications to 0 of 66 new biomes in 707.7 μs
[10:35:22] [Server thread/INFO] (Minecraft) Starting integrated minecraft server version 26.2
[10:35:22] [Server thread/INFO] (Minecraft) Generating keypair
[10:35:22] [Server thread/INFO] (Minecraft) Selecting global world spawn...
[10:35:23] [Server thread/INFO] (Minecraft) Loading 0 persistent chunks...
[10:35:23] [Server thread/INFO] (Minecraft) Preparing spawn area: 16%
[10:35:23] [Server thread/INFO] (Minecraft) Saving chunks for level 'ServerLevel[New World]'/minecraft:overworld
[10:35:23] [Server thread/INFO] (Minecraft) Saving chunks for level 'ServerLevel[New World]'/minecraft:the_end
[10:35:23] [Server thread/INFO] (Minecraft) Saving chunks for level 'ServerLevel[New World]'/minecraft:the_nether
[10:35:23] [Server thread/INFO] (Minecraft) ThreadedAnvilChunkStorage (world): All chunks are saved
[10:35:23] [Server thread/INFO] (Minecraft) ThreadedAnvilChunkStorage (DIM1): All chunks are saved
[10:35:23] [Server thread/INFO] (Minecraft) ThreadedAnvilChunkStorage (DIM-1): All chunks are saved
[10:35:23] [Server thread/INFO] (Minecraft) ThreadedAnvilChunkStorage: All dimensions are saved
[10:35:23] [Render thread/INFO] (fabric-client-gametest-api-v1) World loading finished: null screen: net.minecraft.client.gui.screens.LevelLoadingScreen@63519377
[10:35:23] [Render thread/INFO] (fabric-client-gametest-api-v1) World loading finished: null screen: net.minecraft.client.gui.screens.LevelLoadingScreen@63519377
[10:35:23] [Render thread/INFO] (fabric-client-gametest-api-v1) World loading finished: null screen: net.minecraft.client.gui.screens.LevelLoadingScreen@63519377
[10:35:23] [Render thread/INFO] (fabric-client-gametest-api-v1) World loading finished: null screen: net.minecraft.client.gui.screens.LevelLoadingScreen@63519377
[10:35:23] [Render thread/INFO] (fabric-client-gametest-api-v1) World loading finished: null screen: net.minecraft.client.gui.screens.LevelLoadingScreen@63519377
[10:35:23] [Render thread/INFO] (fabric-client-gametest-api-v1) World loading finished: null screen: net.minecraft.client.gui.screens.LevelLoadingScreen@63519377
[10:35:23] [Server thread/INFO] (Minecraft) Loading 48 chunks for player spawn...
[10:35:23] [Server thread/INFO] (Minecraft) Preparing spawn area: 16%
[10:35:23] [Render thread/INFO] (fabric-client-gametest-api-v1) World loading finished: null screen: net.minecraft.client.gui.screens.LevelLoadingScreen@63519377
[10:35:23] [Server thread/INFO] (Minecraft) Preparing spawn area: 16%
[10:35:23] [Render thread/INFO] (fabric-client-gametest-api-v1) World loading finished: null screen: net.minecraft.client.gui.screens.LevelLoadingScreen@63519377
[10:35:23] [Render thread/INFO] (fabric-client-gametest-api-v1) World loading finished: null screen: net.minecraft.client.gui.screens.LevelLoadingScreen@63519377
[10:35:23] [Render thread/INFO] (fabric-client-gametest-api-v1) World loading finished: null screen: net.minecraft.client.gui.screens.LevelLoadingScreen@63519377
[10:35:23] [Render thread/INFO] (fabric-client-gametest-api-v1) World loading finished: null screen: net.minecraft.client.gui.screens.LevelLoadingScreen@63519377
[10:35:23] [Render thread/INFO] (fabric-client-gametest-api-v1) World loading finished: null screen: net.minecraft.client.gui.screens.LevelLoadingScreen@63519377
[10:35:23] [Server thread/INFO] (Minecraft) Preparing spawn area: 16%
[10:35:23] [Render thread/INFO] (fabric-client-gametest-api-v1) World loading finished: null screen: net.minecraft.client.gui.screens.LevelLoadingScreen@63519377
[10:35:23] [Render thread/INFO] (fabric-client-gametest-api-v1) World loading finished: null screen: net.minecraft.client.gui.screens.LevelLoadingScreen@63519377
[10:35:23] [Render thread/INFO] (fabric-client-gametest-api-v1) World loading finished: null screen: net.minecraft.client.gui.screens.LevelLoadingScreen@63519377
[10:35:23] [Render thread/INFO] (fabric-client-gametest-api-v1) World loading finished: null screen: net.minecraft.client.gui.screens.LevelLoadingScreen@63519377
[10:35:24] [Render thread/INFO] (fabric-client-gametest-api-v1) World loading finished: null screen: net.minecraft.client.gui.screens.LevelLoadingScreen@63519377
[10:35:24] [Render thread/INFO] (fabric-client-gametest-api-v1) World loading finished: null screen: net.minecraft.client.gui.screens.LevelLoadingScreen@63519377
[10:35:24] [Render thread/INFO] (fabric-client-gametest-api-v1) World loading finished: null screen: net.minecraft.client.gui.screens.LevelLoadingScreen@63519377
[10:35:24] [Render thread/INFO] (fabric-client-gametest-api-v1) World loading finished: null screen: net.minecraft.client.gui.screens.LevelLoadingScreen@63519377
[10:35:24] [Render thread/INFO] (fabric-client-gametest-api-v1) World loading finished: null screen: net.minecraft.client.gui.screens.LevelLoadingScreen@63519377
[10:35:24] [Render thread/INFO] (fabric-client-gametest-api-v1) World loading finished: null screen: net.minecraft.client.gui.screens.LevelLoadingScreen@63519377
[10:35:24] [Server thread/INFO] (Minecraft) Preparing spawn area: 100%
[10:35:24] [Server thread/INFO] (Minecraft) Time elapsed: 2016 ms
[10:35:24] [Render thread/INFO] (fabric-client-gametest-api-v1) World loading finished: null screen: net.minecraft.client.gui.screens.LevelLoadingScreen@63519377
[10:35:24] [Server thread/INFO] (Minecraft) Player45[local:E:c5c5e5f0] logged in with entity id 1 at (0.5, 79.0, 0.5)
[10:35:24] [Server thread/INFO] (Minecraft) Player45 joined the game
[10:35:24] [Server thread/INFO] (Minecraft) Changing view distance to 23, from 10
[10:35:24] [Server thread/INFO] (Minecraft) Changing simulation distance to 16, from 0
[10:35:24] [Download-2/ERROR] (Minecraft) Failed to retrieve profile key pair
MinecraftClientHttpException[type=HTTP_ERROR, status=401, response=ErrorResponse[path=/player/certificates, error=null, errorMessage=null, details=null]]
	at knot//com.mojang.authlib.minecraft.client.MinecraftClient.buildHttpException(MinecraftClient.java:170)
	at knot//com.mojang.authlib.minecraft.client.MinecraftClient.readServiceResponse(MinecraftClient.java:147)
	at knot//com.mojang.authlib.minecraft.client.MinecraftClient.post(MinecraftClient.java:89)
	at knot//com.mojang.authlib.yggdrasil.YggdrasilUserApiService.getKeyPair(YggdrasilUserApiService.java:62)
	at knot//net.minecraft.client.multiplayer.AccountProfileKeyPairManager.fetchProfileKeyPair(AccountProfileKeyPairManager.java:119)
	at knot//net.minecraft.client.multiplayer.AccountProfileKeyPairManager.lambda$readOrFetchProfileKeyPair$0(AccountProfileKeyPairManager.java:72)
	at java.base/java.util.concurrent.CompletableFuture$AsyncSupply.run(CompletableFuture.java:1789)
	at java.base/java.util.concurrent.ThreadPoolExecutor.runWorker(ThreadPoolExecutor.java:1090)
	at java.base/java.util.concurrent.ThreadPoolExecutor$Worker.run(ThreadPoolExecutor.java:614)
	at java.base/java.lang.Thread.run(Thread.java:1474)
[10:35:26] [Render thread/INFO] (Minecraft) Resizing Dynamic Transforms UBO, capacity limit of 2 reached during a single frame. New capacity will be 4.
[10:35:26] [Render thread/INFO] (Minecraft) Loaded 2 advancements
[10:35:26] [Render thread/INFO] (fabric-client-gametest-api-v1) World loading finished: ClientLevel screen: net.minecraft.client.gui.screens.LevelLoadingScreen@63519377
[10:35:26] [Render thread/INFO] (Minecraft) Resizing Dynamic Transforms UBO, capacity limit of 4 reached during a single frame. New capacity will be 8.
[10:35:26] [Render thread/INFO] (fabric-client-gametest-api-v1) World loading finished: ClientLevel screen: net.minecraft.client.gui.screens.LevelLoadingScreen@63519377
[10:35:26] [Render thread/INFO] (fabric-client-gametest-api-v1) World loading finished: ClientLevel screen: net.minecraft.client.gui.screens.LevelLoadingScreen@63519377
[10:35:26] [Render thread/INFO] (fabric-client-gametest-api-v1) World loading finished: ClientLevel screen: net.minecraft.client.gui.screens.LevelLoadingScreen@63519377
[10:35:26] [Render thread/INFO] (Minecraft) Resizing Chunk Sections UBO, capacity limit of 2 reached during a single frame. New capacity will be 4.
[10:35:26] [Render thread/INFO] (fabric-client-gametest-api-v1) World loading finished: ClientLevel screen: net.minecraft.client.gui.screens.LevelLoadingScreen@63519377
[10:35:26] [Render thread/INFO] (Minecraft) Resizing Chunk Sections UBO, capacity limit of 4 reached during a single frame. New capacity will be 8.
[10:35:26] [Render thread/INFO] (fabric-client-gametest-api-v1) World loading finished: ClientLevel screen: net.minecraft.client.gui.screens.LevelLoadingScreen@63519377
[10:35:26] [Render thread/INFO] (Minecraft) Resizing Chunk Sections UBO, capacity limit of 8 reached during a single frame. New capacity will be 16.
[10:35:26] [Render thread/INFO] (fabric-client-gametest-api-v1) World loading finished: ClientLevel screen: net.minecraft.client.gui.screens.LevelLoadingScreen@63519377
[10:35:26] [Render thread/INFO] (fabric-client-gametest-api-v1) World loading finished: ClientLevel screen: net.minecraft.client.gui.screens.LevelLoadingScreen@63519377
[10:35:26] [Render thread/INFO] (fabric-client-gametest-api-v1) World loading finished: ClientLevel screen: net.minecraft.client.gui.screens.LevelLoadingScreen@63519377
[10:35:26] [Render thread/INFO] (fabric-client-gametest-api-v1) World loading finished: ClientLevel screen: net.minecraft.client.gui.screens.LevelLoadingScreen@63519377
[10:35:26] [Render thread/INFO] (fabric-client-gametest-api-v1) World loading finished: ClientLevel screen: net.minecraft.client.gui.screens.LevelLoadingScreen@63519377
[10:35:27] [Render thread/INFO] (fabric-client-gametest-api-v1) World loading finished: ClientLevel screen: net.minecraft.client.gui.screens.LevelLoadingScreen@63519377
[10:35:27] [Render thread/INFO] (fabric-client-gametest-api-v1) World loading finished: ClientLevel screen: net.minecraft.client.gui.screens.LevelLoadingScreen@63519377
[10:35:27] [Render thread/INFO] (fabric-client-gametest-api-v1) World loading finished: ClientLevel screen: net.minecraft.client.gui.screens.LevelLoadingScreen@63519377
[10:35:27] [Render thread/INFO] (fabric-client-gametest-api-v1) World loading finished: ClientLevel screen: net.minecraft.client.gui.screens.LevelLoadingScreen@63519377
[10:35:27] [Render thread/INFO] (fabric-client-gametest-api-v1) World loading finished: ClientLevel screen: null
[10:35:27] [Server thread/INFO] (Minecraft) Set Player45's game mode to Spectator Mode
[10:35:27] [Server thread/INFO] (Minecraft) Teleported Player45 to 8.500000, 210.000000, 8.500000
[10:35:27] [Server thread/INFO] (Minecraft) Set minecraft:overworld to time marker minecraft:noon
[10:35:27] [Server thread/INFO] (Minecraft) Set the weather to clear
[10:35:27] [Render thread/INFO] (Minecraft) [STDOUT]: Detail coverage: 0 / 11840 Diagnostics[meshBuilds=0, meshBuildNanos=0, admissionSkips=0, wantedColumns=0, coarseGroups=0, gpuBudget=1073741824]
[10:35:27] [Render thread/INFO] (Minecraft) [System] [CHAT] Your game mode has been updated to Spectator Mode
[10:35:27] [Render thread/INFO] (Minecraft) [System] [CHAT] [Server: Set Player45's game mode to Spectator Mode]
[10:35:27] [Render thread/INFO] (Minecraft) [System] [CHAT] [Server: Teleported Player45 to 8.500000, 210.000000, 8.500000]
[10:35:27] [Render thread/INFO] (Minecraft) [System] [CHAT] [Server: Set minecraft:overworld to time marker minecraft:noon]
[10:35:27] [Render thread/INFO] (Minecraft) [System] [CHAT] [Server: Set the weather to clear]
[10:35:32] [Server thread/WARN] (Minecraft) Can't keep up! Is the server overloaded? Running 2105ms or 42 ticks behind
[10:35:33] [Render thread/INFO] (Minecraft) Resizing Chunk Sections UBO, capacity limit of 16 reached during a single frame. New capacity will be 32.
[10:35:33] [Render thread/INFO] (Minecraft) Resizing Chunk Sections UBO, capacity limit of 32 reached during a single frame. New capacity will be 64.
[10:35:35] [Render thread/INFO] (Minecraft) Resizing Chunk Sections UBO, capacity limit of 64 reached during a single frame. New capacity will be 128.
[10:35:38] [Render thread/INFO] (Minecraft) Resizing Chunk Sections UBO, capacity limit of 128 reached during a single frame. New capacity will be 256.
[10:35:41] [Render thread/INFO] (Minecraft) Resizing Chunk Sections UBO, capacity limit of 256 reached during a single frame. New capacity will be 512.
[10:35:48] [Render thread/INFO] (Minecraft) Resizing Chunk Sections UBO, capacity limit of 512 reached during a single frame. New capacity will be 1024.
[10:35:54] [Render thread/INFO] (Minecraft) [STDOUT]: Detail coverage: 2003 / 11840 Diagnostics[meshBuilds=812, meshBuildNanos=1106093368, admissionSkips=0, wantedColumns=778, coarseGroups=0, gpuBudget=1073741824]
[10:35:55] [Render thread/INFO] (Minecraft) Resizing Chunk Sections UBO, capacity limit of 1024 reached during a single frame. New capacity will be 2048.
[10:36:21] [Render thread/INFO] (Minecraft) [STDOUT]: Detail coverage: 4003 / 11840 Diagnostics[meshBuilds=1567, meshBuildNanos=2557344456, admissionSkips=0, wantedColumns=1589, coarseGroups=0, gpuBudget=1073741824]
[10:36:45] [Render thread/INFO] (Minecraft) [STDOUT]: Detail coverage: 6000 / 11840 Diagnostics[meshBuilds=2235, meshBuildNanos=3876843194, admissionSkips=0, wantedColumns=2410, coarseGroups=0, gpuBudget=1073741824]
[10:37:08] [Render thread/INFO] (Minecraft) [STDOUT]: Detail coverage: 8001 / 11840 Diagnostics[meshBuilds=2867, meshBuildNanos=5364303740, admissionSkips=0, wantedColumns=3157, coarseGroups=0, gpuBudget=1073741824]
[10:37:32] [Render thread/INFO] (Minecraft) [STDOUT]: Detail coverage: 10002 / 11840 Diagnostics[meshBuilds=3681, meshBuildNanos=7013948305, admissionSkips=0, wantedColumns=4066, coarseGroups=0, gpuBudget=1073741824]
[10:38:04] [Test thread/INFO] (Minecraft) [STDOUT]: Horizon phase legacy-expanded-mesh: {frames=Phase[name=legacy-expanded-mesh, frames=89, durationSeconds=4.044028041, averageFps=22.007760356179986, onePercentLowFps=17.610969182353696, pointOnePercentLowFps=17.610969182353696, p50CpuMs=43.8655, p95CpuMs=48.731542, p99CpuMs=55.750208, p50IntervalMs=44.84975, p99IntervalMs=56.782792, worstIntervalMs=56.782792, p50AcquireMs=0.409334, p99AcquireMs=0.559167, p50OutsideLoopMs=0.043583, p99OutsideLoopMs=0.076, phaseStalls=[StallTotal[source=RENDER_FRAME, totalMs=3996.657506, count=89, bytes=0], StallTotal[source=GPU_FRAME, totalMs=749.07445, count=89, bytes=0], StallTotal[source=UPLOAD_COPY, totalMs=87.469778, count=1256, bytes=4484897784], StallTotal[source=BUFFER_CREATE, totalMs=79.181343, count=41386, bytes=4488591696], StallTotal[source=BUFFER_MAP, totalMs=48.803807, count=312383, bytes=114652464], StallTotal[source=COMMAND_BATCH, totalMs=39.861335, count=267, bytes=34248624], StallTotal[source=ACQUIRE, totalMs=36.204787, count=89, bytes=0], StallTotal[source=CLIENT_TICK, totalMs=24.222292, count=81, bytes=0], StallTotal[source=JVM_GC, totalMs=24.0, count=7, bytes=0], StallTotal[source=CLIENT_POST_TASKS, totalMs=10.628792, count=89, bytes=0], StallTotal[source=CLIENT_TASKS, totalMs=6.313874, count=89, bytes=0], StallTotal[source=CLIENT_POST_RENDER, totalMs=1.523329, count=89, bytes=0], StallTotal[source=RESOURCE_RELEASE, totalMs=1.427921, count=41386, bytes=4488591696], StallTotal[source=SUBMIT, totalMs=1.21125, count=89, bytes=0], StallTotal[source=CLIENT_PACKETS, totalMs=0.665166, count=89, bytes=0], StallTotal[source=LEVEL_END_FRAME, totalMs=0.581075, count=89, bytes=0], StallTotal[source=HARNESS_HANDOFF, totalMs=0.443882, count=83, bytes=0], StallTotal[source=CLIENT_PRE_RENDER, totalMs=0.432923, count=89, bytes=0], StallTotal[source=CLIENT_PRE_FRAME, totalMs=0.425449, count=89, bytes=0], StallTotal[source=CLIENT_GIZMOS, totalMs=0.198008, count=81, bytes=0], StallTotal[source=ARENA_WAIT, totalMs=0.16733, count=89, bytes=0], StallTotal[source=PRESENT, totalMs=0.141877, count=89, bytes=0], StallTotal[source=TASK_DRAIN, totalMs=0.024625, count=89, bytes=0], StallTotal[source=RENDER_PASS_MERGE, totalMs=0.0, count=89, bytes=0]], tailStalls=[StallTotal[source=RENDER_FRAME, totalMs=56.248375, count=1, bytes=0], StallTotal[source=JVM_GC, totalMs=8.0, count=1, bytes=0], StallTotal[source=GPU_FRAME, totalMs=7.208458, count=1, bytes=0], StallTotal[source=BUFFER_CREATE, totalMs=0.887947, count=465, bytes=50433488], StallTotal[source=UPLOAD_COPY, totalMs=0.858459, count=14, bytes=50381784], StallTotal[source=BUFFER_MAP, totalMs=0.548307, count=3510, bytes=1288112], StallTotal[source=ACQUIRE, totalMs=0.449916, count=1, bytes=0], StallTotal[source=COMMAND_BATCH, totalMs=0.432624, count=3, bytes=384816], StallTotal[source=CLIENT_TICK, totalMs=0.3, count=1, bytes=0], StallTotal[source=CLIENT_POST_TASKS, totalMs=0.129333, count=1, bytes=0], StallTotal[source=CLIENT_TASKS, totalMs=0.02425, count=1, bytes=0], StallTotal[source=RESOURCE_RELEASE, totalMs=0.019747, count=465, bytes=50433488], StallTotal[source=CLIENT_POST_RENDER, totalMs=0.016875, count=1, bytes=0], StallTotal[source=CLIENT_PACKETS, totalMs=0.016292, count=1, bytes=0], StallTotal[source=SUBMIT, totalMs=0.0145, count=1, bytes=0], StallTotal[source=LEVEL_END_FRAME, totalMs=0.007167, count=1, bytes=0], StallTotal[source=CLIENT_PRE_FRAME, totalMs=0.004625, count=1, bytes=0], StallTotal[source=CLIENT_PRE_RENDER, totalMs=0.004542, count=1, bytes=0], StallTotal[source=HARNESS_HANDOFF, totalMs=0.004167, count=1, bytes=0], StallTotal[source=CLIENT_GIZMOS, totalMs=0.001917, count=1, bytes=0], StallTotal[source=ARENA_WAIT, totalMs=0.0015, count=1, bytes=0], StallTotal[source=PRESENT, totalMs=0.001417, count=1, bytes=0], StallTotal[source=TASK_DRAIN, totalMs=2.92E-4, count=1, bytes=0], StallTotal[source=RENDER_PASS_MERGE, totalMs=0.0, count=1, bytes=0]], worstFrames=[FrameDetail[index=52, intervalMs=56.782792, cpuMs=55.750208, outsideLoopMs=0.047875, stalls=[StallTotal[source=RENDER_FRAME, totalMs=56.248375, count=1, bytes=0], StallTotal[source=JVM_GC, totalMs=8.0, count=1, bytes=0], StallTotal[source=GPU_FRAME, totalMs=7.208458, count=1, bytes=0], StallTotal[source=BUFFER_CREATE, totalMs=0.887947, count=465, bytes=50433488], StallTotal[source=UPLOAD_COPY, totalMs=0.858459, count=14, bytes=50381784], StallTotal[source=BUFFER_MAP, totalMs=0.548307, count=3510, bytes=1288112], StallTotal[source=ACQUIRE, totalMs=0.449916, count=1, bytes=0], StallTotal[source=COMMAND_BATCH, totalMs=0.432624, count=3, bytes=384816], StallTotal[source=CLIENT_TICK, totalMs=0.3, count=1, bytes=0], StallTotal[source=CLIENT_POST_TASKS, totalMs=0.129333, count=1, bytes=0], StallTotal[source=CLIENT_TASKS, totalMs=0.02425, count=1, bytes=0], StallTotal[source=RESOURCE_RELEASE, totalMs=0.019747, count=465, bytes=50433488], StallTotal[source=CLIENT_POST_RENDER, totalMs=0.016875, count=1, bytes=0], StallTotal[source=CLIENT_PACKETS, totalMs=0.016292, count=1, bytes=0], StallTotal[source=SUBMIT, totalMs=0.0145, count=1, bytes=0], StallTotal[source=LEVEL_END_FRAME, totalMs=0.007167, count=1, bytes=0], StallTotal[source=CLIENT_PRE_FRAME, totalMs=0.004625, count=1, bytes=0], StallTotal[source=CLIENT_PRE_RENDER, totalMs=0.004542, count=1, bytes=0], StallTotal[source=HARNESS_HANDOFF, totalMs=0.004167, count=1, bytes=0], StallTotal[source=CLIENT_GIZMOS, totalMs=0.001917, count=1, bytes=0], StallTotal[source=ARENA_WAIT, totalMs=0.0015, count=1, bytes=0], StallTotal[source=PRESENT, totalMs=0.001417, count=1, bytes=0], StallTotal[source=TASK_DRAIN, totalMs=2.92E-4, count=1, bytes=0], StallTotal[source=RENDER_PASS_MERGE, totalMs=0.0, count=1, bytes=0]]], FrameDetail[index=23, intervalMs=53.677375, cpuMs=52.690833, outsideLoopMs=0.043625, stalls=[StallTotal[source=RENDER_FRAME, totalMs=53.150334, count=1, bytes=0], StallTotal[source=GPU_FRAME, totalMs=8.604083, count=1, bytes=0], StallTotal[source=JVM_GC, totalMs=6.0, count=1, bytes=0], StallTotal[source=UPLOAD_COPY, totalMs=1.01958, count=14, bytes=50381784], StallTotal[source=BUFFER_CREATE, totalMs=0.894882, count=465, bytes=50433488], StallTotal[source=BUFFER_MAP, totalMs=0.535, count=3510, bytes=1288112], StallTotal[source=COMMAND_BATCH, totalMs=0.458291, count=3, bytes=384816], StallTotal[source=ACQUIRE, totalMs=0.40625, count=1, bytes=0], StallTotal[source=CLIENT_TICK, totalMs=0.296042, count=1, bytes=0], StallTotal[source=CLIENT_POST_TASKS, totalMs=0.135167, count=1, bytes=0], StallTotal[source=CLIENT_TASKS, totalMs=0.030791, count=1, bytes=0], StallTotal[source=CLIENT_POST_RENDER, totalMs=0.016875, count=1, bytes=0], StallTotal[source=RESOURCE_RELEASE, totalMs=0.015511, count=465, bytes=50433488], StallTotal[source=SUBMIT, totalMs=0.01425, count=1, bytes=0], StallTotal[source=LEVEL_END_FRAME, totalMs=0.00675, count=1, bytes=0], StallTotal[source=HARNESS_HANDOFF, totalMs=0.005042, count=1, bytes=0], StallTotal[source=CLIENT_PRE_RENDER, totalMs=0.0045, count=1, bytes=0], StallTotal[source=CLIENT_PRE_FRAME, totalMs=0.0045, count=1, bytes=0], StallTotal[source=CLIENT_GIZMOS, totalMs=0.002791, count=1, bytes=0], StallTotal[source=PRESENT, totalMs=0.001417, count=1, bytes=0], StallTotal[source=ARENA_WAIT, totalMs=0.001375, count=1, bytes=0], StallTotal[source=CLIENT_PACKETS, totalMs=7.5E-4, count=1, bytes=0], StallTotal[source=TASK_DRAIN, totalMs=2.5E-4, count=1, bytes=0], StallTotal[source=RENDER_PASS_MERGE, totalMs=0.0, count=1, bytes=0]]], FrameDetail[index=83, intervalMs=53.301, cpuMs=52.36075, outsideLoopMs=0.04175, stalls=[StallTotal[source=RENDER_FRAME, totalMs=52.781417, count=1, bytes=0], StallTotal[source=GPU_FRAME, totalMs=11.704999, count=1, bytes=0], StallTotal[source=JVM_GC, totalMs=4.0, count=1, bytes=0], StallTotal[source=UPLOAD_COPY, totalMs=1.194085, count=14, bytes=50381784], StallTotal[source=BUFFER_CREATE, totalMs=0.895666, count=465, bytes=50433488], StallTotal[source=BUFFER_MAP, totalMs=0.543892, count=3510, bytes=1288112], StallTotal[source=COMMAND_BATCH, totalMs=0.432167, count=3, bytes=384816], StallTotal[source=ACQUIRE, totalMs=0.376625, count=1, bytes=0], StallTotal[source=CLIENT_TICK, totalMs=0.293583, count=1, bytes=0], StallTotal[source=CLIENT_POST_TASKS, totalMs=0.141542, count=1, bytes=0], StallTotal[source=CLIENT_TASKS, totalMs=0.025542, count=1, bytes=0], StallTotal[source=CLIENT_POST_RENDER, totalMs=0.016334, count=1, bytes=0], StallTotal[source=RESOURCE_RELEASE, totalMs=0.014508, count=465, bytes=50433488], StallTotal[source=SUBMIT, totalMs=0.011833, count=1, bytes=0], StallTotal[source=LEVEL_END_FRAME, totalMs=0.006959, count=1, bytes=0], StallTotal[source=HARNESS_HANDOFF, totalMs=0.005084, count=1, bytes=0], StallTotal[source=CLIENT_PRE_RENDER, totalMs=0.004791, count=1, bytes=0], StallTotal[source=CLIENT_PRE_FRAME, totalMs=0.004583, count=1, bytes=0], StallTotal[source=ARENA_WAIT, totalMs=0.002458, count=1, bytes=0], StallTotal[source=CLIENT_GIZMOS, totalMs=0.001917, count=1, bytes=0], StallTotal[source=PRESENT, totalMs=0.00125, count=1, bytes=0], StallTotal[source=CLIENT_PACKETS, totalMs=7.5E-4, count=1, bytes=0], StallTotal[source=TASK_DRAIN, totalMs=2.08E-4, count=1, bytes=0], StallTotal[source=RENDER_PASS_MERGE, totalMs=0.0, count=1, bytes=0]]], FrameDetail[index=3, intervalMs=51.956208, cpuMs=50.871416, outsideLoopMs=0.042458, stalls=[StallTotal[source=RENDER_FRAME, totalMs=51.36325, count=1, bytes=0], StallTotal[source=GPU_FRAME, totalMs=8.789583, count=1, bytes=0], StallTotal[source=UPLOAD_COPY, totalMs=1.174458, count=14, bytes=50381784], StallTotal[source=BUFFER_CREATE, totalMs=1.128042, count=466, bytes=50444752], StallTotal[source=BUFFER_MAP, totalMs=0.675028, count=3511, bytes=1299376], StallTotal[source=COMMAND_BATCH, totalMs=0.528625, count=3, bytes=384816], StallTotal[source=ACQUIRE, totalMs=0.439583, count=1, bytes=0], StallTotal[source=CLIENT_TICK, totalMs=0.335916, count=1, bytes=0], StallTotal[source=CLIENT_POST_TASKS, totalMs=0.173209, count=1, bytes=0], StallTotal[source=CLIENT_TASKS, totalMs=0.023833, count=1, bytes=0], StallTotal[source=RESOURCE_RELEASE, totalMs=0.021451, count=465, bytes=50433488], StallTotal[source=SUBMIT, totalMs=0.016167, count=1, bytes=0], StallTotal[source=CLIENT_POST_RENDER, totalMs=0.01475, count=1, bytes=0], StallTotal[source=LEVEL_END_FRAME, totalMs=0.006958, count=1, bytes=0], StallTotal[source=HARNESS_HANDOFF, totalMs=0.004917, count=1, bytes=0], StallTotal[source=CLIENT_PRE_RENDER, totalMs=0.004458, count=1, bytes=0], StallTotal[source=CLIENT_PRE_FRAME, totalMs=0.004417, count=1, bytes=0], StallTotal[source=CLIENT_GIZMOS, totalMs=0.002667, count=1, bytes=0], StallTotal[source=ARENA_WAIT, totalMs=0.001792, count=1, bytes=0], StallTotal[source=PRESENT, totalMs=0.001667, count=1, bytes=0], StallTotal[source=CLIENT_PACKETS, totalMs=8.75E-4, count=1, bytes=0], StallTotal[source=TASK_DRAIN, totalMs=2.92E-4, count=1, bytes=0], StallTotal[source=RENDER_PASS_MERGE, totalMs=0.0, count=1, bytes=0]]], FrameDetail[index=53, intervalMs=49.723, cpuMs=48.731542, outsideLoopMs=0.044167, stalls=[StallTotal[source=RENDER_FRAME, totalMs=49.225792, count=1, bytes=0], StallTotal[source=GPU_FRAME, totalMs=7.821124, count=1, bytes=0], StallTotal[source=JVM_GC, totalMs=3.0, count=1, bytes=0], StallTotal[source=BUFFER_CREATE, totalMs=0.987663, count=465, bytes=50433488], StallTotal[source=UPLOAD_COPY, totalMs=0.881458, count=14, bytes=50381784], StallTotal[source=BUFFER_MAP, totalMs=0.599162, count=3510, bytes=1288112], StallTotal[source=COMMAND_BATCH, totalMs=0.457834, count=3, bytes=384816], StallTotal[source=ACQUIRE, totalMs=0.432042, count=1, bytes=0], StallTotal[source=CLIENT_TICK, totalMs=0.293458, count=1, bytes=0], StallTotal[source=CLIENT_POST_TASKS, totalMs=0.113625, count=1, bytes=0], StallTotal[source=CLIENT_TASKS, totalMs=0.027625, count=1, bytes=0], StallTotal[source=RESOURCE_RELEASE, totalMs=0.026165, count=465, bytes=50433488], StallTotal[source=SUBMIT, totalMs=0.01975, count=1, bytes=0], StallTotal[source=CLIENT_POST_RENDER, totalMs=0.016375, count=1, bytes=0], StallTotal[source=LEVEL_END_FRAME, totalMs=0.007834, count=1, bytes=0], StallTotal[source=HARNESS_HANDOFF, totalMs=0.004916, count=1, bytes=0], StallTotal[source=PRESENT, totalMs=0.004833, count=1, bytes=0], StallTotal[source=CLIENT_PRE_RENDER, totalMs=0.004458, count=1, bytes=0], StallTotal[source=CLIENT_PRE_FRAME, totalMs=0.00375, count=1, bytes=0], StallTotal[source=CLIENT_GIZMOS, totalMs=0.002333, count=1, bytes=0], StallTotal[source=ARENA_WAIT, totalMs=0.001333, count=1, bytes=0], StallTotal[source=CLIENT_PACKETS, totalMs=5.84E-4, count=1, bytes=0], StallTotal[source=TASK_DRAIN, totalMs=1.66E-4, count=1, bytes=0], StallTotal[source=RENDER_PASS_MERGE, totalMs=0.0, count=1, bytes=0]]], FrameDetail[index=56, intervalMs=49.543666, cpuMs=48.4955, outsideLoopMs=0.045333, stalls=[StallTotal[source=RENDER_FRAME, totalMs=49.001417, count=1, bytes=0], StallTotal[source=GPU_FRAME, totalMs=10.474541, count=1, bytes=0], StallTotal[source=JVM_GC, totalMs=3.0, count=1, bytes=0], StallTotal[source=BUFFER_CREATE, totalMs=0.979249, count=465, bytes=50433488], StallTotal[source=UPLOAD_COPY, totalMs=0.883456, count=14, bytes=50381784], StallTotal[source=BUFFER_MAP, totalMs=0.588943, count=3510, bytes=1288112], StallTotal[source=COMMAND_BATCH, totalMs=0.463208, count=3, bytes=384816], StallTotal[source=ACQUIRE, totalMs=0.443666, count=1, bytes=0], StallTotal[source=CLIENT_TICK, totalMs=0.293458, count=1, bytes=0], StallTotal[source=CLIENT_POST_TASKS, totalMs=0.157792, count=1, bytes=0], StallTotal[source=CLIENT_TASKS, totalMs=0.023541, count=1, bytes=0], StallTotal[source=SUBMIT, totalMs=0.019208, count=1, bytes=0], StallTotal[source=RESOURCE_RELEASE, totalMs=0.019003, count=465, bytes=50433488], StallTotal[source=CLIENT_POST_RENDER, totalMs=0.015291, count=1, bytes=0], StallTotal[source=HARNESS_HANDOFF, totalMs=0.005958, count=1, bytes=0], StallTotal[source=LEVEL_END_FRAME, totalMs=0.005833, count=1, bytes=0], StallTotal[source=CLIENT_PRE_FRAME, totalMs=0.005583, count=1, bytes=0], StallTotal[source=CLIENT_PRE_RENDER, totalMs=0.004625, count=1, bytes=0], StallTotal[source=PRESENT, totalMs=0.004458, count=1, bytes=0], StallTotal[source=CLIENT_GIZMOS, totalMs=0.002709, count=1, bytes=0], StallTotal[source=ARENA_WAIT, totalMs=0.001292, count=1, bytes=0], StallTotal[source=CLIENT_PACKETS, totalMs=7.92E-4, count=1, bytes=0], StallTotal[source=TASK_DRAIN, totalMs=2.92E-4, count=1, bytes=0], StallTotal[source=RENDER_PASS_MERGE, totalMs=0.0, count=1, bytes=0]]], FrameDetail[index=22, intervalMs=48.712458, cpuMs=47.704375, outsideLoopMs=0.076, stalls=[StallTotal[source=RENDER_FRAME, totalMs=48.174, count=1, bytes=0], StallTotal[source=GPU_FRAME, totalMs=7.3505, count=1, bytes=0], StallTotal[source=UPLOAD_COPY, totalMs=1.049125, count=14, bytes=50381784], StallTotal[source=BUFFER_CREATE, totalMs=0.874167, count=465, bytes=50433488], StallTotal[source=BUFFER_MAP, totalMs=0.567197, count=3510, bytes=1288112], StallTotal[source=COMMAND_BATCH, totalMs=0.486666, count=3, bytes=384816], StallTotal[source=ACQUIRE, totalMs=0.423792, count=1, bytes=0], StallTotal[source=CLIENT_TICK, totalMs=0.284666, count=1, bytes=0], StallTotal[source=CLIENT_POST_TASKS, totalMs=0.1195, count=1, bytes=0], StallTotal[source=CLIENT_POST_RENDER, totalMs=0.037, count=1, bytes=0], StallTotal[source=CLIENT_TASKS, totalMs=0.0235, count=1, bytes=0], StallTotal[source=CLIENT_PACKETS, totalMs=0.017084, count=1, bytes=0], StallTotal[source=RESOURCE_RELEASE, totalMs=0.015794, count=465, bytes=50433488], StallTotal[source=SUBMIT, totalMs=0.012917, count=1, bytes=0], StallTotal[source=CLIENT_PRE_RENDER, totalMs=0.005666, count=1, bytes=0], StallTotal[source=LEVEL_END_FRAME, totalMs=0.005083, count=1, bytes=0], StallTotal[source=HARNESS_HANDOFF, totalMs=0.005, count=1, bytes=0], StallTotal[source=CLIENT_PRE_FRAME, totalMs=0.004458, count=1, bytes=0], StallTotal[source=CLIENT_GIZMOS, totalMs=0.002084, count=1, bytes=0], StallTotal[source=PRESENT, totalMs=0.001542, count=1, bytes=0], StallTotal[source=ARENA_WAIT, totalMs=0.001292, count=1, bytes=0], StallTotal[source=TASK_DRAIN, totalMs=3.33E-4, count=1, bytes=0], StallTotal[source=RENDER_PASS_MERGE, totalMs=0.0, count=1, bytes=0]]], FrameDetail[index=58, intervalMs=47.961417, cpuMs=44.586, outsideLoopMs=0.038542, stalls=[StallTotal[source=RENDER_FRAME, totalMs=44.715125, count=1, bytes=0], StallTotal[source=GPU_FRAME, totalMs=10.300791, count=1, bytes=0], StallTotal[source=CLIENT_TASKS, totalMs=2.692792, count=1, bytes=0], StallTotal[source=BUFFER_CREATE, totalMs=0.920802, count=465, bytes=50433488], StallTotal[source=UPLOAD_COPY, totalMs=0.897833, count=14, bytes=50381784], StallTotal[source=BUFFER_MAP, totalMs=0.543734, count=3510, bytes=1288112], StallTotal[source=COMMAND_BATCH, totalMs=0.450875, count=3, bytes=384816], StallTotal[source=CLIENT_TICK, totalMs=0.320167, count=1, bytes=0], StallTotal[source=CLIENT_POST_TASKS, totalMs=0.16825, count=1, bytes=0], StallTotal[source=ACQUIRE, totalMs=0.074167, count=1, bytes=0], StallTotal[source=SUBMIT, totalMs=0.01725, count=1, bytes=0], StallTotal[source=RESOURCE_RELEASE, totalMs=0.016126, count=465, bytes=50433488], StallTotal[source=CLIENT_POST_RENDER, totalMs=0.015166, count=1, bytes=0], StallTotal[source=CLIENT_PACKETS, totalMs=0.007125, count=1, bytes=0], StallTotal[source=LEVEL_END_FRAME, totalMs=0.006125, count=1, bytes=0], StallTotal[source=CLIENT_PRE_FRAME, totalMs=0.005083, count=1, bytes=0], StallTotal[source=CLIENT_PRE_RENDER, totalMs=0.005, count=1, bytes=0], StallTotal[source=PRESENT, totalMs=0.004625, count=1, bytes=0], StallTotal[source=CLIENT_GIZMOS, totalMs=0.002875, count=1, bytes=0], StallTotal[source=ARENA_WAIT, totalMs=0.001458, count=1, bytes=0], StallTotal[source=TASK_DRAIN, totalMs=2.09E-4, count=1, bytes=0], StallTotal[source=RENDER_PASS_MERGE, totalMs=0.0, count=1, bytes=0], StallTotal[source=JVM_GC, totalMs=0.0, count=1, bytes=0]]]], taskKinds=[TaskKind[name=total, totalMs=0.0, count=0, timed=true]], passKinds=[PassKind[name=sumOfSpans, totalMs=1704.607161, count=1427], PassKind[name=MetalCraft shader: shadow_terrain, totalMs=359.022784, count=108], PassKind[name=Section layers for translucent, totalMs=349.439959, count=108], PassKind[name=Section layers for opaque, totalMs=278.003043, count=108], PassKind[name=3d crosshair, totalMs=248.55454, count=108], PassKind[name=MetalCraft shader: grade, totalMs=245.003256, count=108], PassKind[name=(depth clear), totalMs=150.497416, count=216], PassKind[name=MetalCraft sky: sun and moon, totalMs=45.618126, count=108], PassKind[name=MetalCraft sky: atmosphere, totalMs=19.947456, count=108], PassKind[name=GUI before blur, totalMs=4.155577, count=108], PassKind[name=Animate minecraft:textures/atlas/blocks.png, totalMs=1.428421, count=99], PassKind[name=Animate minecraft:textures/atlas/particles.png, totalMs=1.356624, count=99], PassKind[name=Update light, totalMs=1.01854, count=99]], lod=LodPhase[start=Stats[uploads=0, uploadedBytes=0, draws=0, originalTriangles=0, replacementTriangles=0, staleFallbacks=0, uploadFailures=0, chargedBytes=0, residentMeshes=0, retiredMeshes=0, frameUploadBytes=0, prepareNanos=0, frameSelected=0, tier1Draws=0, tier2Draws=0, tier3Draws=0, tier4Draws=0, shadowDraws=0, shadowOriginalTriangles=0, shadowReplacementTriangles=0, terrainDraws=0, terrainInputTriangles=0, terrainRenderedTriangles=0, distantDraws=0, distantInputTriangles=0, distantRenderedTriangles=0], end=Stats[uploads=0, uploadedBytes=0, draws=0, originalTriangles=0, replacementTriangles=0, staleFallbacks=0, uploadFailures=0, chargedBytes=0, residentMeshes=0, retiredMeshes=0, frameUploadBytes=0, prepareNanos=0, frameSelected=0, tier1Draws=0, tier2Draws=0, tier3Draws=0, tier4Draws=0, shadowDraws=0, shadowOriginalTriangles=0, shadowReplacementTriangles=0, terrainDraws=0, terrainInputTriangles=0, terrainRenderedTriangles=0, distantDraws=0, distantInputTriangles=0, distantRenderedTriangles=0], p50PrepareMs=0.0, p95PrepareMs=0.0, p99PrepareMs=0.0], gpuFrame=Result[begunFrames=90, pendingFrames=2, invalidFrames=0, emptyFrames=0, overflowFrames=0, samplesMs=[D@8ba77f7, commandBuffers=[J@7b168921, p50Ms=8.163709, p95Ms=10.25575, p99Ms=11.705]], allocatedMiBPerSecond=3220.6172387062693, meshBuilds=436, meshBuildMs=3915.697958, renderer=Stats[cachedColumns=11840, groups=220, selectedGroups=24, frameColumns=736, gpuBytes=266306128, uploads=4533, draws=1512678, nativeDistance=23, horizon=64, streaming=Stats[tickets=0, pendingSnapshots=0, columns=12050, failures=0, serverLoadedChunks=5329]], diagnostics=Diagnostics[meshBuilds=5293, meshBuildNanos=15687433526, admissionSkips=760, wantedColumns=9399, coarseGroups=0, gpuBudget=268435456]}
[10:38:04] [Render thread/INFO] (Minecraft) Resizing Chunk Sections UBO, capacity limit of 2048 reached during a single frame. New capacity will be 4096.
[10:38:15] [Test thread/INFO] (Minecraft) [STDOUT]: Horizon phase merged-exact-mesh: {frames=Phase[name=merged-exact-mesh, frames=519, durationSeconds=4.82057325, averageFps=107.66354395714245, onePercentLowFps=78.39038513705755, pointOnePercentLowFps=51.4934172360208, p50CpuMs=8.718458, p95CpuMs=9.201, p99CpuMs=10.39175, p50IntervalMs=9.129083, p99IntervalMs=11.107167, worstIntervalMs=19.419958, p50AcquireMs=0.330708, p99AcquireMs=0.471833, p50OutsideLoopMs=0.031875, p99OutsideLoopMs=0.050375, phaseStalls=[StallTotal[source=RENDER_FRAME, totalMs=4743.546133, count=519, bytes=0], StallTotal[source=GPU_FRAME, totalMs=3844.073286, count=519, bytes=0], StallTotal[source=BUFFER_CREATE, totalMs=568.398307, count=269361, bytes=27444720], StallTotal[source=BUFFER_MAP, totalMs=294.92725, count=1924029, bytes=695344656], StallTotal[source=COMMAND_BATCH, totalMs=247.298178, count=1557, bytes=204652080], StallTotal[source=ACQUIRE, totalMs=173.407293, count=519, bytes=0], StallTotal[source=CLIENT_TICK, totalMs=29.564246, count=96, bytes=0], StallTotal[source=CLIENT_POST_TASKS, totalMs=22.585796, count=519, bytes=0], StallTotal[source=JVM_GC, totalMs=10.0, count=1, bytes=0], StallTotal[source=RESOURCE_RELEASE, totalMs=5.248234, count=269361, bytes=27444720], StallTotal[source=SUBMIT, totalMs=4.700634, count=519, bytes=0], StallTotal[source=CLIENT_POST_RENDER, totalMs=3.980568, count=519, bytes=0], StallTotal[source=LEVEL_END_FRAME, totalMs=3.304413, count=519, bytes=0], StallTotal[source=CLIENT_TASKS, totalMs=2.917997, count=519, bytes=0], StallTotal[source=UPLOAD_COPY, totalMs=2.31168, count=1044, bytes=396824], StallTotal[source=CLIENT_PRE_FRAME, totalMs=2.010664, count=519, bytes=0], StallTotal[source=CLIENT_PRE_RENDER, totalMs=0.822616, count=519, bytes=0], StallTotal[source=CLIENT_PACKETS, totalMs=0.799763, count=519, bytes=0], StallTotal[source=HARNESS_HANDOFF, totalMs=0.579913, count=97, bytes=0], StallTotal[source=PRESENT, totalMs=0.409507, count=519, bytes=0], StallTotal[source=ARENA_WAIT, totalMs=0.33451, count=519, bytes=0], StallTotal[source=TASK_DRAIN, totalMs=0.138989, count=519, bytes=0], StallTotal[source=CLIENT_GIZMOS, totalMs=0.091708, count=96, bytes=0], StallTotal[source=RENDER_PASS_MERGE, totalMs=0.0, count=519, bytes=0]], tailStalls=[StallTotal[source=RENDER_FRAME, totalMs=54.062251, count=5, bytes=0], StallTotal[source=GPU_FRAME, totalMs=37.199373, count=5, bytes=0], StallTotal[source=CLIENT_POST_TASKS, totalMs=10.477042, count=5, bytes=0], StallTotal[source=JVM_GC, totalMs=10.0, count=1, bytes=0], StallTotal[source=BUFFER_CREATE, totalMs=5.073894, count=2595, bytes=264400], StallTotal[source=BUFFER_MAP, totalMs=3.297553, count=18537, bytes=6698992], StallTotal[source=COMMAND_BATCH, totalMs=2.428332, count=15, bytes=1971600], StallTotal[source=ACQUIRE, totalMs=1.720249, count=5, bytes=0], StallTotal[source=CLIENT_TICK, totalMs=0.580584, count=2, bytes=0], StallTotal[source=RESOURCE_RELEASE, totalMs=0.063932, count=2595, bytes=264400], StallTotal[source=CLIENT_TASKS, totalMs=0.062166, count=5, bytes=0], StallTotal[source=CLIENT_POST_RENDER, totalMs=0.057833, count=5, bytes=0], StallTotal[source=SUBMIT, totalMs=0.057501, count=5, bytes=0], StallTotal[source=UPLOAD_COPY, totalMs=0.0405, count=10, bytes=600], StallTotal[source=LEVEL_END_FRAME, totalMs=0.032958, count=5, bytes=0], StallTotal[source=CLIENT_PRE_FRAME, totalMs=0.018791, count=5, bytes=0], StallTotal[source=HARNESS_HANDOFF, totalMs=0.011792, count=2, bytes=0], StallTotal[source=CLIENT_PACKETS, totalMs=0.010959, count=5, bytes=0], StallTotal[source=CLIENT_PRE_RENDER, totalMs=0.009, count=5, bytes=0], StallTotal[source=PRESENT, totalMs=0.005917, count=5, bytes=0], StallTotal[source=ARENA_WAIT, totalMs=0.004333, count=5, bytes=0], StallTotal[source=CLIENT_GIZMOS, totalMs=0.002333, count=2, bytes=0], StallTotal[source=TASK_DRAIN, totalMs=0.001583, count=5, bytes=0], StallTotal[source=RENDER_PASS_MERGE, totalMs=0.0, count=5, bytes=0]], worstFrames=[FrameDetail[index=226, intervalMs=19.419958, cpuMs=8.6745, outsideLoopMs=0.0275, stalls=[StallTotal[source=CLIENT_POST_TASKS, totalMs=10.313792, count=1, bytes=0], StallTotal[source=JVM_GC, totalMs=10.0, count=1, bytes=0], StallTotal[source=RENDER_FRAME, totalMs=8.776125, count=1, bytes=0], StallTotal[source=GPU_FRAME, totalMs=7.559041, count=1, bytes=0], StallTotal[source=BUFFER_CREATE, totalMs=1.010214, count=519, bytes=52880], StallTotal[source=BUFFER_MAP, totalMs=0.58511, count=3708, bytes=1339856], StallTotal[source=COMMAND_BATCH, totalMs=0.45225, count=3, bytes=394320], StallTotal[source=CLIENT_TICK, totalMs=0.267167, count=1, bytes=0], StallTotal[source=ACQUIRE, totalMs=0.067416, count=1, bytes=0], StallTotal[source=CLIENT_TASKS, totalMs=0.029416, count=1, bytes=0], StallTotal[source=RESOURCE_RELEASE, totalMs=0.013966, count=519, bytes=52880], StallTotal[source=UPLOAD_COPY, totalMs=0.012583, count=2, bytes=120], StallTotal[source=SUBMIT, totalMs=0.009792, count=1, bytes=0], StallTotal[source=LEVEL_END_FRAME, totalMs=0.006208, count=1, bytes=0], StallTotal[source=HARNESS_HANDOFF, totalMs=0.006125, count=1, bytes=0], StallTotal[source=CLIENT_POST_RENDER, totalMs=0.004625, count=1, bytes=0], StallTotal[source=CLIENT_PRE_FRAME, totalMs=0.00175, count=1, bytes=0], StallTotal[source=CLIENT_PRE_RENDER, totalMs=0.001583, count=1, bytes=0], StallTotal[source=CLIENT_GIZMOS, totalMs=0.001166, count=1, bytes=0], StallTotal[source=PRESENT, totalMs=0.001125, count=1, bytes=0], StallTotal[source=ARENA_WAIT, totalMs=9.16E-4, count=1, bytes=0], StallTotal[source=CLIENT_PACKETS, totalMs=3.34E-4, count=1, bytes=0], StallTotal[source=TASK_DRAIN, totalMs=8.3E-5, count=1, bytes=0], StallTotal[source=RENDER_PASS_MERGE, totalMs=0.0, count=1, bytes=0]]], FrameDetail[index=100, intervalMs=11.745125, cpuMs=11.2885, outsideLoopMs=0.040958, stalls=[StallTotal[source=RENDER_FRAME, totalMs=11.694042, count=1, bytes=0], StallTotal[source=GPU_FRAME, totalMs=7.427125, count=1, bytes=0], StallTotal[source=BUFFER_CREATE, totalMs=1.077245, count=519, bytes=52880], StallTotal[source=BUFFER_MAP, totalMs=0.716118, count=3707, bytes=1339760], StallTotal[source=COMMAND_BATCH, totalMs=0.509166, count=3, bytes=394320], StallTotal[source=ACQUIRE, totalMs=0.363916, count=1, bytes=0], StallTotal[source=RESOURCE_RELEASE, totalMs=0.013508, count=519, bytes=52880], StallTotal[source=SUBMIT, totalMs=0.012667, count=1, bytes=0], StallTotal[source=CLIENT_POST_RENDER, totalMs=0.011583, count=1, bytes=0], StallTotal[source=LEVEL_END_FRAME, totalMs=0.007625, count=1, bytes=0], StallTotal[source=UPLOAD_COPY, totalMs=0.006792, count=2, bytes=120], StallTotal[source=CLIENT_PRE_FRAME, totalMs=0.005083, count=1, bytes=0], StallTotal[source=PRESENT, totalMs=0.001459, count=1, bytes=0], StallTotal[source=CLIENT_PRE_RENDER, totalMs=0.001458, count=1, bytes=0], StallTotal[source=ARENA_WAIT, totalMs=7.5E-4, count=1, bytes=0], StallTotal[source=CLIENT_TASKS, totalMs=6.66E-4, count=1, bytes=0], StallTotal[source=CLIENT_PACKETS, totalMs=5.84E-4, count=1, bytes=0], StallTotal[source=CLIENT_POST_TASKS, totalMs=5.84E-4, count=1, bytes=0], StallTotal[source=TASK_DRAIN, totalMs=3.33E-4, count=1, bytes=0], StallTotal[source=RENDER_PASS_MERGE, totalMs=0.0, count=1, bytes=0]]], FrameDetail[index=103, intervalMs=11.454083, cpuMs=10.39175, outsideLoopMs=0.048833, stalls=[StallTotal[source=RENDER_FRAME, totalMs=10.8915, count=1, bytes=0], StallTotal[source=GPU_FRAME, totalMs=7.323124, count=1, bytes=0], StallTotal[source=BUFFER_CREATE, totalMs=0.95863, count=519, bytes=52880], StallTotal[source=BUFFER_MAP, totalMs=0.655716, count=3708, bytes=1339856], StallTotal[source=COMMAND_BATCH, totalMs=0.478626, count=3, bytes=394320], StallTotal[source=ACQUIRE, totalMs=0.45775, count=1, bytes=0], StallTotal[source=CLIENT_TICK, totalMs=0.313417, count=1, bytes=0], StallTotal[source=CLIENT_POST_TASKS, totalMs=0.161333, count=1, bytes=0], StallTotal[source=CLIENT_TASKS, totalMs=0.031167, count=1, bytes=0], StallTotal[source=CLIENT_POST_RENDER, totalMs=0.014916, count=1, bytes=0], StallTotal[source=SUBMIT, totalMs=0.0135, count=1, bytes=0], StallTotal[source=RESOURCE_RELEASE, totalMs=0.011669, count=519, bytes=52880], StallTotal[source=UPLOAD_COPY, totalMs=0.007417, count=2, bytes=120], StallTotal[source=LEVEL_END_FRAME, totalMs=0.005917, count=1, bytes=0], StallTotal[source=HARNESS_HANDOFF, totalMs=0.005667, count=1, bytes=0], StallTotal[source=CLIENT_PRE_FRAME, totalMs=0.002333, count=1, bytes=0], StallTotal[source=CLIENT_PRE_RENDER, totalMs=0.001875, count=1, bytes=0], StallTotal[source=PRESENT, totalMs=0.001333, count=1, bytes=0], StallTotal[source=CLIENT_GIZMOS, totalMs=0.001167, count=1, bytes=0], StallTotal[source=ARENA_WAIT, totalMs=9.17E-4, count=1, bytes=0], StallTotal[source=TASK_DRAIN, totalMs=3.75E-4, count=1, bytes=0], StallTotal[source=CLIENT_PACKETS, totalMs=2.91E-4, count=1, bytes=0], StallTotal[source=RENDER_PASS_MERGE, totalMs=0.0, count=1, bytes=0]]], FrameDetail[index=102, intervalMs=11.413833, cpuMs=10.937208, outsideLoopMs=0.036208, stalls=[StallTotal[source=RENDER_FRAME, totalMs=11.369, count=1, bytes=0], StallTotal[source=GPU_FRAME, totalMs=7.373833, count=1, bytes=0], StallTotal[source=BUFFER_CREATE, totalMs=1.054255, count=519, bytes=52880], StallTotal[source=BUFFER_MAP, totalMs=0.714957, count=3707, bytes=1339760], StallTotal[source=COMMAND_BATCH, totalMs=0.490124, count=3, bytes=394320], StallTotal[source=ACQUIRE, totalMs=0.392333, count=1, bytes=0], StallTotal[source=RESOURCE_RELEASE, totalMs=0.012668, count=519, bytes=52880], StallTotal[source=SUBMIT, totalMs=0.011875, count=1, bytes=0], StallTotal[source=CLIENT_POST_RENDER, totalMs=0.011417, count=1, bytes=0], StallTotal[source=UPLOAD_COPY, totalMs=0.007542, count=2, bytes=120], StallTotal[source=LEVEL_END_FRAME, totalMs=0.006833, count=1, bytes=0], StallTotal[source=CLIENT_PRE_FRAME, totalMs=0.003917, count=1, bytes=0], StallTotal[source=CLIENT_PRE_RENDER, totalMs=0.001834, count=1, bytes=0], StallTotal[source=PRESENT, totalMs=0.001, count=1, bytes=0], StallTotal[source=ARENA_WAIT, totalMs=8.75E-4, count=1, bytes=0], StallTotal[source=CLIENT_POST_TASKS, totalMs=5.83E-4, count=1, bytes=0], StallTotal[source=CLIENT_TASKS, totalMs=4.59E-4, count=1, bytes=0], StallTotal[source=TASK_DRAIN, totalMs=3.75E-4, count=1, bytes=0], StallTotal[source=CLIENT_PACKETS, totalMs=2.91E-4, count=1, bytes=0], StallTotal[source=RENDER_PASS_MERGE, totalMs=0.0, count=1, bytes=0]]], FrameDetail[index=109, intervalMs=11.399833, cpuMs=10.858583, outsideLoopMs=0.0475, stalls=[StallTotal[source=RENDER_FRAME, totalMs=11.331584, count=1, bytes=0], StallTotal[source=GPU_FRAME, totalMs=7.51625, count=1, bytes=0], StallTotal[source=BUFFER_CREATE, totalMs=0.97355, count=519, bytes=52880], StallTotal[source=BUFFER_MAP, totalMs=0.625652, count=3707, bytes=1339760], StallTotal[source=COMMAND_BATCH, totalMs=0.498166, count=3, bytes=394320], StallTotal[source=ACQUIRE, totalMs=0.438834, count=1, bytes=0], StallTotal[source=CLIENT_POST_RENDER, totalMs=0.015292, count=1, bytes=0], StallTotal[source=RESOURCE_RELEASE, totalMs=0.012121, count=519, bytes=52880], StallTotal[source=SUBMIT, totalMs=0.009667, count=1, bytes=0], StallTotal[source=CLIENT_PACKETS, totalMs=0.009459, count=1, bytes=0], StallTotal[source=LEVEL_END_FRAME, totalMs=0.006375, count=1, bytes=0], StallTotal[source=UPLOAD_COPY, totalMs=0.006166, count=2, bytes=120], StallTotal[source=CLIENT_PRE_FRAME, totalMs=0.005708, count=1, bytes=0], StallTotal[source=CLIENT_PRE_RENDER, totalMs=0.00225, count=1, bytes=0], StallTotal[source=PRESENT, totalMs=0.001, count=1, bytes=0], StallTotal[source=ARENA_WAIT, totalMs=8.75E-4, count=1, bytes=0], StallTotal[source=CLIENT_POST_TASKS, totalMs=7.5E-4, count=1, bytes=0], StallTotal[source=CLIENT_TASKS, totalMs=4.58E-4, count=1, bytes=0], StallTotal[source=TASK_DRAIN, totalMs=4.17E-4, count=1, bytes=0], StallTotal[source=RENDER_PASS_MERGE, totalMs=0.0, count=1, bytes=0]]], FrameDetail[index=108, intervalMs=11.107167, cpuMs=10.05225, outsideLoopMs=0.033833, stalls=[StallTotal[source=RENDER_FRAME, totalMs=10.5645, count=1, bytes=0], StallTotal[source=GPU_FRAME, totalMs=7.464958, count=1, bytes=0], StallTotal[source=BUFFER_CREATE, totalMs=0.993724, count=519, bytes=52880], StallTotal[source=BUFFER_MAP, totalMs=0.596502, count=3708, bytes=1339856], StallTotal[source=COMMAND_BATCH, totalMs=0.475999, count=3, bytes=394320], StallTotal[source=ACQUIRE, totalMs=0.471833, count=1, bytes=0], StallTotal[source=CLIENT_TICK, totalMs=0.341, count=1, bytes=0], StallTotal[source=CLIENT_POST_TASKS, totalMs=0.134417, count=1, bytes=0], StallTotal[source=CLIENT_TASKS, totalMs=0.02575, count=1, bytes=0], StallTotal[source=SUBMIT, totalMs=0.013084, count=1, bytes=0], StallTotal[source=RESOURCE_RELEASE, totalMs=0.011414, count=519, bytes=52880], StallTotal[source=CLIENT_POST_RENDER, totalMs=0.010625, count=1, bytes=0], StallTotal[source=UPLOAD_COPY, totalMs=0.006416, count=2, bytes=120], StallTotal[source=LEVEL_END_FRAME, totalMs=0.006, count=1, bytes=0], StallTotal[source=HARNESS_HANDOFF, totalMs=0.005792, count=1, bytes=0], StallTotal[source=CLIENT_PRE_FRAME, totalMs=0.003, count=1, bytes=0], StallTotal[source=CLIENT_PRE_RENDER, totalMs=0.0015, count=1, bytes=0], StallTotal[source=PRESENT, totalMs=0.00125, count=1, bytes=0], StallTotal[source=CLIENT_GIZMOS, totalMs=9.58E-4, count=1, bytes=0], StallTotal[source=ARENA_WAIT, totalMs=9.17E-4, count=1, bytes=0], StallTotal[source=CLIENT_PACKETS, totalMs=5.0E-4, count=1, bytes=0], StallTotal[source=TASK_DRAIN, totalMs=8.4E-5, count=1, bytes=0], StallTotal[source=RENDER_PASS_MERGE, totalMs=0.0, count=1, bytes=0]]], FrameDetail[index=93, intervalMs=10.961792, cpuMs=10.484209, outsideLoopMs=0.044584, stalls=[StallTotal[source=RENDER_FRAME, totalMs=10.905958, count=1, bytes=0], StallTotal[source=GPU_FRAME, totalMs=7.462583, count=1, bytes=0], StallTotal[source=BUFFER_CREATE, totalMs=0.887453, count=519, bytes=52880], StallTotal[source=BUFFER_MAP, totalMs=0.583509, count=3707, bytes=1339760], StallTotal[source=COMMAND_BATCH, totalMs=0.479167, count=3, bytes=394320], StallTotal[source=ACQUIRE, totalMs=0.3825, count=1, bytes=0], StallTotal[source=CLIENT_POST_RENDER, totalMs=0.012542, count=1, bytes=0], StallTotal[source=SUBMIT, totalMs=0.012375, count=1, bytes=0], StallTotal[source=RESOURCE_RELEASE, totalMs=0.010041, count=519, bytes=52880], StallTotal[source=UPLOAD_COPY, totalMs=0.007209, count=2, bytes=120], StallTotal[source=LEVEL_END_FRAME, totalMs=0.006333, count=1, bytes=0], StallTotal[source=CLIENT_PRE_FRAME, totalMs=0.005709, count=1, bytes=0], StallTotal[source=CLIENT_PRE_RENDER, totalMs=0.001958, count=1, bytes=0], StallTotal[source=PRESENT, totalMs=0.001208, count=1, bytes=0], StallTotal[source=ARENA_WAIT, totalMs=9.17E-4, count=1, bytes=0], StallTotal[source=CLIENT_POST_TASKS, totalMs=9.16E-4, count=1, bytes=0], StallTotal[source=CLIENT_TASKS, totalMs=3.75E-4, count=1, bytes=0], StallTotal[source=CLIENT_PACKETS, totalMs=3.34E-4, count=1, bytes=0], StallTotal[source=TASK_DRAIN, totalMs=2.5E-4, count=1, bytes=0], StallTotal[source=RENDER_PASS_MERGE, totalMs=0.0, count=1, bytes=0]]], FrameDetail[index=98, intervalMs=10.936583, cpuMs=9.921292, outsideLoopMs=0.043291, stalls=[StallTotal[source=RENDER_FRAME, totalMs=10.386708, count=1, bytes=0], StallTotal[source=GPU_FRAME, totalMs=7.373875, count=1, bytes=0], StallTotal[source=BUFFER_CREATE, totalMs=0.875325, count=519, bytes=52880], StallTotal[source=BUFFER_MAP, totalMs=0.551284, count=3708, bytes=1339856], StallTotal[source=COMMAND_BATCH, totalMs=0.451166, count=3, bytes=394320], StallTotal[source=ACQUIRE, totalMs=0.425167, count=1, bytes=0], StallTotal[source=CLIENT_TICK, totalMs=0.335792, count=1, bytes=0], StallTotal[source=CLIENT_POST_TASKS, totalMs=0.131916, count=1, bytes=0], StallTotal[source=CLIENT_TASKS, totalMs=0.030834, count=1, bytes=0], StallTotal[source=SUBMIT, totalMs=0.012583, count=1, bytes=0], StallTotal[source=CLIENT_POST_RENDER, totalMs=0.012208, count=1, bytes=0], StallTotal[source=RESOURCE_RELEASE, totalMs=0.009748, count=519, bytes=52880], StallTotal[source=LEVEL_END_FRAME, totalMs=0.006375, count=1, bytes=0], StallTotal[source=UPLOAD_COPY, totalMs=0.006041, count=2, bytes=120], StallTotal[source=HARNESS_HANDOFF, totalMs=0.005084, count=1, bytes=0], StallTotal[source=CLIENT_PRE_FRAME, totalMs=0.002875, count=1, bytes=0], StallTotal[source=CLIENT_PRE_RENDER, totalMs=0.002042, count=1, bytes=0], StallTotal[source=PRESENT, totalMs=0.001125, count=1, bytes=0], StallTotal[source=CLIENT_GIZMOS, totalMs=0.001125, count=1, bytes=0], StallTotal[source=ARENA_WAIT, totalMs=9.58E-4, count=1, bytes=0], StallTotal[source=CLIENT_PACKETS, totalMs=2.91E-4, count=1, bytes=0], StallTotal[source=TASK_DRAIN, totalMs=2.5E-4, count=1, bytes=0], StallTotal[source=RENDER_PASS_MERGE, totalMs=0.0, count=1, bytes=0]]]], taskKinds=[TaskKind[name=total, totalMs=0.0, count=0, timed=true]], passKinds=[PassKind[name=sumOfSpans, totalMs=6285.364438, count=5730], PassKind[name=Section layers for opaque, totalMs=1789.188715, count=538], PassKind[name=Section layers for translucent, totalMs=1658.711669, count=538], PassKind[name=MetalCraft shader: shadow_terrain, totalMs=1368.005975, count=538], PassKind[name=3d crosshair, totalMs=479.917583, count=538], PassKind[name=MetalCraft shader: grade, totalMs=463.163032, count=538], PassKind[name=(depth clear), totalMs=429.75517, count=1076], PassKind[name=MetalCraft sky: sun and moon, totalMs=44.967971, count=538], PassKind[name=MetalCraft sky: atmosphere, totalMs=31.204999, count=538], PassKind[name=GUI before blur, totalMs=17.086744, count=538], PassKind[name=Animate minecraft:textures/atlas/blocks.png, totalMs=1.177163, count=100], PassKind[name=Animate minecraft:textures/atlas/particles.png, totalMs=1.005462, count=100], PassKind[name=Update light, totalMs=0.745327, count=100]], lod=LodPhase[start=Stats[uploads=0, uploadedBytes=0, draws=0, originalTriangles=0, replacementTriangles=0, staleFallbacks=0, uploadFailures=0, chargedBytes=0, residentMeshes=0, retiredMeshes=0, frameUploadBytes=0, prepareNanos=0, frameSelected=0, tier1Draws=0, tier2Draws=0, tier3Draws=0, tier4Draws=0, shadowDraws=0, shadowOriginalTriangles=0, shadowReplacementTriangles=0, terrainDraws=0, terrainInputTriangles=0, terrainRenderedTriangles=0, distantDraws=0, distantInputTriangles=0, distantRenderedTriangles=0], end=Stats[uploads=0, uploadedBytes=0, draws=0, originalTriangles=0, replacementTriangles=0, staleFallbacks=0, uploadFailures=0, chargedBytes=0, residentMeshes=0, retiredMeshes=0, frameUploadBytes=0, prepareNanos=0, frameSelected=0, tier1Draws=0, tier2Draws=0, tier3Draws=0, tier4Draws=0, shadowDraws=0, shadowOriginalTriangles=0, shadowReplacementTriangles=0, terrainDraws=0, terrainInputTriangles=0, terrainRenderedTriangles=0, distantDraws=0, distantInputTriangles=0, distantRenderedTriangles=0], p50PrepareMs=0.0, p95PrepareMs=0.0, p99PrepareMs=0.0], gpuFrame=Result[begunFrames=520, pendingFrames=2, invalidFrames=0, emptyFrames=0, overflowFrames=0, samplesMs=[D@61e6cdca, commandBuffers=[J@70f2c063, p50Ms=7.394334, p95Ms=7.559041, p99Ms=7.614666]], allocatedMiBPerSecond=412.4499356142315, meshBuilds=0, meshBuildMs=0.0, renderer=Stats[cachedColumns=11840, groups=220, selectedGroups=90, frameColumns=4981, gpuBytes=801106664, uploads=4713, draws=1694486, nativeDistance=23, horizon=64, streaming=Stats[tickets=0, pendingSnapshots=0, columns=12050, failures=0, serverLoadedChunks=5329]], diagnostics=Diagnostics[meshBuilds=5481, meshBuildNanos=16266703858, admissionSkips=768, wantedColumns=4981, coarseGroups=0, gpuBudget=1073741824]}
[10:38:15] [Server thread/INFO] (Minecraft) Teleported Player45 to 8.500000, 210.000000, 8.500000
[10:38:15] [Render thread/INFO] (Minecraft) [System] [CHAT] [Server: Teleported Player45 to 8.500000, 210.000000, 8.500000]
[10:38:17] [Server thread/INFO] (Minecraft) Player45 lost connection: Disconnected
[10:38:17] [Server thread/INFO] (Minecraft) Player45 left the game
[10:38:17] [Server thread/INFO] (Minecraft) Stopping singleplayer server as player logged out
[10:38:17] [Server thread/INFO] (Minecraft) Stopping server
[10:38:17] [Server thread/INFO] (Minecraft) Saving players
[10:38:17] [Server thread/INFO] (Minecraft) Saving worlds
[10:38:17] [Server thread/INFO] (Minecraft) Saving chunks for level 'ServerLevel[New World]'/minecraft:overworld
[10:38:18] [Server thread/INFO] (Minecraft) Saving chunks for level 'ServerLevel[New World]'/minecraft:the_end
[10:38:18] [Server thread/INFO] (Minecraft) Saving chunks for level 'ServerLevel[New World]'/minecraft:the_nether
[10:38:18] [Server thread/INFO] (Minecraft) ThreadedAnvilChunkStorage (world): All chunks are saved
[10:38:18] [Server thread/INFO] (Minecraft) ThreadedAnvilChunkStorage (DIM1): All chunks are saved
[10:38:18] [Server thread/INFO] (Minecraft) ThreadedAnvilChunkStorage (DIM-1): All chunks are saved
[10:38:18] [Server thread/INFO] (Minecraft) ThreadedAnvilChunkStorage: All dimensions are saved
[10:38:19] [Test thread/INFO] (Minecraft) [STDOUT]: Horizon maximum-detail comparison passed: {legacy={frames=Phase[name=legacy-expanded-mesh, frames=89, durationSeconds=4.044028041, averageFps=22.007760356179986, onePercentLowFps=17.610969182353696, pointOnePercentLowFps=17.610969182353696, p50CpuMs=43.8655, p95CpuMs=48.731542, p99CpuMs=55.750208, p50IntervalMs=44.84975, p99IntervalMs=56.782792, worstIntervalMs=56.782792, p50AcquireMs=0.409334, p99AcquireMs=0.559167, p50OutsideLoopMs=0.043583, p99OutsideLoopMs=0.076, phaseStalls=[StallTotal[source=RENDER_FRAME, totalMs=3996.657506, count=89, bytes=0], StallTotal[source=GPU_FRAME, totalMs=749.07445, count=89, bytes=0], StallTotal[source=UPLOAD_COPY, totalMs=87.469778, count=1256, bytes=4484897784], StallTotal[source=BUFFER_CREATE, totalMs=79.181343, count=41386, bytes=4488591696], StallTotal[source=BUFFER_MAP, totalMs=48.803807, count=312383, bytes=114652464], StallTotal[source=COMMAND_BATCH, totalMs=39.861335, count=267, bytes=34248624], StallTotal[source=ACQUIRE, totalMs=36.204787, count=89, bytes=0], StallTotal[source=CLIENT_TICK, totalMs=24.222292, count=81, bytes=0], StallTotal[source=JVM_GC, totalMs=24.0, count=7, bytes=0], StallTotal[source=CLIENT_POST_TASKS, totalMs=10.628792, count=89, bytes=0], StallTotal[source=CLIENT_TASKS, totalMs=6.313874, count=89, bytes=0], StallTotal[source=CLIENT_POST_RENDER, totalMs=1.523329, count=89, bytes=0], StallTotal[source=RESOURCE_RELEASE, totalMs=1.427921, count=41386, bytes=4488591696], StallTotal[source=SUBMIT, totalMs=1.21125, count=89, bytes=0], StallTotal[source=CLIENT_PACKETS, totalMs=0.665166, count=89, bytes=0], StallTotal[source=LEVEL_END_FRAME, totalMs=0.581075, count=89, bytes=0], StallTotal[source=HARNESS_HANDOFF, totalMs=0.443882, count=83, bytes=0], StallTotal[source=CLIENT_PRE_RENDER, totalMs=0.432923, count=89, bytes=0], StallTotal[source=CLIENT_PRE_FRAME, totalMs=0.425449, count=89, bytes=0], StallTotal[source=CLIENT_GIZMOS, totalMs=0.198008, count=81, bytes=0], StallTotal[source=ARENA_WAIT, totalMs=0.16733, count=89, bytes=0], StallTotal[source=PRESENT, totalMs=0.141877, count=89, bytes=0], StallTotal[source=TASK_DRAIN, totalMs=0.024625, count=89, bytes=0], StallTotal[source=RENDER_PASS_MERGE, totalMs=0.0, count=89, bytes=0]], tailStalls=[StallTotal[source=RENDER_FRAME, totalMs=56.248375, count=1, bytes=0], StallTotal[source=JVM_GC, totalMs=8.0, count=1, bytes=0], StallTotal[source=GPU_FRAME, totalMs=7.208458, count=1, bytes=0], StallTotal[source=BUFFER_CREATE, totalMs=0.887947, count=465, bytes=50433488], StallTotal[source=UPLOAD_COPY, totalMs=0.858459, count=14, bytes=50381784], StallTotal[source=BUFFER_MAP, totalMs=0.548307, count=3510, bytes=1288112], StallTotal[source=ACQUIRE, totalMs=0.449916, count=1, bytes=0], StallTotal[source=COMMAND_BATCH, totalMs=0.432624, count=3, bytes=384816], StallTotal[source=CLIENT_TICK, totalMs=0.3, count=1, bytes=0], StallTotal[source=CLIENT_POST_TASKS, totalMs=0.129333, count=1, bytes=0], StallTotal[source=CLIENT_TASKS, totalMs=0.02425, count=1, bytes=0], StallTotal[source=RESOURCE_RELEASE, totalMs=0.019747, count=465, bytes=50433488], StallTotal[source=CLIENT_POST_RENDER, totalMs=0.016875, count=1, bytes=0], StallTotal[source=CLIENT_PACKETS, totalMs=0.016292, count=1, bytes=0], StallTotal[source=SUBMIT, totalMs=0.0145, count=1, bytes=0], StallTotal[source=LEVEL_END_FRAME, totalMs=0.007167, count=1, bytes=0], StallTotal[source=CLIENT_PRE_FRAME, totalMs=0.004625, count=1, bytes=0], StallTotal[source=CLIENT_PRE_RENDER, totalMs=0.004542, count=1, bytes=0], StallTotal[source=HARNESS_HANDOFF, totalMs=0.004167, count=1, bytes=0], StallTotal[source=CLIENT_GIZMOS, totalMs=0.001917, count=1, bytes=0], StallTotal[source=ARENA_WAIT, totalMs=0.0015, count=1, bytes=0], StallTotal[source=PRESENT, totalMs=0.001417, count=1, bytes=0], StallTotal[source=TASK_DRAIN, totalMs=2.92E-4, count=1, bytes=0], StallTotal[source=RENDER_PASS_MERGE, totalMs=0.0, count=1, bytes=0]], worstFrames=[FrameDetail[index=52, intervalMs=56.782792, cpuMs=55.750208, outsideLoopMs=0.047875, stalls=[StallTotal[source=RENDER_FRAME, totalMs=56.248375, count=1, bytes=0], StallTotal[source=JVM_GC, totalMs=8.0, count=1, bytes=0], StallTotal[source=GPU_FRAME, totalMs=7.208458, count=1, bytes=0], StallTotal[source=BUFFER_CREATE, totalMs=0.887947, count=465, bytes=50433488], StallTotal[source=UPLOAD_COPY, totalMs=0.858459, count=14, bytes=50381784], StallTotal[source=BUFFER_MAP, totalMs=0.548307, count=3510, bytes=1288112], StallTotal[source=ACQUIRE, totalMs=0.449916, count=1, bytes=0], StallTotal[source=COMMAND_BATCH, totalMs=0.432624, count=3, bytes=384816], StallTotal[source=CLIENT_TICK, totalMs=0.3, count=1, bytes=0], StallTotal[source=CLIENT_POST_TASKS, totalMs=0.129333, count=1, bytes=0], StallTotal[source=CLIENT_TASKS, totalMs=0.02425, count=1, bytes=0], StallTotal[source=RESOURCE_RELEASE, totalMs=0.019747, count=465, bytes=50433488], StallTotal[source=CLIENT_POST_RENDER, totalMs=0.016875, count=1, bytes=0], StallTotal[source=CLIENT_PACKETS, totalMs=0.016292, count=1, bytes=0], StallTotal[source=SUBMIT, totalMs=0.0145, count=1, bytes=0], StallTotal[source=LEVEL_END_FRAME, totalMs=0.007167, count=1, bytes=0], StallTotal[source=CLIENT_PRE_FRAME, totalMs=0.004625, count=1, bytes=0], StallTotal[source=CLIENT_PRE_RENDER, totalMs=0.004542, count=1, bytes=0], StallTotal[source=HARNESS_HANDOFF, totalMs=0.004167, count=1, bytes=0], StallTotal[source=CLIENT_GIZMOS, totalMs=0.001917, count=1, bytes=0], StallTotal[source=ARENA_WAIT, totalMs=0.0015, count=1, bytes=0], StallTotal[source=PRESENT, totalMs=0.001417, count=1, bytes=0], StallTotal[source=TASK_DRAIN, totalMs=2.92E-4, count=1, bytes=0], StallTotal[source=RENDER_PASS_MERGE, totalMs=0.0, count=1, bytes=0]]], FrameDetail[index=23, intervalMs=53.677375, cpuMs=52.690833, outsideLoopMs=0.043625, stalls=[StallTotal[source=RENDER_FRAME, totalMs=53.150334, count=1, bytes=0], StallTotal[source=GPU_FRAME, totalMs=8.604083, count=1, bytes=0], StallTotal[source=JVM_GC, totalMs=6.0, count=1, bytes=0], StallTotal[source=UPLOAD_COPY, totalMs=1.01958, count=14, bytes=50381784], StallTotal[source=BUFFER_CREATE, totalMs=0.894882, count=465, bytes=50433488], StallTotal[source=BUFFER_MAP, totalMs=0.535, count=3510, bytes=1288112], StallTotal[source=COMMAND_BATCH, totalMs=0.458291, count=3, bytes=384816], StallTotal[source=ACQUIRE, totalMs=0.40625, count=1, bytes=0], StallTotal[source=CLIENT_TICK, totalMs=0.296042, count=1, bytes=0], StallTotal[source=CLIENT_POST_TASKS, totalMs=0.135167, count=1, bytes=0], StallTotal[source=CLIENT_TASKS, totalMs=0.030791, count=1, bytes=0], StallTotal[source=CLIENT_POST_RENDER, totalMs=0.016875, count=1, bytes=0], StallTotal[source=RESOURCE_RELEASE, totalMs=0.015511, count=465, bytes=50433488], StallTotal[source=SUBMIT, totalMs=0.01425, count=1, bytes=0], StallTotal[source=LEVEL_END_FRAME, totalMs=0.00675, count=1, bytes=0], StallTotal[source=HARNESS_HANDOFF, totalMs=0.005042, count=1, bytes=0], StallTotal[source=CLIENT_PRE_RENDER, totalMs=0.0045, count=1, bytes=0], StallTotal[source=CLIENT_PRE_FRAME, totalMs=0.0045, count=1, bytes=0], StallTotal[source=CLIENT_GIZMOS, totalMs=0.002791, count=1, bytes=0], StallTotal[source=PRESENT, totalMs=0.001417, count=1, bytes=0], StallTotal[source=ARENA_WAIT, totalMs=0.001375, count=1, bytes=0], StallTotal[source=CLIENT_PACKETS, totalMs=7.5E-4, count=1, bytes=0], StallTotal[source=TASK_DRAIN, totalMs=2.5E-4, count=1, bytes=0], StallTotal[source=RENDER_PASS_MERGE, totalMs=0.0, count=1, bytes=0]]], FrameDetail[index=83, intervalMs=53.301, cpuMs=52.36075, outsideLoopMs=0.04175, stalls=[StallTotal[source=RENDER_FRAME, totalMs=52.781417, count=1, bytes=0], StallTotal[source=GPU_FRAME, totalMs=11.704999, count=1, bytes=0], StallTotal[source=JVM_GC, totalMs=4.0, count=1, bytes=0], StallTotal[source=UPLOAD_COPY, totalMs=1.194085, count=14, bytes=50381784], StallTotal[source=BUFFER_CREATE, totalMs=0.895666, count=465, bytes=50433488], StallTotal[source=BUFFER_MAP, totalMs=0.543892, count=3510, bytes=1288112], StallTotal[source=COMMAND_BATCH, totalMs=0.432167, count=3, bytes=384816], StallTotal[source=ACQUIRE, totalMs=0.376625, count=1, bytes=0], StallTotal[source=CLIENT_TICK, totalMs=0.293583, count=1, bytes=0], StallTotal[source=CLIENT_POST_TASKS, totalMs=0.141542, count=1, bytes=0], StallTotal[source=CLIENT_TASKS, totalMs=0.025542, count=1, bytes=0], StallTotal[source=CLIENT_POST_RENDER, totalMs=0.016334, count=1, bytes=0], StallTotal[source=RESOURCE_RELEASE, totalMs=0.014508, count=465, bytes=50433488], StallTotal[source=SUBMIT, totalMs=0.011833, count=1, bytes=0], StallTotal[source=LEVEL_END_FRAME, totalMs=0.006959, count=1, bytes=0], StallTotal[source=HARNESS_HANDOFF, totalMs=0.005084, count=1, bytes=0], StallTotal[source=CLIENT_PRE_RENDER, totalMs=0.004791, count=1, bytes=0], StallTotal[source=CLIENT_PRE_FRAME, totalMs=0.004583, count=1, bytes=0], StallTotal[source=ARENA_WAIT, totalMs=0.002458, count=1, bytes=0], StallTotal[source=CLIENT_GIZMOS, totalMs=0.001917, count=1, bytes=0], StallTotal[source=PRESENT, totalMs=0.00125, count=1, bytes=0], StallTotal[source=CLIENT_PACKETS, totalMs=7.5E-4, count=1, bytes=0], StallTotal[source=TASK_DRAIN, totalMs=2.08E-4, count=1, bytes=0], StallTotal[source=RENDER_PASS_MERGE, totalMs=0.0, count=1, bytes=0]]], FrameDetail[index=3, intervalMs=51.956208, cpuMs=50.871416, outsideLoopMs=0.042458, stalls=[StallTotal[source=RENDER_FRAME, totalMs=51.36325, count=1, bytes=0], StallTotal[source=GPU_FRAME, totalMs=8.789583, count=1, bytes=0], StallTotal[source=UPLOAD_COPY, totalMs=1.174458, count=14, bytes=50381784], StallTotal[source=BUFFER_CREATE, totalMs=1.128042, count=466, bytes=50444752], StallTotal[source=BUFFER_MAP, totalMs=0.675028, count=3511, bytes=1299376], StallTotal[source=COMMAND_BATCH, totalMs=0.528625, count=3, bytes=384816], StallTotal[source=ACQUIRE, totalMs=0.439583, count=1, bytes=0], StallTotal[source=CLIENT_TICK, totalMs=0.335916, count=1, bytes=0], StallTotal[source=CLIENT_POST_TASKS, totalMs=0.173209, count=1, bytes=0], StallTotal[source=CLIENT_TASKS, totalMs=0.023833, count=1, bytes=0], StallTotal[source=RESOURCE_RELEASE, totalMs=0.021451, count=465, bytes=50433488], StallTotal[source=SUBMIT, totalMs=0.016167, count=1, bytes=0], StallTotal[source=CLIENT_POST_RENDER, totalMs=0.01475, count=1, bytes=0], StallTotal[source=LEVEL_END_FRAME, totalMs=0.006958, count=1, bytes=0], StallTotal[source=HARNESS_HANDOFF, totalMs=0.004917, count=1, bytes=0], StallTotal[source=CLIENT_PRE_RENDER, totalMs=0.004458, count=1, bytes=0], StallTotal[source=CLIENT_PRE_FRAME, totalMs=0.004417, count=1, bytes=0], StallTotal[source=CLIENT_GIZMOS, totalMs=0.002667, count=1, bytes=0], StallTotal[source=ARENA_WAIT, totalMs=0.001792, count=1, bytes=0], StallTotal[source=PRESENT, totalMs=0.001667, count=1, bytes=0], StallTotal[source=CLIENT_PACKETS, totalMs=8.75E-4, count=1, bytes=0], StallTotal[source=TASK_DRAIN, totalMs=2.92E-4, count=1, bytes=0], StallTotal[source=RENDER_PASS_MERGE, totalMs=0.0, count=1, bytes=0]]], FrameDetail[index=53, intervalMs=49.723, cpuMs=48.731542, outsideLoopMs=0.044167, stalls=[StallTotal[source=RENDER_FRAME, totalMs=49.225792, count=1, bytes=0], StallTotal[source=GPU_FRAME, totalMs=7.821124, count=1, bytes=0], StallTotal[source=JVM_GC, totalMs=3.0, count=1, bytes=0], StallTotal[source=BUFFER_CREATE, totalMs=0.987663, count=465, bytes=50433488], StallTotal[source=UPLOAD_COPY, totalMs=0.881458, count=14, bytes=50381784], StallTotal[source=BUFFER_MAP, totalMs=0.599162, count=3510, bytes=1288112], StallTotal[source=COMMAND_BATCH, totalMs=0.457834, count=3, bytes=384816], StallTotal[source=ACQUIRE, totalMs=0.432042, count=1, bytes=0], StallTotal[source=CLIENT_TICK, totalMs=0.293458, count=1, bytes=0], StallTotal[source=CLIENT_POST_TASKS, totalMs=0.113625, count=1, bytes=0], StallTotal[source=CLIENT_TASKS, totalMs=0.027625, count=1, bytes=0], StallTotal[source=RESOURCE_RELEASE, totalMs=0.026165, count=465, bytes=50433488], StallTotal[source=SUBMIT, totalMs=0.01975, count=1, bytes=0], StallTotal[source=CLIENT_POST_RENDER, totalMs=0.016375, count=1, bytes=0], StallTotal[source=LEVEL_END_FRAME, totalMs=0.007834, count=1, bytes=0], StallTotal[source=HARNESS_HANDOFF, totalMs=0.004916, count=1, bytes=0], StallTotal[source=PRESENT, totalMs=0.004833, count=1, bytes=0], StallTotal[source=CLIENT_PRE_RENDER, totalMs=0.004458, count=1, bytes=0], StallTotal[source=CLIENT_PRE_FRAME, totalMs=0.00375, count=1, bytes=0], StallTotal[source=CLIENT_GIZMOS, totalMs=0.002333, count=1, bytes=0], StallTotal[source=ARENA_WAIT, totalMs=0.001333, count=1, bytes=0], StallTotal[source=CLIENT_PACKETS, totalMs=5.84E-4, count=1, bytes=0], StallTotal[source=TASK_DRAIN, totalMs=1.66E-4, count=1, bytes=0], StallTotal[source=RENDER_PASS_MERGE, totalMs=0.0, count=1, bytes=0]]], FrameDetail[index=56, intervalMs=49.543666, cpuMs=48.4955, outsideLoopMs=0.045333, stalls=[StallTotal[source=RENDER_FRAME, totalMs=49.001417, count=1, bytes=0], StallTotal[source=GPU_FRAME, totalMs=10.474541, count=1, bytes=0], StallTotal[source=JVM_GC, totalMs=3.0, count=1, bytes=0], StallTotal[source=BUFFER_CREATE, totalMs=0.979249, count=465, bytes=50433488], StallTotal[source=UPLOAD_COPY, totalMs=0.883456, count=14, bytes=50381784], StallTotal[source=BUFFER_MAP, totalMs=0.588943, count=3510, bytes=1288112], StallTotal[source=COMMAND_BATCH, totalMs=0.463208, count=3, bytes=384816], StallTotal[source=ACQUIRE, totalMs=0.443666, count=1, bytes=0], StallTotal[source=CLIENT_TICK, totalMs=0.293458, count=1, bytes=0], StallTotal[source=CLIENT_POST_TASKS, totalMs=0.157792, count=1, bytes=0], StallTotal[source=CLIENT_TASKS, totalMs=0.023541, count=1, bytes=0], StallTotal[source=SUBMIT, totalMs=0.019208, count=1, bytes=0], StallTotal[source=RESOURCE_RELEASE, totalMs=0.019003, count=465, bytes=50433488], StallTotal[source=CLIENT_POST_RENDER, totalMs=0.015291, count=1, bytes=0], StallTotal[source=HARNESS_HANDOFF, totalMs=0.005958, count=1, bytes=0], StallTotal[source=LEVEL_END_FRAME, totalMs=0.005833, count=1, bytes=0], StallTotal[source=CLIENT_PRE_FRAME, totalMs=0.005583, count=1, bytes=0], StallTotal[source=CLIENT_PRE_RENDER, totalMs=0.004625, count=1, bytes=0], StallTotal[source=PRESENT, totalMs=0.004458, count=1, bytes=0], StallTotal[source=CLIENT_GIZMOS, totalMs=0.002709, count=1, bytes=0], StallTotal[source=ARENA_WAIT, totalMs=0.001292, count=1, bytes=0], StallTotal[source=CLIENT_PACKETS, totalMs=7.92E-4, count=1, bytes=0], StallTotal[source=TASK_DRAIN, totalMs=2.92E-4, count=1, bytes=0], StallTotal[source=RENDER_PASS_MERGE, totalMs=0.0, count=1, bytes=0]]], FrameDetail[index=22, intervalMs=48.712458, cpuMs=47.704375, outsideLoopMs=0.076, stalls=[StallTotal[source=RENDER_FRAME, totalMs=48.174, count=1, bytes=0], StallTotal[source=GPU_FRAME, totalMs=7.3505, count=1, bytes=0], StallTotal[source=UPLOAD_COPY, totalMs=1.049125, count=14, bytes=50381784], StallTotal[source=BUFFER_CREATE, totalMs=0.874167, count=465, bytes=50433488], StallTotal[source=BUFFER_MAP, totalMs=0.567197, count=3510, bytes=1288112], StallTotal[source=COMMAND_BATCH, totalMs=0.486666, count=3, bytes=384816], StallTotal[source=ACQUIRE, totalMs=0.423792, count=1, bytes=0], StallTotal[source=CLIENT_TICK, totalMs=0.284666, count=1, bytes=0], StallTotal[source=CLIENT_POST_TASKS, totalMs=0.1195, count=1, bytes=0], StallTotal[source=CLIENT_POST_RENDER, totalMs=0.037, count=1, bytes=0], StallTotal[source=CLIENT_TASKS, totalMs=0.0235, count=1, bytes=0], StallTotal[source=CLIENT_PACKETS, totalMs=0.017084, count=1, bytes=0], StallTotal[source=RESOURCE_RELEASE, totalMs=0.015794, count=465, bytes=50433488], StallTotal[source=SUBMIT, totalMs=0.012917, count=1, bytes=0], StallTotal[source=CLIENT_PRE_RENDER, totalMs=0.005666, count=1, bytes=0], StallTotal[source=LEVEL_END_FRAME, totalMs=0.005083, count=1, bytes=0], StallTotal[source=HARNESS_HANDOFF, totalMs=0.005, count=1, bytes=0], StallTotal[source=CLIENT_PRE_FRAME, totalMs=0.004458, count=1, bytes=0], StallTotal[source=CLIENT_GIZMOS, totalMs=0.002084, count=1, bytes=0], StallTotal[source=PRESENT, totalMs=0.001542, count=1, bytes=0], StallTotal[source=ARENA_WAIT, totalMs=0.001292, count=1, bytes=0], StallTotal[source=TASK_DRAIN, totalMs=3.33E-4, count=1, bytes=0], StallTotal[source=RENDER_PASS_MERGE, totalMs=0.0, count=1, bytes=0]]], FrameDetail[index=58, intervalMs=47.961417, cpuMs=44.586, outsideLoopMs=0.038542, stalls=[StallTotal[source=RENDER_FRAME, totalMs=44.715125, count=1, bytes=0], StallTotal[source=GPU_FRAME, totalMs=10.300791, count=1, bytes=0], StallTotal[source=CLIENT_TASKS, totalMs=2.692792, count=1, bytes=0], StallTotal[source=BUFFER_CREATE, totalMs=0.920802, count=465, bytes=50433488], StallTotal[source=UPLOAD_COPY, totalMs=0.897833, count=14, bytes=50381784], StallTotal[source=BUFFER_MAP, totalMs=0.543734, count=3510, bytes=1288112], StallTotal[source=COMMAND_BATCH, totalMs=0.450875, count=3, bytes=384816], StallTotal[source=CLIENT_TICK, totalMs=0.320167, count=1, bytes=0], StallTotal[source=CLIENT_POST_TASKS, totalMs=0.16825, count=1, bytes=0], StallTotal[source=ACQUIRE, totalMs=0.074167, count=1, bytes=0], StallTotal[source=SUBMIT, totalMs=0.01725, count=1, bytes=0], StallTotal[source=RESOURCE_RELEASE, totalMs=0.016126, count=465, bytes=50433488], StallTotal[source=CLIENT_POST_RENDER, totalMs=0.015166, count=1, bytes=0], StallTotal[source=CLIENT_PACKETS, totalMs=0.007125, count=1, bytes=0], StallTotal[source=LEVEL_END_FRAME, totalMs=0.006125, count=1, bytes=0], StallTotal[source=CLIENT_PRE_FRAME, totalMs=0.005083, count=1, bytes=0], StallTotal[source=CLIENT_PRE_RENDER, totalMs=0.005, count=1, bytes=0], StallTotal[source=PRESENT, totalMs=0.004625, count=1, bytes=0], StallTotal[source=CLIENT_GIZMOS, totalMs=0.002875, count=1, bytes=0], StallTotal[source=ARENA_WAIT, totalMs=0.001458, count=1, bytes=0], StallTotal[source=TASK_DRAIN, totalMs=2.09E-4, count=1, bytes=0], StallTotal[source=RENDER_PASS_MERGE, totalMs=0.0, count=1, bytes=0], StallTotal[source=JVM_GC, totalMs=0.0, count=1, bytes=0]]]], taskKinds=[TaskKind[name=total, totalMs=0.0, count=0, timed=true]], passKinds=[PassKind[name=sumOfSpans, totalMs=1704.607161, count=1427], PassKind[name=MetalCraft shader: shadow_terrain, totalMs=359.022784, count=108], PassKind[name=Section layers for translucent, totalMs=349.439959, count=108], PassKind[name=Section layers for opaque, totalMs=278.003043, count=108], PassKind[name=3d crosshair, totalMs=248.55454, count=108], PassKind[name=MetalCraft shader: grade, totalMs=245.003256, count=108], PassKind[name=(depth clear), totalMs=150.497416, count=216], PassKind[name=MetalCraft sky: sun and moon, totalMs=45.618126, count=108], PassKind[name=MetalCraft sky: atmosphere, totalMs=19.947456, count=108], PassKind[name=GUI before blur, totalMs=4.155577, count=108], PassKind[name=Animate minecraft:textures/atlas/blocks.png, totalMs=1.428421, count=99], PassKind[name=Animate minecraft:textures/atlas/particles.png, totalMs=1.356624, count=99], PassKind[name=Update light, totalMs=1.01854, count=99]], lod=LodPhase[start=Stats[uploads=0, uploadedBytes=0, draws=0, originalTriangles=0, replacementTriangles=0, staleFallbacks=0, uploadFailures=0, chargedBytes=0, residentMeshes=0, retiredMeshes=0, frameUploadBytes=0, prepareNanos=0, frameSelected=0, tier1Draws=0, tier2Draws=0, tier3Draws=0, tier4Draws=0, shadowDraws=0, shadowOriginalTriangles=0, shadowReplacementTriangles=0, terrainDraws=0, terrainInputTriangles=0, terrainRenderedTriangles=0, distantDraws=0, distantInputTriangles=0, distantRenderedTriangles=0], end=Stats[uploads=0, uploadedBytes=0, draws=0, originalTriangles=0, replacementTriangles=0, staleFallbacks=0, uploadFailures=0, chargedBytes=0, residentMeshes=0, retiredMeshes=0, frameUploadBytes=0, prepareNanos=0, frameSelected=0, tier1Draws=0, tier2Draws=0, tier3Draws=0, tier4Draws=0, shadowDraws=0, shadowOriginalTriangles=0, shadowReplacementTriangles=0, terrainDraws=0, terrainInputTriangles=0, terrainRenderedTriangles=0, distantDraws=0, distantInputTriangles=0, distantRenderedTriangles=0], p50PrepareMs=0.0, p95PrepareMs=0.0, p99PrepareMs=0.0], gpuFrame=Result[begunFrames=90, pendingFrames=2, invalidFrames=0, emptyFrames=0, overflowFrames=0, samplesMs=[D@8ba77f7, commandBuffers=[J@7b168921, p50Ms=8.163709, p95Ms=10.25575, p99Ms=11.705]], allocatedMiBPerSecond=3220.6172387062693, meshBuilds=436, meshBuildMs=3915.697958, renderer=Stats[cachedColumns=11840, groups=220, selectedGroups=24, frameColumns=736, gpuBytes=266306128, uploads=4533, draws=1512678, nativeDistance=23, horizon=64, streaming=Stats[tickets=0, pendingSnapshots=0, columns=12050, failures=0, serverLoadedChunks=5329]], diagnostics=Diagnostics[meshBuilds=5293, meshBuildNanos=15687433526, admissionSkips=760, wantedColumns=9399, coarseGroups=0, gpuBudget=268435456]}, fixed={frames=Phase[name=merged-exact-mesh, frames=519, durationSeconds=4.82057325, averageFps=107.66354395714245, onePercentLowFps=78.39038513705755, pointOnePercentLowFps=51.4934172360208, p50CpuMs=8.718458, p95CpuMs=9.201, p99CpuMs=10.39175, p50IntervalMs=9.129083, p99IntervalMs=11.107167, worstIntervalMs=19.419958, p50AcquireMs=0.330708, p99AcquireMs=0.471833, p50OutsideLoopMs=0.031875, p99OutsideLoopMs=0.050375, phaseStalls=[StallTotal[source=RENDER_FRAME, totalMs=4743.546133, count=519, bytes=0], StallTotal[source=GPU_FRAME, totalMs=3844.073286, count=519, bytes=0], StallTotal[source=BUFFER_CREATE, totalMs=568.398307, count=269361, bytes=27444720], StallTotal[source=BUFFER_MAP, totalMs=294.92725, count=1924029, bytes=695344656], StallTotal[source=COMMAND_BATCH, totalMs=247.298178, count=1557, bytes=204652080], StallTotal[source=ACQUIRE, totalMs=173.407293, count=519, bytes=0], StallTotal[source=CLIENT_TICK, totalMs=29.564246, count=96, bytes=0], StallTotal[source=CLIENT_POST_TASKS, totalMs=22.585796, count=519, bytes=0], StallTotal[source=JVM_GC, totalMs=10.0, count=1, bytes=0], StallTotal[source=RESOURCE_RELEASE, totalMs=5.248234, count=269361, bytes=27444720], StallTotal[source=SUBMIT, totalMs=4.700634, count=519, bytes=0], StallTotal[source=CLIENT_POST_RENDER, totalMs=3.980568, count=519, bytes=0], StallTotal[source=LEVEL_END_FRAME, totalMs=3.304413, count=519, bytes=0], StallTotal[source=CLIENT_TASKS, totalMs=2.917997, count=519, bytes=0], StallTotal[source=UPLOAD_COPY, totalMs=2.31168, count=1044, bytes=396824], StallTotal[source=CLIENT_PRE_FRAME, totalMs=2.010664, count=519, bytes=0], StallTotal[source=CLIENT_PRE_RENDER, totalMs=0.822616, count=519, bytes=0], StallTotal[source=CLIENT_PACKETS, totalMs=0.799763, count=519, bytes=0], StallTotal[source=HARNESS_HANDOFF, totalMs=0.579913, count=97, bytes=0], StallTotal[source=PRESENT, totalMs=0.409507, count=519, bytes=0], StallTotal[source=ARENA_WAIT, totalMs=0.33451, count=519, bytes=0], StallTotal[source=TASK_DRAIN, totalMs=0.138989, count=519, bytes=0], StallTotal[source=CLIENT_GIZMOS, totalMs=0.091708, count=96, bytes=0], StallTotal[source=RENDER_PASS_MERGE, totalMs=0.0, count=519, bytes=0]], tailStalls=[StallTotal[source=RENDER_FRAME, totalMs=54.062251, count=5, bytes=0], StallTotal[source=GPU_FRAME, totalMs=37.199373, count=5, bytes=0], StallTotal[source=CLIENT_POST_TASKS, totalMs=10.477042, count=5, bytes=0], StallTotal[source=JVM_GC, totalMs=10.0, count=1, bytes=0], StallTotal[source=BUFFER_CREATE, totalMs=5.073894, count=2595, bytes=264400], StallTotal[source=BUFFER_MAP, totalMs=3.297553, count=18537, bytes=6698992], StallTotal[source=COMMAND_BATCH, totalMs=2.428332, count=15, bytes=1971600], StallTotal[source=ACQUIRE, totalMs=1.720249, count=5, bytes=0], StallTotal[source=CLIENT_TICK, totalMs=0.580584, count=2, bytes=0], StallTotal[source=RESOURCE_RELEASE, totalMs=0.063932, count=2595, bytes=264400], StallTotal[source=CLIENT_TASKS, totalMs=0.062166, count=5, bytes=0], StallTotal[source=CLIENT_POST_RENDER, totalMs=0.057833, count=5, bytes=0], StallTotal[source=SUBMIT, totalMs=0.057501, count=5, bytes=0], StallTotal[source=UPLOAD_COPY, totalMs=0.0405, count=10, bytes=600], StallTotal[source=LEVEL_END_FRAME, totalMs=0.032958, count=5, bytes=0], StallTotal[source=CLIENT_PRE_FRAME, totalMs=0.018791, count=5, bytes=0], StallTotal[source=HARNESS_HANDOFF, totalMs=0.011792, count=2, bytes=0], StallTotal[source=CLIENT_PACKETS, totalMs=0.010959, count=5, bytes=0], StallTotal[source=CLIENT_PRE_RENDER, totalMs=0.009, count=5, bytes=0], StallTotal[source=PRESENT, totalMs=0.005917, count=5, bytes=0], StallTotal[source=ARENA_WAIT, totalMs=0.004333, count=5, bytes=0], StallTotal[source=CLIENT_GIZMOS, totalMs=0.002333, count=2, bytes=0], StallTotal[source=TASK_DRAIN, totalMs=0.001583, count=5, bytes=0], StallTotal[source=RENDER_PASS_MERGE, totalMs=0.0, count=5, bytes=0]], worstFrames=[FrameDetail[index=226, intervalMs=19.419958, cpuMs=8.6745, outsideLoopMs=0.0275, stalls=[StallTotal[source=CLIENT_POST_TASKS, totalMs=10.313792, count=1, bytes=0], StallTotal[source=JVM_GC, totalMs=10.0, count=1, bytes=0], StallTotal[source=RENDER_FRAME, totalMs=8.776125, count=1, bytes=0], StallTotal[source=GPU_FRAME, totalMs=7.559041, count=1, bytes=0], StallTotal[source=BUFFER_CREATE, totalMs=1.010214, count=519, bytes=52880], StallTotal[source=BUFFER_MAP, totalMs=0.58511, count=3708, bytes=1339856], StallTotal[source=COMMAND_BATCH, totalMs=0.45225, count=3, bytes=394320], StallTotal[source=CLIENT_TICK, totalMs=0.267167, count=1, bytes=0], StallTotal[source=ACQUIRE, totalMs=0.067416, count=1, bytes=0], StallTotal[source=CLIENT_TASKS, totalMs=0.029416, count=1, bytes=0], StallTotal[source=RESOURCE_RELEASE, totalMs=0.013966, count=519, bytes=52880], StallTotal[source=UPLOAD_COPY, totalMs=0.012583, count=2, bytes=120], StallTotal[source=SUBMIT, totalMs=0.009792, count=1, bytes=0], StallTotal[source=LEVEL_END_FRAME, totalMs=0.006208, count=1, bytes=0], StallTotal[source=HARNESS_HANDOFF, totalMs=0.006125, count=1, bytes=0], StallTotal[source=CLIENT_POST_RENDER, totalMs=0.004625, count=1, bytes=0], StallTotal[source=CLIENT_PRE_FRAME, totalMs=0.00175, count=1, bytes=0], StallTotal[source=CLIENT_PRE_RENDER, totalMs=0.001583, count=1, bytes=0], StallTotal[source=CLIENT_GIZMOS, totalMs=0.001166, count=1, bytes=0], StallTotal[source=PRESENT, totalMs=0.001125, count=1, bytes=0], StallTotal[source=ARENA_WAIT, totalMs=9.16E-4, count=1, bytes=0], StallTotal[source=CLIENT_PACKETS, totalMs=3.34E-4, count=1, bytes=0], StallTotal[source=TASK_DRAIN, totalMs=8.3E-5, count=1, bytes=0], StallTotal[source=RENDER_PASS_MERGE, totalMs=0.0, count=1, bytes=0]]], FrameDetail[index=100, intervalMs=11.745125, cpuMs=11.2885, outsideLoopMs=0.040958, stalls=[StallTotal[source=RENDER_FRAME, totalMs=11.694042, count=1, bytes=0], StallTotal[source=GPU_FRAME, totalMs=7.427125, count=1, bytes=0], StallTotal[source=BUFFER_CREATE, totalMs=1.077245, count=519, bytes=52880], StallTotal[source=BUFFER_MAP, totalMs=0.716118, count=3707, bytes=1339760], StallTotal[source=COMMAND_BATCH, totalMs=0.509166, count=3, bytes=394320], StallTotal[source=ACQUIRE, totalMs=0.363916, count=1, bytes=0], StallTotal[source=RESOURCE_RELEASE, totalMs=0.013508, count=519, bytes=52880], StallTotal[source=SUBMIT, totalMs=0.012667, count=1, bytes=0], StallTotal[source=CLIENT_POST_RENDER, totalMs=0.011583, count=1, bytes=0], StallTotal[source=LEVEL_END_FRAME, totalMs=0.007625, count=1, bytes=0], StallTotal[source=UPLOAD_COPY, totalMs=0.006792, count=2, bytes=120], StallTotal[source=CLIENT_PRE_FRAME, totalMs=0.005083, count=1, bytes=0], StallTotal[source=PRESENT, totalMs=0.001459, count=1, bytes=0], StallTotal[source=CLIENT_PRE_RENDER, totalMs=0.001458, count=1, bytes=0], StallTotal[source=ARENA_WAIT, totalMs=7.5E-4, count=1, bytes=0], StallTotal[source=CLIENT_TASKS, totalMs=6.66E-4, count=1, bytes=0], StallTotal[source=CLIENT_PACKETS, totalMs=5.84E-4, count=1, bytes=0], StallTotal[source=CLIENT_POST_TASKS, totalMs=5.84E-4, count=1, bytes=0], StallTotal[source=TASK_DRAIN, totalMs=3.33E-4, count=1, bytes=0], StallTotal[source=RENDER_PASS_MERGE, totalMs=0.0, count=1, bytes=0]]], FrameDetail[index=103, intervalMs=11.454083, cpuMs=10.39175, outsideLoopMs=0.048833, stalls=[StallTotal[source=RENDER_FRAME, totalMs=10.8915, count=1, bytes=0], StallTotal[source=GPU_FRAME, totalMs=7.323124, count=1, bytes=0], StallTotal[source=BUFFER_CREATE, totalMs=0.95863, count=519, bytes=52880], StallTotal[source=BUFFER_MAP, totalMs=0.655716, count=3708, bytes=1339856], StallTotal[source=COMMAND_BATCH, totalMs=0.478626, count=3, bytes=394320], StallTotal[source=ACQUIRE, totalMs=0.45775, count=1, bytes=0], StallTotal[source=CLIENT_TICK, totalMs=0.313417, count=1, bytes=0], StallTotal[source=CLIENT_POST_TASKS, totalMs=0.161333, count=1, bytes=0], StallTotal[source=CLIENT_TASKS, totalMs=0.031167, count=1, bytes=0], StallTotal[source=CLIENT_POST_RENDER, totalMs=0.014916, count=1, bytes=0], StallTotal[source=SUBMIT, totalMs=0.0135, count=1, bytes=0], StallTotal[source=RESOURCE_RELEASE, totalMs=0.011669, count=519, bytes=52880], StallTotal[source=UPLOAD_COPY, totalMs=0.007417, count=2, bytes=120], StallTotal[source=LEVEL_END_FRAME, totalMs=0.005917, count=1, bytes=0], StallTotal[source=HARNESS_HANDOFF, totalMs=0.005667, count=1, bytes=0], StallTotal[source=CLIENT_PRE_FRAME, totalMs=0.002333, count=1, bytes=0], StallTotal[source=CLIENT_PRE_RENDER, totalMs=0.001875, count=1, bytes=0], StallTotal[source=PRESENT, totalMs=0.001333, count=1, bytes=0], StallTotal[source=CLIENT_GIZMOS, totalMs=0.001167, count=1, bytes=0], StallTotal[source=ARENA_WAIT, totalMs=9.17E-4, count=1, bytes=0], StallTotal[source=TASK_DRAIN, totalMs=3.75E-4, count=1, bytes=0], StallTotal[source=CLIENT_PACKETS, totalMs=2.91E-4, count=1, bytes=0], StallTotal[source=RENDER_PASS_MERGE, totalMs=0.0, count=1, bytes=0]]], FrameDetail[index=102, intervalMs=11.413833, cpuMs=10.937208, outsideLoopMs=0.036208, stalls=[StallTotal[source=RENDER_FRAME, totalMs=11.369, count=1, bytes=0], StallTotal[source=GPU_FRAME, totalMs=7.373833, count=1, bytes=0], StallTotal[source=BUFFER_CREATE, totalMs=1.054255, count=519, bytes=52880], StallTotal[source=BUFFER_MAP, totalMs=0.714957, count=3707, bytes=1339760], StallTotal[source=COMMAND_BATCH, totalMs=0.490124, count=3, bytes=394320], StallTotal[source=ACQUIRE, totalMs=0.392333, count=1, bytes=0], StallTotal[source=RESOURCE_RELEASE, totalMs=0.012668, count=519, bytes=52880], StallTotal[source=SUBMIT, totalMs=0.011875, count=1, bytes=0], StallTotal[source=CLIENT_POST_RENDER, totalMs=0.011417, count=1, bytes=0], StallTotal[source=UPLOAD_COPY, totalMs=0.007542, count=2, bytes=120], StallTotal[source=LEVEL_END_FRAME, totalMs=0.006833, count=1, bytes=0], StallTotal[source=CLIENT_PRE_FRAME, totalMs=0.003917, count=1, bytes=0], StallTotal[source=CLIENT_PRE_RENDER, totalMs=0.001834, count=1, bytes=0], StallTotal[source=PRESENT, totalMs=0.001, count=1, bytes=0], StallTotal[source=ARENA_WAIT, totalMs=8.75E-4, count=1, bytes=0], StallTotal[source=CLIENT_POST_TASKS, totalMs=5.83E-4, count=1, bytes=0], StallTotal[source=CLIENT_TASKS, totalMs=4.59E-4, count=1, bytes=0], StallTotal[source=TASK_DRAIN, totalMs=3.75E-4, count=1, bytes=0], StallTotal[source=CLIENT_PACKETS, totalMs=2.91E-4, count=1, bytes=0], StallTotal[source=RENDER_PASS_MERGE, totalMs=0.0, count=1, bytes=0]]], FrameDetail[index=109, intervalMs=11.399833, cpuMs=10.858583, outsideLoopMs=0.0475, stalls=[StallTotal[source=RENDER_FRAME, totalMs=11.331584, count=1, bytes=0], StallTotal[source=GPU_FRAME, totalMs=7.51625, count=1, bytes=0], StallTotal[source=BUFFER_CREATE, totalMs=0.97355, count=519, bytes=52880], StallTotal[source=BUFFER_MAP, totalMs=0.625652, count=3707, bytes=1339760], StallTotal[source=COMMAND_BATCH, totalMs=0.498166, count=3, bytes=394320], StallTotal[source=ACQUIRE, totalMs=0.438834, count=1, bytes=0], StallTotal[source=CLIENT_POST_RENDER, totalMs=0.015292, count=1, bytes=0], StallTotal[source=RESOURCE_RELEASE, totalMs=0.012121, count=519, bytes=52880], StallTotal[source=SUBMIT, totalMs=0.009667, count=1, bytes=0], StallTotal[source=CLIENT_PACKETS, totalMs=0.009459, count=1, bytes=0], StallTotal[source=LEVEL_END_FRAME, totalMs=0.006375, count=1, bytes=0], StallTotal[source=UPLOAD_COPY, totalMs=0.006166, count=2, bytes=120], StallTotal[source=CLIENT_PRE_FRAME, totalMs=0.005708, count=1, bytes=0], StallTotal[source=CLIENT_PRE_RENDER, totalMs=0.00225, count=1, bytes=0], StallTotal[source=PRESENT, totalMs=0.001, count=1, bytes=0], StallTotal[source=ARENA_WAIT, totalMs=8.75E-4, count=1, bytes=0], StallTotal[source=CLIENT_POST_TASKS, totalMs=7.5E-4, count=1, bytes=0], StallTotal[source=CLIENT_TASKS, totalMs=4.58E-4, count=1, bytes=0], StallTotal[source=TASK_DRAIN, totalMs=4.17E-4, count=1, bytes=0], StallTotal[source=RENDER_PASS_MERGE, totalMs=0.0, count=1, bytes=0]]], FrameDetail[index=108, intervalMs=11.107167, cpuMs=10.05225, outsideLoopMs=0.033833, stalls=[StallTotal[source=RENDER_FRAME, totalMs=10.5645, count=1, bytes=0], StallTotal[source=GPU_FRAME, totalMs=7.464958, count=1, bytes=0], StallTotal[source=BUFFER_CREATE, totalMs=0.993724, count=519, bytes=52880], StallTotal[source=BUFFER_MAP, totalMs=0.596502, count=3708, bytes=1339856], StallTotal[source=COMMAND_BATCH, totalMs=0.475999, count=3, bytes=394320], StallTotal[source=ACQUIRE, totalMs=0.471833, count=1, bytes=0], StallTotal[source=CLIENT_TICK, totalMs=0.341, count=1, bytes=0], StallTotal[source=CLIENT_POST_TASKS, totalMs=0.134417, count=1, bytes=0], StallTotal[source=CLIENT_TASKS, totalMs=0.02575, count=1, bytes=0], StallTotal[source=SUBMIT, totalMs=0.013084, count=1, bytes=0], StallTotal[source=RESOURCE_RELEASE, totalMs=0.011414, count=519, bytes=52880], StallTotal[source=CLIENT_POST_RENDER, totalMs=0.010625, count=1, bytes=0], StallTotal[source=UPLOAD_COPY, totalMs=0.006416, count=2, bytes=120], StallTotal[source=LEVEL_END_FRAME, totalMs=0.006, count=1, bytes=0], StallTotal[source=HARNESS_HANDOFF, totalMs=0.005792, count=1, bytes=0], StallTotal[source=CLIENT_PRE_FRAME, totalMs=0.003, count=1, bytes=0], StallTotal[source=CLIENT_PRE_RENDER, totalMs=0.0015, count=1, bytes=0], StallTotal[source=PRESENT, totalMs=0.00125, count=1, bytes=0], StallTotal[source=CLIENT_GIZMOS, totalMs=9.58E-4, count=1, bytes=0], StallTotal[source=ARENA_WAIT, totalMs=9.17E-4, count=1, bytes=0], StallTotal[source=CLIENT_PACKETS, totalMs=5.0E-4, count=1, bytes=0], StallTotal[source=TASK_DRAIN, totalMs=8.4E-5, count=1, bytes=0], StallTotal[source=RENDER_PASS_MERGE, totalMs=0.0, count=1, bytes=0]]], FrameDetail[index=93, intervalMs=10.961792, cpuMs=10.484209, outsideLoopMs=0.044584, stalls=[StallTotal[source=RENDER_FRAME, totalMs=10.905958, count=1, bytes=0], StallTotal[source=GPU_FRAME, totalMs=7.462583, count=1, bytes=0], StallTotal[source=BUFFER_CREATE, totalMs=0.887453, count=519, bytes=52880], StallTotal[source=BUFFER_MAP, totalMs=0.583509, count=3707, bytes=1339760], StallTotal[source=COMMAND_BATCH, totalMs=0.479167, count=3, bytes=394320], StallTotal[source=ACQUIRE, totalMs=0.3825, count=1, bytes=0], StallTotal[source=CLIENT_POST_RENDER, totalMs=0.012542, count=1, bytes=0], StallTotal[source=SUBMIT, totalMs=0.012375, count=1, bytes=0], StallTotal[source=RESOURCE_RELEASE, totalMs=0.010041, count=519, bytes=52880], StallTotal[source=UPLOAD_COPY, totalMs=0.007209, count=2, bytes=120], StallTotal[source=LEVEL_END_FRAME, totalMs=0.006333, count=1, bytes=0], StallTotal[source=CLIENT_PRE_FRAME, totalMs=0.005709, count=1, bytes=0], StallTotal[source=CLIENT_PRE_RENDER, totalMs=0.001958, count=1, bytes=0], StallTotal[source=PRESENT, totalMs=0.001208, count=1, bytes=0], StallTotal[source=ARENA_WAIT, totalMs=9.17E-4, count=1, bytes=0], StallTotal[source=CLIENT_POST_TASKS, totalMs=9.16E-4, count=1, bytes=0], StallTotal[source=CLIENT_TASKS, totalMs=3.75E-4, count=1, bytes=0], StallTotal[source=CLIENT_PACKETS, totalMs=3.34E-4, count=1, bytes=0], StallTotal[source=TASK_DRAIN, totalMs=2.5E-4, count=1, bytes=0], StallTotal[source=RENDER_PASS_MERGE, totalMs=0.0, count=1, bytes=0]]], FrameDetail[index=98, intervalMs=10.936583, cpuMs=9.921292, outsideLoopMs=0.043291, stalls=[StallTotal[source=RENDER_FRAME, totalMs=10.386708, count=1, bytes=0], StallTotal[source=GPU_FRAME, totalMs=7.373875, count=1, bytes=0], StallTotal[source=BUFFER_CREATE, totalMs=0.875325, count=519, bytes=52880], StallTotal[source=BUFFER_MAP, totalMs=0.551284, count=3708, bytes=1339856], StallTotal[source=COMMAND_BATCH, totalMs=0.451166, count=3, bytes=394320], StallTotal[source=ACQUIRE, totalMs=0.425167, count=1, bytes=0], StallTotal[source=CLIENT_TICK, totalMs=0.335792, count=1, bytes=0], StallTotal[source=CLIENT_POST_TASKS, totalMs=0.131916, count=1, bytes=0], StallTotal[source=CLIENT_TASKS, totalMs=0.030834, count=1, bytes=0], StallTotal[source=SUBMIT, totalMs=0.012583, count=1, bytes=0], StallTotal[source=CLIENT_POST_RENDER, totalMs=0.012208, count=1, bytes=0], StallTotal[source=RESOURCE_RELEASE, totalMs=0.009748, count=519, bytes=52880], StallTotal[source=LEVEL_END_FRAME, totalMs=0.006375, count=1, bytes=0], StallTotal[source=UPLOAD_COPY, totalMs=0.006041, count=2, bytes=120], StallTotal[source=HARNESS_HANDOFF, totalMs=0.005084, count=1, bytes=0], StallTotal[source=CLIENT_PRE_FRAME, totalMs=0.002875, count=1, bytes=0], StallTotal[source=CLIENT_PRE_RENDER, totalMs=0.002042, count=1, bytes=0], StallTotal[source=PRESENT, totalMs=0.001125, count=1, bytes=0], StallTotal[source=CLIENT_GIZMOS, totalMs=0.001125, count=1, bytes=0], StallTotal[source=ARENA_WAIT, totalMs=9.58E-4, count=1, bytes=0], StallTotal[source=CLIENT_PACKETS, totalMs=2.91E-4, count=1, bytes=0], StallTotal[source=TASK_DRAIN, totalMs=2.5E-4, count=1, bytes=0], StallTotal[source=RENDER_PASS_MERGE, totalMs=0.0, count=1, bytes=0]]]], taskKinds=[TaskKind[name=total, totalMs=0.0, count=0, timed=true]], passKinds=[PassKind[name=sumOfSpans, totalMs=6285.364438, count=5730], PassKind[name=Section layers for opaque, totalMs=1789.188715, count=538], PassKind[name=Section layers for translucent, totalMs=1658.711669, count=538], PassKind[name=MetalCraft shader: shadow_terrain, totalMs=1368.005975, count=538], PassKind[name=3d crosshair, totalMs=479.917583, count=538], PassKind[name=MetalCraft shader: grade, totalMs=463.163032, count=538], PassKind[name=(depth clear), totalMs=429.75517, count=1076], PassKind[name=MetalCraft sky: sun and moon, totalMs=44.967971, count=538], PassKind[name=MetalCraft sky: atmosphere, totalMs=31.204999, count=538], PassKind[name=GUI before blur, totalMs=17.086744, count=538], PassKind[name=Animate minecraft:textures/atlas/blocks.png, totalMs=1.177163, count=100], PassKind[name=Animate minecraft:textures/atlas/particles.png, totalMs=1.005462, count=100], PassKind[name=Update light, totalMs=0.745327, count=100]], lod=LodPhase[start=Stats[uploads=0, uploadedBytes=0, draws=0, originalTriangles=0, replacementTriangles=0, staleFallbacks=0, uploadFailures=0, chargedBytes=0, residentMeshes=0, retiredMeshes=0, frameUploadBytes=0, prepareNanos=0, frameSelected=0, tier1Draws=0, tier2Draws=0, tier3Draws=0, tier4Draws=0, shadowDraws=0, shadowOriginalTriangles=0, shadowReplacementTriangles=0, terrainDraws=0, terrainInputTriangles=0, terrainRenderedTriangles=0, distantDraws=0, distantInputTriangles=0, distantRenderedTriangles=0], end=Stats[uploads=0, uploadedBytes=0, draws=0, originalTriangles=0, replacementTriangles=0, staleFallbacks=0, uploadFailures=0, chargedBytes=0, residentMeshes=0, retiredMeshes=0, frameUploadBytes=0, prepareNanos=0, frameSelected=0, tier1Draws=0, tier2Draws=0, tier3Draws=0, tier4Draws=0, shadowDraws=0, shadowOriginalTriangles=0, shadowReplacementTriangles=0, terrainDraws=0, terrainInputTriangles=0, terrainRenderedTriangles=0, distantDraws=0, distantInputTriangles=0, distantRenderedTriangles=0], p50PrepareMs=0.0, p95PrepareMs=0.0, p99PrepareMs=0.0], gpuFrame=Result[begunFrames=520, pendingFrames=2, invalidFrames=0, emptyFrames=0, overflowFrames=0, samplesMs=[D@61e6cdca, commandBuffers=[J@70f2c063, p50Ms=7.394334, p95Ms=7.559041, p99Ms=7.614666]], allocatedMiBPerSecond=412.4499356142315, meshBuilds=0, meshBuildMs=0.0, renderer=Stats[cachedColumns=11840, groups=220, selectedGroups=90, frameColumns=4981, gpuBytes=801106664, uploads=4713, draws=1694486, nativeDistance=23, horizon=64, streaming=Stats[tickets=0, pendingSnapshots=0, columns=12050, failures=0, serverLoadedChunks=5329]], diagnostics=Diagnostics[meshBuilds=5481, meshBuildNanos=16266703858, admissionSkips=768, wantedColumns=4981, coarseGroups=0, gpuBudget=1073741824]}, reverse=Stats[cachedColumns=11840, groups=220, selectedGroups=94, frameColumns=4819, gpuBytes=766279272, uploads=4901, draws=1715186, nativeDistance=23, horizon=64, streaming=Stats[tickets=0, pendingSnapshots=0, columns=12050, failures=0, serverLoadedChunks=5329]], reverseDiagnostics=Diagnostics[meshBuilds=5669, meshBuildNanos=16757232488, admissionSkips=771, wantedColumns=4819, coarseGroups=0, gpuBudget=1073741824], fullDetailCoverageAndStableBuffers=true, passed=true}
[10:38:19] [Render thread/INFO] (WorldGeometryAdapter) Shader pack 'metalcraft-standard' leaves 3 pipeline(s) outside the G-buffer: [minecraft:pipeline/translucent_terrain, minecraft:pipeline/entity_translucent, minecraft:pipeline/lines]
[10:38:19] [Render thread/INFO] (Minecraft) Stopping!
