
> Configure project :
Fabric Loom: 1.17.20

> Task :compileJava NO-SOURCE
> Task :processResources UP-TO-DATE
> Task :classes UP-TO-DATE
> Task :compileClientJava UP-TO-DATE
> Task :compileMetalNative UP-TO-DATE
> Task :processClientResources UP-TO-DATE
> Task :clientClasses UP-TO-DATE
> Task :generateLog4jConfig UP-TO-DATE
> Task :generateDLIConfig UP-TO-DATE
> Task :configureLaunch UP-TO-DATE
> Task :downloadAssets UP-TO-DATE
> Task :configureClientLaunch UP-TO-DATE

> Task :runClient
[22:45:33] [main/WARN] (FabricLoader/Knot) Class path entries reference missing files: /Users/jackangione/Desktop/VULKAN SHADERS/build/classes/java/main - the game may not load properly!
[22:45:33] [main/INFO] (FabricLoader/GameProvider) Loading Minecraft 26.2 with Fabric Loader 0.19.3
[22:45:33] [main/INFO] (FabricLoader/Mappings) Mappings not present!
[22:45:33] [main/INFO] (FabricLoader) Loading 51 mods:
	- fabric-api 0.157.0+26.2
	- fabric-api-base 2.0.4+ece063239e
	- fabric-api-lookup-api-v1 2.0.17+11e1c9a39e
	- fabric-biome-api-v1 18.0.6+c7bd5b8e9e
	- fabric-block-api-v1 3.0.3+ec56b6019e
	- fabric-block-getter-api-v2 2.0.7+ec56b6019e
	- fabric-client-gametest-api-v1 6.0.0+515ac5339e
	- fabric-command-api-v2 3.1.0+00cb03469e
	- fabric-content-registries-v0 11.3.1+37b1aa249e
	- fabric-convention-tags-v2 4.7.0+1f023a9e9e
	- fabric-crash-report-info-v1 1.0.5+086d547a9e
	- fabric-creative-tab-api-v1 5.0.14+d871b99e9e
	- fabric-data-attachment-api-v1 2.2.18+515ac5339e
	- fabric-data-generation-api-v1 25.5.0+aed122aa9e
	- fabric-debug-api-v1 1.0.2+c792624d9e
	- fabric-dimensions-v1 5.1.11+515ac5339e
	- fabric-entity-events-v1 5.0.5+06488ac19e
	- fabric-events-interaction-v0 5.2.7+515ac5339e
	- fabric-game-rule-api-v1 4.0.8+46a6d00c9e
	- fabric-gametest-api-v1 4.0.21+4a7fa0819e
	- fabric-item-api-v1 14.4.0+49a69a7b9e
	- fabric-key-mapping-api-v1 2.0.5+e2bdee789e
	- fabric-lifecycle-events-v1 4.1.3+4575b05f9e
	- fabric-loot-api-v3 3.0.17+06488ac19e
	- fabric-menu-api-v1 2.0.16+086d547a9e
	- fabric-message-api-v1 7.0.8+bb2ed3f79e
	- fabric-model-loading-api-v1 8.0.16+c80601bb9e
	- fabric-networking-api-v1 6.3.3+72073ef09e
	- fabric-object-builder-api-v1 24.1.0+6fcd5f039e
	- fabric-particles-v1 5.0.18+d1756aa99e
	- fabric-permission-api-v1 1.0.5+e442d8d09e
	- fabric-recipe-api-v1 9.0.20+11e1c9a39e
	- fabric-registry-sync-v0 7.1.0+c7bd5b8e9e
	- fabric-renderer-api-v1 14.1.3+2b0d8a229e
	- fabric-renderer-indigo 9.1.3+2b0d8a229e
	- fabric-rendering-fluids-v1 6.0.4+06488ac19e
	- fabric-rendering-v1 25.3.2+515ac5339e
	- fabric-resource-conditions-api-v1 6.1.0+10e9a28b9e
	- fabric-resource-loader-v0 3.3.20+4fc5413f9e
	- fabric-resource-loader-v1 2.0.13+9edec1269e
	- fabric-screen-api-v1 5.2.0+58e078ad9e
	- fabric-serialization-api-v1 2.0.4+11a26f319e
	- fabric-sound-api-v1 2.0.5+11a26f319e
	- fabric-tag-api-v1 2.1.4+515ac5339e
	- fabric-transfer-api-v1 8.0.12+11dbb7d79e
	- fabric-transitive-access-wideners-v1 8.1.4+67c847259e
	- fabricloader 0.19.3
	- java 25
	- metalcraft 0.2.0-dev.1
	- minecraft 26.2
	- mixinextras 0.5.4
[22:45:33] [main/INFO] (FabricLoader/Mixin) SpongePowered MIXIN Subsystem Version=0.8.7 Source=file:/Users/jackangione/.gradle/caches/modules-2/files-2.1/net.fabricmc/sponge-mixin/0.17.3+mixin.0.8.7/41c4a3984a80f4679e759fb9f495587acc5cdac7/sponge-mixin-0.17.3+mixin.0.8.7.jar Service=Knot/Fabric Env=CLIENT
[22:45:33] [main/INFO] (FabricLoader/Mixin) Compatibility level set to JAVA_25
[22:45:33] [main/INFO] (MetalCraftPreLaunch) MetalCraft direct Metal bridge opened an owned device and command queue: Apple M4 Max (recommended working set: 53084 MiB)
[22:45:33] [main/WARN] (MetalCraftPreLaunch) Direct Metal backend selection is active and experimental; Minecraft's OpenGL crash recovery remains available
[22:45:33] [main/INFO] (FabricLoader/MixinExtras|Service) Initializing MixinExtras via com.llamalad7.mixinextras.service.MixinExtrasServiceImpl(version=0.5.4).
[22:45:34] [Datafixer Bootstrap #0/INFO] (Minecraft) 295 Datafixer optimizations took 131 milliseconds
[22:45:34] [main/WARN] (MacOperatingSystem) Unable to parse version 27.0 to a codename.
[22:45:36] [Render thread/INFO] (Minecraft) Environment: Environment[sessionHost=https://sessionserver.mojang.com, servicesHost=https://api.minecraftservices.com, profilesHost=https://api.mojang.com, name=PROD]
[22:45:36] [Render thread/INFO] (Minecraft) Setting user: Player927
[22:45:36] [Render thread/INFO] (Indigo) [Indigo] Registering Indigo renderer!
[22:45:36] [Render thread/ERROR] (Minecraft) Illegal option value 0 for Anisotropic Filtering
[22:45:36] [Render thread/INFO] (Minecraft) Backend library: LWJGL version 3.4.1-snapshot
[22:45:36] [Render thread/WARN] (Minecraft) Graphics backend forced to default by launch argument, in-game preferred graphics backend setting is ignored
[22:45:36] [Render thread/INFO] (ShaderPackRuntime) Loaded MetalCraft shader pack 'MetalCraft Standard': 3 pass(es), 4 target(s), 18 option(s), 0 bytes
[22:45:36] [Render thread/INFO] (Minecraft) Using graphics backend Metal, using drivers: Mac OS X 27.0
[22:45:36] [Render thread/INFO] (Minecraft) Using graphics device: Apple M4 Max (Apple)
[22:45:36] [Render thread/INFO] (Minecraft) Using graphics device extensions: Metal
[22:45:37] [Download-2/INFO] (Minecraft) Could not authorize you against Realms server: java.lang.RuntimeException: Failed to parse into SignedJWT: FabricMC
[22:45:37] [Render thread/INFO] (Minecraft) Reloading ResourceManager: vanilla, fabric-api, fabric-api-base, fabric-api-lookup-api-v1, fabric-biome-api-v1, fabric-block-api-v1, fabric-block-getter-api-v2, fabric-client-gametest-api-v1, fabric-command-api-v2, fabric-content-registries-v0, fabric-convention-tags-v2, fabric-crash-report-info-v1, fabric-creative-tab-api-v1, fabric-data-attachment-api-v1, fabric-data-generation-api-v1, fabric-debug-api-v1, fabric-dimensions-v1, fabric-entity-events-v1, fabric-events-interaction-v0, fabric-game-rule-api-v1, fabric-gametest-api-v1, fabric-item-api-v1, fabric-key-mapping-api-v1, fabric-lifecycle-events-v1, fabric-loot-api-v3, fabric-menu-api-v1, fabric-message-api-v1, fabric-model-loading-api-v1, fabric-networking-api-v1, fabric-object-builder-api-v1, fabric-particles-v1, fabric-permission-api-v1, fabric-recipe-api-v1, fabric-registry-sync-v0, fabric-renderer-api-v1, fabric-renderer-indigo, fabric-rendering-fluids-v1, fabric-rendering-v1, fabric-resource-conditions-api-v1, fabric-resource-loader-v0, fabric-resource-loader-v1, fabric-screen-api-v1, fabric-serialization-api-v1, fabric-sound-api-v1, fabric-tag-api-v1, fabric-transfer-api-v1, fabric-transitive-access-wideners-v1, fabricloader, metalcraft
[22:45:37] [Render thread/INFO] (MetalCraftClient) MetalCraft direct renderer active: Apple / Apple M4 Max using Metal
[22:45:37] [Render thread/INFO] (MetalGpuSurface) MetalCraft surface configured: 1708x960 presentMode=IMMEDIATE displaySync=false unlockedFrameRate=true
[22:45:37] [Worker-Main-9/INFO] (Minecraft) Found unifont_pua-17.0.01.hex, loading
[22:45:37] [Worker-Main-4/INFO] (Minecraft) Found unifont_all_no_pua-17.0.01.hex, loading
[22:45:37] [Worker-Main-2/INFO] (Minecraft) Found unifont_jp_patch-17.0.01.hex, loading
[22:45:38] [Render thread/INFO] (ShaderPackRuntime) Loaded MetalCraft shader pack 'MetalCraft Standard': 3 pass(es), 4 target(s), 18 option(s), 6558720 bytes
[22:45:40] [Render thread/INFO] (ShaderPackRuntime) Loaded MetalCraft shader pack 'MetalCraft Standard': 3 pass(es), 4 target(s), 18 option(s), 6558720 bytes
[22:45:40] [Render thread/INFO] (Minecraft) OpenAL initialized on device DENON-AVR
[22:45:40] [Render thread/INFO] (Minecraft) Sound engine started
[22:45:40] [Render thread/INFO] (Minecraft) Created: 512x256x0 minecraft:textures/atlas/particles.png-atlas
[22:45:40] [Render thread/INFO] (Minecraft) Created: 128x128x0 minecraft:textures/atlas/decorated_pot.png-atlas
[22:45:40] [Render thread/INFO] (Minecraft) Created: 2048x1024x0 minecraft:textures/atlas/armor_trims.png-atlas
[22:45:40] [Render thread/INFO] (Minecraft) Created: 512x256x0 minecraft:textures/atlas/paintings.png-atlas
[22:45:40] [Render thread/INFO] (Minecraft) Created: 1024x512x0 minecraft:textures/atlas/shield_patterns.png-atlas
[22:45:40] [Render thread/INFO] (Minecraft) Created: 2048x2048x4 minecraft:textures/atlas/blocks.png-atlas
[22:45:40] [Render thread/INFO] (Minecraft) Created: 512x512x0 minecraft:textures/atlas/chest.png-atlas
[22:45:40] [Render thread/INFO] (Minecraft) Created: 256x128x0 minecraft:textures/atlas/celestials.png-atlas
[22:45:40] [Render thread/INFO] (Minecraft) Created: 1024x512x0 minecraft:textures/atlas/banner_patterns.png-atlas
[22:45:40] [Render thread/INFO] (Minecraft) Created: 1024x512x0 minecraft:textures/atlas/items.png-atlas
[22:45:40] [Render thread/INFO] (Minecraft) Created: 1024x1024x0 minecraft:textures/atlas/gui.png-atlas
[22:45:40] [Render thread/INFO] (Minecraft) Created: 128x64x0 minecraft:textures/atlas/map_decorations.png-atlas
[22:45:40] [Render thread/INFO] (Minecraft) Created: 512x512x0 minecraft:textures/atlas/shulker_boxes.png-atlas
[22:45:40] [Download-2/INFO] (Minecraft) Could not authorize you against Realms server: java.lang.RuntimeException: Failed to parse into SignedJWT: FabricMC
[22:45:42] [Test thread/INFO] (MetalLifecycleGameTest) Metal lifecycle validation: Metal backend selected
[22:45:42] [Render thread/INFO] (MetalGpuSurface) MetalCraft surface configured: 3840x2160 presentMode=IMMEDIATE displaySync=false unlockedFrameRate=true
[22:45:43] [Render thread/INFO] (Minecraft) Loaded 1585 recipes
[22:45:43] [Render thread/INFO] (Minecraft) Loaded 1688 advancements
[22:45:43] [Render thread/INFO] (fabric-client-gametest-api-v1) World loading finished: null screen: net.minecraft.client.gui.screens.GenericMessageScreen@2ec1ca1e
[22:45:43] [Render thread/INFO] (BiomeModificationImpl) Applied 0 biome modifications to 0 of 66 new biomes in 658.8 μs
[22:45:43] [Server thread/INFO] (Minecraft) Starting integrated minecraft server version 26.2
[22:45:43] [Server thread/INFO] (Minecraft) Generating keypair
[22:45:43] [Server thread/INFO] (Minecraft) Selecting global world spawn...
[22:45:44] [Server thread/INFO] (Minecraft) Loading 0 persistent chunks...
[22:45:44] [Server thread/INFO] (Minecraft) Preparing spawn area: 16%
[22:45:44] [Server thread/INFO] (Minecraft) Saving chunks for level 'ServerLevel[New World]'/minecraft:overworld
[22:45:44] [Server thread/INFO] (Minecraft) Saving chunks for level 'ServerLevel[New World]'/minecraft:the_end
[22:45:44] [Server thread/INFO] (Minecraft) Saving chunks for level 'ServerLevel[New World]'/minecraft:the_nether
[22:45:44] [Server thread/INFO] (Minecraft) ThreadedAnvilChunkStorage (world): All chunks are saved
[22:45:44] [Server thread/INFO] (Minecraft) ThreadedAnvilChunkStorage (DIM1): All chunks are saved
[22:45:44] [Server thread/INFO] (Minecraft) ThreadedAnvilChunkStorage (DIM-1): All chunks are saved
[22:45:44] [Server thread/INFO] (Minecraft) ThreadedAnvilChunkStorage: All dimensions are saved
[22:45:44] [Render thread/INFO] (fabric-client-gametest-api-v1) World loading finished: null screen: net.minecraft.client.gui.screens.LevelLoadingScreen@41a2971a
[22:45:44] [Render thread/INFO] (fabric-client-gametest-api-v1) World loading finished: null screen: net.minecraft.client.gui.screens.LevelLoadingScreen@41a2971a
[22:45:45] [Render thread/INFO] (fabric-client-gametest-api-v1) World loading finished: null screen: net.minecraft.client.gui.screens.LevelLoadingScreen@41a2971a
[22:45:45] [Render thread/INFO] (fabric-client-gametest-api-v1) World loading finished: null screen: net.minecraft.client.gui.screens.LevelLoadingScreen@41a2971a
[22:45:45] [Render thread/INFO] (fabric-client-gametest-api-v1) World loading finished: null screen: net.minecraft.client.gui.screens.LevelLoadingScreen@41a2971a
[22:45:45] [Render thread/INFO] (fabric-client-gametest-api-v1) World loading finished: null screen: net.minecraft.client.gui.screens.LevelLoadingScreen@41a2971a
[22:45:45] [Render thread/INFO] (fabric-client-gametest-api-v1) World loading finished: null screen: net.minecraft.client.gui.screens.LevelLoadingScreen@41a2971a
[22:45:45] [Render thread/INFO] (fabric-client-gametest-api-v1) World loading finished: null screen: net.minecraft.client.gui.screens.LevelLoadingScreen@41a2971a
[22:45:45] [Render thread/INFO] (fabric-client-gametest-api-v1) World loading finished: null screen: net.minecraft.client.gui.screens.LevelLoadingScreen@41a2971a
[22:45:45] [Server thread/INFO] (Minecraft) Loading 47 chunks for player spawn...
[22:45:45] [Server thread/INFO] (Minecraft) Preparing spawn area: 16%
[22:45:45] [Render thread/INFO] (fabric-client-gametest-api-v1) World loading finished: null screen: net.minecraft.client.gui.screens.LevelLoadingScreen@41a2971a
[22:45:45] [Server thread/INFO] (Minecraft) Preparing spawn area: 16%
[22:45:45] [Render thread/INFO] (fabric-client-gametest-api-v1) World loading finished: null screen: net.minecraft.client.gui.screens.LevelLoadingScreen@41a2971a
[22:45:45] [Server thread/INFO] (Minecraft) Preparing spawn area: 16%
[22:45:45] [Render thread/INFO] (fabric-client-gametest-api-v1) World loading finished: null screen: net.minecraft.client.gui.screens.LevelLoadingScreen@41a2971a
[22:45:45] [Render thread/INFO] (fabric-client-gametest-api-v1) World loading finished: null screen: net.minecraft.client.gui.screens.LevelLoadingScreen@41a2971a
[22:45:45] [Render thread/INFO] (fabric-client-gametest-api-v1) World loading finished: null screen: net.minecraft.client.gui.screens.LevelLoadingScreen@41a2971a
[22:45:45] [Render thread/INFO] (fabric-client-gametest-api-v1) World loading finished: null screen: net.minecraft.client.gui.screens.LevelLoadingScreen@41a2971a
[22:45:45] [Render thread/INFO] (fabric-client-gametest-api-v1) World loading finished: null screen: net.minecraft.client.gui.screens.LevelLoadingScreen@41a2971a
[22:45:45] [Render thread/INFO] (fabric-client-gametest-api-v1) World loading finished: null screen: net.minecraft.client.gui.screens.LevelLoadingScreen@41a2971a
[22:45:45] [Render thread/INFO] (fabric-client-gametest-api-v1) World loading finished: null screen: net.minecraft.client.gui.screens.LevelLoadingScreen@41a2971a
[22:45:45] [Render thread/INFO] (fabric-client-gametest-api-v1) World loading finished: null screen: net.minecraft.client.gui.screens.LevelLoadingScreen@41a2971a
[22:45:45] [Render thread/INFO] (fabric-client-gametest-api-v1) World loading finished: null screen: net.minecraft.client.gui.screens.LevelLoadingScreen@41a2971a
[22:45:45] [Server thread/INFO] (Minecraft) Preparing spawn area: 57%
[22:45:45] [Render thread/INFO] (fabric-client-gametest-api-v1) World loading finished: null screen: net.minecraft.client.gui.screens.LevelLoadingScreen@41a2971a
[22:45:45] [Render thread/INFO] (fabric-client-gametest-api-v1) World loading finished: null screen: net.minecraft.client.gui.screens.LevelLoadingScreen@41a2971a
[22:45:46] [Render thread/INFO] (fabric-client-gametest-api-v1) World loading finished: null screen: net.minecraft.client.gui.screens.LevelLoadingScreen@41a2971a
[22:45:46] [Render thread/INFO] (fabric-client-gametest-api-v1) World loading finished: null screen: net.minecraft.client.gui.screens.LevelLoadingScreen@41a2971a
[22:45:46] [Render thread/INFO] (fabric-client-gametest-api-v1) World loading finished: null screen: net.minecraft.client.gui.screens.LevelLoadingScreen@41a2971a
[22:45:46] [Render thread/INFO] (fabric-client-gametest-api-v1) World loading finished: null screen: net.minecraft.client.gui.screens.LevelLoadingScreen@41a2971a
[22:45:46] [Render thread/INFO] (fabric-client-gametest-api-v1) World loading finished: null screen: net.minecraft.client.gui.screens.LevelLoadingScreen@41a2971a
[22:45:46] [Render thread/INFO] (fabric-client-gametest-api-v1) World loading finished: null screen: net.minecraft.client.gui.screens.LevelLoadingScreen@41a2971a
[22:45:46] [Server thread/INFO] (Minecraft) Time elapsed: 2421 ms
[22:45:46] [Render thread/INFO] (fabric-client-gametest-api-v1) World loading finished: null screen: net.minecraft.client.gui.screens.LevelLoadingScreen@41a2971a
[22:45:46] [Server thread/INFO] (Minecraft) Player927[local:E:ae127590] logged in with entity id 49 at (-8.5, 72.0, 5.5)
[22:45:46] [Server thread/INFO] (Minecraft) Player927 joined the game
[22:45:46] [Server thread/INFO] (Minecraft) Changing view distance to 16, from 10
[22:45:46] [Server thread/INFO] (Minecraft) Changing simulation distance to 16, from 0
[22:45:46] [Download-2/ERROR] (Minecraft) Failed to retrieve profile key pair

MinecraftClientHttpException[type=HTTP_ERROR, status=401, response=ErrorResponse[path=/player/certificates, error=null, errorMessage=null, details=null]]
	at knot//com.mojang.authlib.minecraft.client.MinecraftClient.buildHttpException(MinecraftClient.java:170)
	at knot//com.mojang.authlib.minecraft.client.MinecraftClient.readServiceResponse(MinecraftClient.java:147)
	at knot//com.mojang.authlib.minecraft.client.MinecraftClient.post(MinecraftClient.java:89)
	at knot//com.mojang.authlib.yggdrasil.YggdrasilUserApiService.getKeyPair(YggdrasilUserApiService.java:62)
	at knot//net.minecraft.client.multiplayer.AccountProfileKeyPairManager.fetchProfileKeyPair(AccountProfileKeyPairManager.java:119)
	at knot//net.minecraft.client.multiplayer.AccountProfileKeyPairManager.lambda$readOrFetchProfileKeyPair$0(AccountProfileKeyPairManager.java:72)
	at java.base/java.util.concurrent.CompletableFuture$AsyncSupply.run(CompletableFuture.java:1789)
	at java.base/java.util.concurrent.ThreadPoolExecutor.runWorker(ThreadPoolExecutor.java:1090)
	at java.base/java.util.concurrent.ThreadPoolExecutor$Worker.run(ThreadPoolExecutor.java:614)
	at java.base/java.lang.Thread.run(Thread.java:1474)
[22:45:48] [Render thread/INFO] (Minecraft) Resizing Dynamic Transforms UBO, capacity limit of 2 reached during a single frame. New capacity will be 4.
[22:45:48] [Render thread/INFO] (Minecraft) Loaded 2 advancements
[22:45:48] [Render thread/INFO] (fabric-client-gametest-api-v1) World loading finished: ClientLevel screen: net.minecraft.client.gui.screens.LevelLoadingScreen@41a2971a
[22:45:48] [Render thread/INFO] (Minecraft) Resizing Dynamic Transforms UBO, capacity limit of 4 reached during a single frame. New capacity will be 8.
[22:45:48] [Render thread/INFO] (fabric-client-gametest-api-v1) World loading finished: ClientLevel screen: net.minecraft.client.gui.screens.LevelLoadingScreen@41a2971a
[22:45:48] [Render thread/INFO] (Minecraft) Resizing Dynamic Transforms UBO, capacity limit of 8 reached during a single frame. New capacity will be 16.
[22:45:48] [Render thread/INFO] (fabric-client-gametest-api-v1) World loading finished: ClientLevel screen: net.minecraft.client.gui.screens.LevelLoadingScreen@41a2971a
[22:45:48] [Render thread/INFO] (fabric-client-gametest-api-v1) World loading finished: ClientLevel screen: net.minecraft.client.gui.screens.LevelLoadingScreen@41a2971a
[22:45:48] [Render thread/INFO] (Minecraft) Resizing Chunk Sections UBO, capacity limit of 2 reached during a single frame. New capacity will be 4.
[22:45:48] [Render thread/INFO] (Minecraft) Resizing Chunk Sections UBO, capacity limit of 4 reached during a single frame. New capacity will be 8.
[22:45:48] [Render thread/INFO] (Minecraft) Resizing Chunk Sections UBO, capacity limit of 8 reached during a single frame. New capacity will be 16.
[22:45:48] [Render thread/INFO] (fabric-client-gametest-api-v1) World loading finished: ClientLevel screen: net.minecraft.client.gui.screens.LevelLoadingScreen@41a2971a
[22:45:48] [Render thread/INFO] (Minecraft) Resizing Chunk Sections UBO, capacity limit of 16 reached during a single frame. New capacity will be 32.
[22:45:48] [Render thread/INFO] (fabric-client-gametest-api-v1) World loading finished: ClientLevel screen: net.minecraft.client.gui.screens.LevelLoadingScreen@41a2971a
[22:45:48] [Render thread/INFO] (fabric-client-gametest-api-v1) World loading finished: ClientLevel screen: net.minecraft.client.gui.screens.LevelLoadingScreen@41a2971a
[22:45:48] [Render thread/INFO] (fabric-client-gametest-api-v1) World loading finished: ClientLevel screen: net.minecraft.client.gui.screens.LevelLoadingScreen@41a2971a
[22:45:48] [Render thread/INFO] (fabric-client-gametest-api-v1) World loading finished: ClientLevel screen: net.minecraft.client.gui.screens.LevelLoadingScreen@41a2971a
[22:45:49] [Render thread/INFO] (fabric-client-gametest-api-v1) World loading finished: ClientLevel screen: net.minecraft.client.gui.screens.LevelLoadingScreen@41a2971a
[22:45:49] [Render thread/INFO] (fabric-client-gametest-api-v1) World loading finished: ClientLevel screen: net.minecraft.client.gui.screens.LevelLoadingScreen@41a2971a
[22:45:49] [Render thread/INFO] (fabric-client-gametest-api-v1) World loading finished: ClientLevel screen: net.minecraft.client.gui.screens.LevelLoadingScreen@41a2971a
[22:45:49] [Render thread/INFO] (fabric-client-gametest-api-v1) World loading finished: ClientLevel screen: net.minecraft.client.gui.screens.LevelLoadingScreen@41a2971a
[22:45:49] [Render thread/INFO] (fabric-client-gametest-api-v1) World loading finished: ClientLevel screen: net.minecraft.client.gui.screens.LevelLoadingScreen@41a2971a
[22:45:49] [Render thread/INFO] (fabric-client-gametest-api-v1) World loading finished: ClientLevel screen: net.minecraft.client.gui.screens.LevelLoadingScreen@41a2971a
[22:45:49] [Render thread/INFO] (fabric-client-gametest-api-v1) World loading finished: ClientLevel screen: net.minecraft.client.gui.screens.LevelLoadingScreen@41a2971a
[22:45:49] [Render thread/INFO] (fabric-client-gametest-api-v1) World loading finished: ClientLevel screen: null
[22:45:49] [Render thread/INFO] (Minecraft) Resizing Chunk Sections UBO, capacity limit of 32 reached during a single frame. New capacity will be 64.
[22:46:18] [Test thread/INFO] (MetalLifecycleGameTest) Metal benchmark scene: x=-1536 y=173 z=-128 yaw=22.500 roughness=32.938 minimumGroundY=103
[22:46:18] [Server thread/INFO] (Minecraft) Teleported Player927 to -1535.500000, 174.620000, -127.500000
[22:46:18] [Render thread/INFO] (MetalGpuSurface) MetalCraft surface configured: 3840x2160 presentMode=IMMEDIATE displaySync=false unlockedFrameRate=true
[22:46:18] [Render thread/INFO] (Minecraft) [System] [CHAT] [Server: Teleported Player927 to -1535.500000, 174.620000, -127.500000]
[22:46:19] [Test thread/INFO] (MetalLifecycleGameTest) Metal benchmark: rendering at 3840x2160, 16 chunks render distance, 16 chunks simulation distance
[22:46:19] [Render thread/INFO] (Minecraft) Reloading ResourceManager: vanilla, fabric-api, fabric-api-base, fabric-api-lookup-api-v1, fabric-biome-api-v1, fabric-block-api-v1, fabric-block-getter-api-v2, fabric-client-gametest-api-v1, fabric-command-api-v2, fabric-content-registries-v0, fabric-convention-tags-v2, fabric-crash-report-info-v1, fabric-creative-tab-api-v1, fabric-data-attachment-api-v1, fabric-data-generation-api-v1, fabric-debug-api-v1, fabric-dimensions-v1, fabric-entity-events-v1, fabric-events-interaction-v0, fabric-game-rule-api-v1, fabric-gametest-api-v1, fabric-item-api-v1, fabric-key-mapping-api-v1, fabric-lifecycle-events-v1, fabric-loot-api-v3, fabric-menu-api-v1, fabric-message-api-v1, fabric-model-loading-api-v1, fabric-networking-api-v1, fabric-object-builder-api-v1, fabric-particles-v1, fabric-permission-api-v1, fabric-recipe-api-v1, fabric-registry-sync-v0, fabric-renderer-api-v1, fabric-renderer-indigo, fabric-rendering-fluids-v1, fabric-rendering-v1, fabric-resource-conditions-api-v1, fabric-resource-loader-v0, fabric-resource-loader-v1, fabric-screen-api-v1, fabric-serialization-api-v1, fabric-sound-api-v1, fabric-tag-api-v1, fabric-transfer-api-v1, fabric-transitive-access-wideners-v1, fabricloader, metalcraft
[22:46:19] [Worker-Main-1/INFO] (Minecraft) Found unifont_all_no_pua-17.0.01.hex, loading
[22:46:19] [Worker-Main-2/INFO] (Minecraft) Found unifont_pua-17.0.01.hex, loading
[22:46:19] [Server thread/INFO] (Minecraft) Saving and pausing game...
[22:46:19] [Worker-Main-3/INFO] (Minecraft) Found unifont_jp_patch-17.0.01.hex, loading
[22:46:19] [Server thread/INFO] (Minecraft) Saving chunks for level 'ServerLevel[New World]'/minecraft:overworld
[22:46:19] [Server thread/INFO] (Minecraft) Saving chunks for level 'ServerLevel[New World]'/minecraft:the_end
[22:46:19] [Server thread/INFO] (Minecraft) Saving chunks for level 'ServerLevel[New World]'/minecraft:the_nether
[22:46:22] [Render thread/INFO] (Minecraft) OpenAL initialized on device DENON-AVR
[22:46:22] [Render thread/INFO] (Minecraft) Sound engine started
[22:46:22] [Render thread/INFO] (Minecraft) Created: 512x256x0 minecraft:textures/atlas/particles.png-atlas
[22:46:22] [Render thread/INFO] (Minecraft) Created: 128x128x0 minecraft:textures/atlas/decorated_pot.png-atlas
[22:46:22] [Render thread/INFO] (Minecraft) Created: 2048x1024x0 minecraft:textures/atlas/armor_trims.png-atlas
[22:46:22] [Render thread/INFO] (Minecraft) Created: 512x256x0 minecraft:textures/atlas/paintings.png-atlas
[22:46:22] [Render thread/INFO] (Minecraft) Created: 1024x512x0 minecraft:textures/atlas/shield_patterns.png-atlas
[22:46:22] [Render thread/INFO] (Minecraft) Created: 4096x4096x4 minecraft:textures/atlas/blocks.png-atlas
[22:46:22] [Render thread/INFO] (Minecraft) Created: 512x512x0 minecraft:textures/atlas/chest.png-atlas
[22:46:22] [Render thread/INFO] (Minecraft) Created: 256x128x0 minecraft:textures/atlas/celestials.png-atlas
[22:46:22] [Render thread/INFO] (Minecraft) Created: 1024x512x0 minecraft:textures/atlas/banner_patterns.png-atlas
[22:46:22] [Render thread/INFO] (Minecraft) Created: 1024x512x0 minecraft:textures/atlas/items.png-atlas
[22:46:22] [Render thread/INFO] (Minecraft) Created: 1024x1024x0 minecraft:textures/atlas/gui.png-atlas
[22:46:22] [Render thread/INFO] (Minecraft) Created: 128x64x0 minecraft:textures/atlas/map_decorations.png-atlas
[22:46:22] [Render thread/INFO] (Minecraft) Created: 512x512x0 minecraft:textures/atlas/shulker_boxes.png-atlas
[22:46:26] [Test thread/INFO] (MetalLifecycleGameTest) Metal benchmark: all 1057 server-tracked chunks received, light/render queues drained
[22:46:26] [Render thread/INFO] (Minecraft) Resizing Chunk Sections UBO, capacity limit of 64 reached during a single frame. New capacity will be 128.
[22:46:27] [Render thread/INFO] (Minecraft) Resizing Chunk Sections UBO, capacity limit of 128 reached during a single frame. New capacity will be 256.
[22:46:28] [Server thread/WARN] (Minecraft) Can't keep up! Is the server overloaded? Running 36590ms or 731 ticks behind
[22:46:29] [Render thread/INFO] (Minecraft) Resizing Chunk Sections UBO, capacity limit of 256 reached during a single frame. New capacity will be 512.
[22:46:31] [Worker-Main-5/ERROR] (Minecraft) Detected unsafe terrain read during worldgen: reading from chunk [-107, -14] while generating chunk [-107, -16] (distance: 2, write radius: 1), step: minecraft:features, currently generating: ResourceKey[minecraft:worldgen/placed_feature / minecraft:sculk_patch_deep_dark]
[22:46:31] [Worker-Main-5/ERROR] (Minecraft) Detected unsafe terrain read during worldgen: reading from chunk [-107, -14] while generating chunk [-107, -16] (distance: 2, write radius: 1), step: minecraft:features, currently generating: ResourceKey[minecraft:worldgen/placed_feature / minecraft:sculk_patch_deep_dark]
[22:46:31] [Worker-Main-5/ERROR] (Minecraft) Detected unsafe terrain read during worldgen: reading from chunk [-107, -14] while generating chunk [-107, -16] (distance: 2, write radius: 1), step: minecraft:features, currently generating: ResourceKey[minecraft:worldgen/placed_feature / minecraft:sculk_patch_deep_dark]
[22:46:31] [Worker-Main-5/ERROR] (Minecraft) Detected unsafe terrain read during worldgen: reading from chunk [-107, -14] while generating chunk [-107, -16] (distance: 2, write radius: 1), step: minecraft:features, currently generating: ResourceKey[minecraft:worldgen/placed_feature / minecraft:sculk_patch_deep_dark]
[22:46:31] [Worker-Main-5/ERROR] (Minecraft) Detected unsafe terrain read during worldgen: reading from chunk [-107, -14] while generating chunk [-107, -16] (distance: 2, write radius: 1), step: minecraft:features, currently generating: ResourceKey[minecraft:worldgen/placed_feature / minecraft:sculk_patch_deep_dark]
[22:46:31] [Worker-Main-5/ERROR] (Minecraft) Detected unsafe terrain read during worldgen: reading from chunk [-106, -14] while generating chunk [-107, -16] (distance: 2, write radius: 1), step: minecraft:features, currently generating: ResourceKey[minecraft:worldgen/placed_feature / minecraft:sculk_patch_deep_dark]
[22:46:31] [Worker-Main-5/ERROR] (Minecraft) Detected unsafe terrain read during worldgen: reading from chunk [-106, -14] while generating chunk [-107, -16] (distance: 2, write radius: 1), step: minecraft:features, currently generating: ResourceKey[minecraft:worldgen/placed_feature / minecraft:sculk_patch_deep_dark]
[22:46:31] [Worker-Main-5/ERROR] (Minecraft) Detected unsafe terrain read during worldgen: reading from chunk [-106, -14] while generating chunk [-107, -16] (distance: 2, write radius: 1), step: minecraft:features, currently generating: ResourceKey[minecraft:worldgen/placed_feature / minecraft:sculk_patch_deep_dark]
[22:46:31] [Worker-Main-5/ERROR] (Minecraft) Detected unsafe terrain read during worldgen: reading from chunk [-106, -14] while generating chunk [-107, -16] (distance: 2, write radius: 1), step: minecraft:features, currently generating: ResourceKey[minecraft:worldgen/placed_feature / minecraft:sculk_patch_deep_dark]
[22:46:31] [Worker-Main-5/ERROR] (Minecraft) Detected unsafe terrain read during worldgen: reading from chunk [-107, -14] while generating chunk [-107, -16] (distance: 2, write radius: 1), step: minecraft:features, currently generating: ResourceKey[minecraft:worldgen/placed_feature / minecraft:sculk_patch_deep_dark]
[22:46:31] [Worker-Main-5/ERROR] (Minecraft) Detected unsafe terrain read during worldgen: reading from chunk [-107, -14] while generating chunk [-107, -16] (distance: 2, write radius: 1), step: minecraft:features, currently generating: ResourceKey[minecraft:worldgen/placed_feature / minecraft:sculk_patch_deep_dark]
[22:46:31] [Worker-Main-5/ERROR] (Minecraft) Detected unsafe terrain read during worldgen: reading from chunk [-107, -14] while generating chunk [-107, -16] (distance: 2, write radius: 1), step: minecraft:features, currently generating: ResourceKey[minecraft:worldgen/placed_feature / minecraft:sculk_patch_deep_dark]
[22:46:31] [Worker-Main-5/ERROR] (Minecraft) Detected unsafe terrain read during worldgen: reading from chunk [-107, -14] while generating chunk [-107, -16] (distance: 2, write radius: 1), step: minecraft:features, currently generating: ResourceKey[minecraft:worldgen/placed_feature / minecraft:sculk_patch_deep_dark]
[22:46:31] [Worker-Main-5/ERROR] (Minecraft) Detected unsafe terrain read during worldgen: reading from chunk [-107, -14] while generating chunk [-107, -16] (distance: 2, write radius: 1), step: minecraft:features, currently generating: ResourceKey[minecraft:worldgen/placed_feature / minecraft:sculk_patch_deep_dark]
[22:46:31] [Worker-Main-5/ERROR] (Minecraft) Detected unsafe terrain read during worldgen: reading from chunk [-106, -14] while generating chunk [-107, -16] (distance: 2, write radius: 1), step: minecraft:features, currently generating: ResourceKey[minecraft:worldgen/placed_feature / minecraft:sculk_patch_deep_dark]
[22:46:31] [Worker-Main-5/ERROR] (Minecraft) Detected unsafe terrain read during worldgen: reading from chunk [-106, -14] while generating chunk [-107, -16] (distance: 2, write radius: 1), step: minecraft:features, currently generating: ResourceKey[minecraft:worldgen/placed_feature / minecraft:sculk_patch_deep_dark]
[22:46:31] [Worker-Main-5/ERROR] (Minecraft) Detected unsafe terrain read during worldgen: reading from chunk [-106, -14] while generating chunk [-107, -16] (distance: 2, write radius: 1), step: minecraft:features, currently generating: ResourceKey[minecraft:worldgen/placed_feature / minecraft:sculk_patch_deep_dark]
[22:46:31] [Worker-Main-5/ERROR] (Minecraft) Detected unsafe terrain read during worldgen: reading from chunk [-106, -14] while generating chunk [-107, -16] (distance: 2, write radius: 1), step: minecraft:features, currently generating: ResourceKey[minecraft:worldgen/placed_feature / minecraft:sculk_patch_deep_dark]
[22:46:31] [Worker-Main-5/ERROR] (Minecraft) Detected unsafe terrain read during worldgen: reading from chunk [-107, -14] while generating chunk [-107, -16] (distance: 2, write radius: 1), step: minecraft:features, currently generating: ResourceKey[minecraft:worldgen/placed_feature / minecraft:sculk_patch_deep_dark]
[22:46:31] [Worker-Main-5/ERROR] (Minecraft) Detected unsafe terrain read during worldgen: reading from chunk [-107, -14] while generating chunk [-107, -16] (distance: 2, write radius: 1), step: minecraft:features, currently generating: ResourceKey[minecraft:worldgen/placed_feature / minecraft:sculk_patch_deep_dark]
[22:46:31] [Worker-Main-5/ERROR] (Minecraft) Detected unsafe terrain read during worldgen: reading from chunk [-107, -14] while generating chunk [-107, -16] (distance: 2, write radius: 1), step: minecraft:features, currently generating: ResourceKey[minecraft:worldgen/placed_feature / minecraft:sculk_patch_deep_dark]
[22:46:31] [Worker-Main-5/ERROR] (Minecraft) Detected unsafe terrain read during worldgen: reading from chunk [-107, -14] while generating chunk [-107, -16] (distance: 2, write radius: 1), step: minecraft:features, currently generating: ResourceKey[minecraft:worldgen/placed_feature / minecraft:sculk_patch_deep_dark]
[22:46:31] [Worker-Main-5/ERROR] (Minecraft) Detected unsafe terrain read during worldgen: reading from chunk [-107, -14] while generating chunk [-107, -16] (distance: 2, write radius: 1), step: minecraft:features, currently generating: ResourceKey[minecraft:worldgen/placed_feature / minecraft:sculk_patch_deep_dark]
[22:46:31] [Worker-Main-5/ERROR] (Minecraft) Detected unsafe terrain read during worldgen: reading from chunk [-106, -14] while generating chunk [-107, -16] (distance: 2, write radius: 1), step: minecraft:features, currently generating: ResourceKey[minecraft:worldgen/placed_feature / minecraft:sculk_patch_deep_dark]
[22:46:31] [Worker-Main-5/ERROR] (Minecraft) Detected unsafe terrain read during worldgen: reading from chunk [-106, -14] while generating chunk [-107, -16] (distance: 2, write radius: 1), step: minecraft:features, currently generating: ResourceKey[minecraft:worldgen/placed_feature / minecraft:sculk_patch_deep_dark]
[22:46:31] [Worker-Main-5/ERROR] (Minecraft) Detected unsafe terrain read during worldgen: reading from chunk [-106, -14] while generating chunk [-107, -16] (distance: 2, write radius: 1), step: minecraft:features, currently generating: ResourceKey[minecraft:worldgen/placed_feature / minecraft:sculk_patch_deep_dark]
[22:46:31] [Worker-Main-5/ERROR] (Minecraft) Detected unsafe terrain read during worldgen: reading from chunk [-106, -14] while generating chunk [-107, -16] (distance: 2, write radius: 1), step: minecraft:features, currently generating: ResourceKey[minecraft:worldgen/placed_feature / minecraft:sculk_patch_deep_dark]
[22:46:32] [Worker-Main-14/ERROR] (Minecraft) Detected unsafe terrain read during worldgen: reading from chunk [-109, -9] while generating chunk [-108, -11] (distance: 2, write radius: 1), step: minecraft:features, currently generating: ResourceKey[minecraft:worldgen/placed_feature / minecraft:sculk_patch_deep_dark]
[22:46:32] [Worker-Main-14/ERROR] (Minecraft) Detected unsafe terrain read during worldgen: reading from chunk [-109, -9] while generating chunk [-108, -11] (distance: 2, write radius: 1), step: minecraft:features, currently generating: ResourceKey[minecraft:worldgen/placed_feature / minecraft:sculk_patch_deep_dark]
[22:46:32] [Worker-Main-14/ERROR] (Minecraft) Detected unsafe terrain read during worldgen: reading from chunk [-109, -9] while generating chunk [-108, -11] (distance: 2, write radius: 1), step: minecraft:features, currently generating: ResourceKey[minecraft:worldgen/placed_feature / minecraft:sculk_patch_deep_dark]
[22:46:32] [Worker-Main-14/ERROR] (Minecraft) Detected unsafe terrain read during worldgen: reading from chunk [-108, -9] while generating chunk [-108, -11] (distance: 2, write radius: 1), step: minecraft:features, currently generating: ResourceKey[minecraft:worldgen/placed_feature / minecraft:sculk_patch_deep_dark]
[22:46:32] [Worker-Main-14/ERROR] (Minecraft) Detected unsafe terrain read during worldgen: reading from chunk [-108, -9] while generating chunk [-108, -11] (distance: 2, write radius: 1), step: minecraft:features, currently generating: ResourceKey[minecraft:worldgen/placed_feature / minecraft:sculk_patch_deep_dark]
[22:46:32] [Worker-Main-14/ERROR] (Minecraft) Detected unsafe terrain read during worldgen: reading from chunk [-108, -9] while generating chunk [-108, -11] (distance: 2, write radius: 1), step: minecraft:features, currently generating: ResourceKey[minecraft:worldgen/placed_feature / minecraft:sculk_patch_deep_dark]
[22:46:32] [Worker-Main-14/ERROR] (Minecraft) Detected unsafe terrain read during worldgen: reading from chunk [-108, -9] while generating chunk [-108, -11] (distance: 2, write radius: 1), step: minecraft:features, currently generating: ResourceKey[minecraft:worldgen/placed_feature / minecraft:sculk_patch_deep_dark]
[22:46:32] [Worker-Main-14/ERROR] (Minecraft) Detected unsafe terrain read during worldgen: reading from chunk [-108, -9] while generating chunk [-108, -11] (distance: 2, write radius: 1), step: minecraft:features, currently generating: ResourceKey[minecraft:worldgen/placed_feature / minecraft:sculk_patch_deep_dark]
[22:46:32] [Worker-Main-14/ERROR] (Minecraft) Detected unsafe terrain read during worldgen: reading from chunk [-108, -9] while generating chunk [-108, -11] (distance: 2, write radius: 1), step: minecraft:features, currently generating: ResourceKey[minecraft:worldgen/placed_feature / minecraft:sculk_patch_deep_dark]
[22:46:32] [Worker-Main-14/ERROR] (Minecraft) Detected unsafe terrain read during worldgen: reading from chunk [-109, -9] while generating chunk [-108, -11] (distance: 2, write radius: 1), step: minecraft:features, currently generating: ResourceKey[minecraft:worldgen/placed_feature / minecraft:sculk_patch_deep_dark]
[22:46:32] [Worker-Main-14/ERROR] (Minecraft) Detected unsafe terrain read during worldgen: reading from chunk [-109, -9] while generating chunk [-108, -11] (distance: 2, write radius: 1), step: minecraft:features, currently generating: ResourceKey[minecraft:worldgen/placed_feature / minecraft:sculk_patch_deep_dark]
[22:46:32] [Worker-Main-14/ERROR] (Minecraft) Detected unsafe terrain read during worldgen: reading from chunk [-109, -9] while generating chunk [-108, -11] (distance: 2, write radius: 1), step: minecraft:features, currently generating: ResourceKey[minecraft:worldgen/placed_feature / minecraft:sculk_patch_deep_dark]
[22:46:32] [Worker-Main-14/ERROR] (Minecraft) Detected unsafe terrain read during worldgen: reading from chunk [-108, -9] while generating chunk [-108, -11] (distance: 2, write radius: 1), step: minecraft:features, currently generating: ResourceKey[minecraft:worldgen/placed_feature / minecraft:sculk_patch_deep_dark]
[22:46:32] [Worker-Main-14/ERROR] (Minecraft) Detected unsafe terrain read during worldgen: reading from chunk [-108, -9] while generating chunk [-108, -11] (distance: 2, write radius: 1), step: minecraft:features, currently generating: ResourceKey[minecraft:worldgen/placed_feature / minecraft:sculk_patch_deep_dark]
[22:46:32] [Worker-Main-14/ERROR] (Minecraft) Detected unsafe terrain read during worldgen: reading from chunk [-108, -9] while generating chunk [-108, -11] (distance: 2, write radius: 1), step: minecraft:features, currently generating: ResourceKey[minecraft:worldgen/placed_feature / minecraft:sculk_patch_deep_dark]
[22:46:32] [Worker-Main-14/ERROR] (Minecraft) Detected unsafe terrain read during worldgen: reading from chunk [-108, -9] while generating chunk [-108, -11] (distance: 2, write radius: 1), step: minecraft:features, currently generating: ResourceKey[minecraft:worldgen/placed_feature / minecraft:sculk_patch_deep_dark]
[22:46:32] [Worker-Main-14/ERROR] (Minecraft) Detected unsafe terrain read during worldgen: reading from chunk [-108, -9] while generating chunk [-108, -11] (distance: 2, write radius: 1), step: minecraft:features, currently generating: ResourceKey[minecraft:worldgen/placed_feature / minecraft:sculk_patch_deep_dark]
[22:46:32] [Worker-Main-14/ERROR] (Minecraft) Detected unsafe terrain read during worldgen: reading from chunk [-108, -9] while generating chunk [-108, -11] (distance: 2, write radius: 1), step: minecraft:features, currently generating: ResourceKey[minecraft:worldgen/placed_feature / minecraft:sculk_patch_deep_dark]
[22:46:32] [Worker-Main-14/ERROR] (Minecraft) Detected unsafe terrain read during worldgen: reading from chunk [-109, -9] while generating chunk [-108, -11] (distance: 2, write radius: 1), step: minecraft:features, currently generating: ResourceKey[minecraft:worldgen/placed_feature / minecraft:sculk_patch_deep_dark]
[22:46:32] [Worker-Main-14/ERROR] (Minecraft) Detected unsafe terrain read during worldgen: reading from chunk [-109, -9] while generating chunk [-108, -11] (distance: 2, write radius: 1), step: minecraft:features, currently generating: ResourceKey[minecraft:worldgen/placed_feature / minecraft:sculk_patch_deep_dark]
[22:46:32] [Worker-Main-14/ERROR] (Minecraft) Detected unsafe terrain read during worldgen: reading from chunk [-109, -9] while generating chunk [-108, -11] (distance: 2, write radius: 1), step: minecraft:features, currently generating: ResourceKey[minecraft:worldgen/placed_feature / minecraft:sculk_patch_deep_dark]
[22:46:32] [Worker-Main-14/ERROR] (Minecraft) Detected unsafe terrain read during worldgen: reading from chunk [-108, -9] while generating chunk [-108, -11] (distance: 2, write radius: 1), step: minecraft:features, currently generating: ResourceKey[minecraft:worldgen/placed_feature / minecraft:sculk_patch_deep_dark]
[22:46:32] [Worker-Main-14/ERROR] (Minecraft) Detected unsafe terrain read during worldgen: reading from chunk [-108, -9] while generating chunk [-108, -11] (distance: 2, write radius: 1), step: minecraft:features, currently generating: ResourceKey[minecraft:worldgen/placed_feature / minecraft:sculk_patch_deep_dark]
[22:46:32] [Worker-Main-14/ERROR] (Minecraft) Detected unsafe terrain read during worldgen: reading from chunk [-108, -9] while generating chunk [-108, -11] (distance: 2, write radius: 1), step: minecraft:features, currently generating: ResourceKey[minecraft:worldgen/placed_feature / minecraft:sculk_patch_deep_dark]
[22:46:32] [Worker-Main-14/ERROR] (Minecraft) Detected unsafe terrain read during worldgen: reading from chunk [-108, -9] while generating chunk [-108, -11] (distance: 2, write radius: 1), step: minecraft:features, currently generating: ResourceKey[minecraft:worldgen/placed_feature / minecraft:sculk_patch_deep_dark]
[22:46:32] [Worker-Main-14/ERROR] (Minecraft) Detected unsafe terrain read during worldgen: reading from chunk [-108, -9] while generating chunk [-108, -11] (distance: 2, write radius: 1), step: minecraft:features, currently generating: ResourceKey[minecraft:worldgen/placed_feature / minecraft:sculk_patch_deep_dark]
[22:46:32] [Worker-Main-14/ERROR] (Minecraft) Detected unsafe terrain read during worldgen: reading from chunk [-108, -9] while generating chunk [-108, -11] (distance: 2, write radius: 1), step: minecraft:features, currently generating: ResourceKey[minecraft:worldgen/placed_feature / minecraft:sculk_patch_deep_dark]
[22:46:32] [Worker-Main-14/ERROR] (Minecraft) Detected unsafe terrain read during worldgen: reading from chunk [-109, -9] while generating chunk [-108, -11] (distance: 2, write radius: 1), step: minecraft:features, currently generating: ResourceKey[minecraft:worldgen/placed_feature / minecraft:sculk_patch_deep_dark]
[22:46:32] [Worker-Main-14/ERROR] (Minecraft) Detected unsafe terrain read during worldgen: reading from chunk [-109, -9] while generating chunk [-108, -11] (distance: 2, write radius: 1), step: minecraft:features, currently generating: ResourceKey[minecraft:worldgen/placed_feature / minecraft:sculk_patch_deep_dark]
[22:46:32] [Worker-Main-14/ERROR] (Minecraft) Detected unsafe terrain read during worldgen: reading from chunk [-108, -9] while generating chunk [-108, -11] (distance: 2, write radius: 1), step: minecraft:features, currently generating: ResourceKey[minecraft:worldgen/placed_feature / minecraft:sculk_patch_deep_dark]
[22:46:32] [Worker-Main-14/ERROR] (Minecraft) Detected unsafe terrain read during worldgen: reading from chunk [-108, -9] while generating chunk [-108, -11] (distance: 2, write radius: 1), step: minecraft:features, currently generating: ResourceKey[minecraft:worldgen/placed_feature / minecraft:sculk_patch_deep_dark]
[22:46:32] [Worker-Main-14/ERROR] (Minecraft) Detected unsafe terrain read during worldgen: reading from chunk [-108, -9] while generating chunk [-108, -11] (distance: 2, write radius: 1), step: minecraft:features, currently generating: ResourceKey[minecraft:worldgen/placed_feature / minecraft:sculk_patch_deep_dark]
[22:46:32] [Worker-Main-14/ERROR] (Minecraft) Detected unsafe terrain read during worldgen: reading from chunk [-108, -9] while generating chunk [-108, -11] (distance: 2, write radius: 1), step: minecraft:features, currently generating: ResourceKey[minecraft:worldgen/placed_feature / minecraft:sculk_patch_deep_dark]
[22:46:32] [Worker-Main-14/ERROR] (Minecraft) Detected unsafe terrain read during worldgen: reading from chunk [-108, -9] while generating chunk [-108, -11] (distance: 2, write radius: 1), step: minecraft:features, currently generating: ResourceKey[minecraft:worldgen/placed_feature / minecraft:sculk_patch_deep_dark]
[22:46:32] [Worker-Main-14/ERROR] (Minecraft) Detected unsafe terrain read during worldgen: reading from chunk [-108, -9] while generating chunk [-108, -11] (distance: 2, write radius: 1), step: minecraft:features, currently generating: ResourceKey[minecraft:worldgen/placed_feature / minecraft:sculk_patch_deep_dark]
[22:46:32] [Worker-Main-14/ERROR] (Minecraft) Detected unsafe terrain read during worldgen: reading from chunk [-108, -9] while generating chunk [-108, -11] (distance: 2, write radius: 1), step: minecraft:features, currently generating: ResourceKey[minecraft:worldgen/placed_feature / minecraft:sculk_patch_deep_dark]
[22:46:32] [Worker-Main-14/ERROR] (Minecraft) Detected unsafe terrain read during worldgen: reading from chunk [-109, -9] while generating chunk [-108, -11] (distance: 2, write radius: 1), step: minecraft:features, currently generating: ResourceKey[minecraft:worldgen/placed_feature / minecraft:sculk_patch_deep_dark]
[22:46:32] [Worker-Main-14/ERROR] (Minecraft) Detected unsafe terrain read during worldgen: reading from chunk [-109, -9] while generating chunk [-108, -11] (distance: 2, write radius: 1), step: minecraft:features, currently generating: ResourceKey[minecraft:worldgen/placed_feature / minecraft:sculk_patch_deep_dark]
[22:46:32] [Worker-Main-14/ERROR] (Minecraft) Detected unsafe terrain read during worldgen: reading from chunk [-108, -9] while generating chunk [-108, -11] (distance: 2, write radius: 1), step: minecraft:features, currently generating: ResourceKey[minecraft:worldgen/placed_feature / minecraft:sculk_patch_deep_dark]
[22:46:32] [Worker-Main-14/ERROR] (Minecraft) Detected unsafe terrain read during worldgen: reading from chunk [-108, -9] while generating chunk [-108, -11] (distance: 2, write radius: 1), step: minecraft:features, currently generating: ResourceKey[minecraft:worldgen/placed_feature / minecraft:sculk_patch_deep_dark]
[22:46:32] [Worker-Main-14/ERROR] (Minecraft) Detected unsafe terrain read during worldgen: reading from chunk [-108, -9] while generating chunk [-108, -11] (distance: 2, write radius: 1), step: minecraft:features, currently generating: ResourceKey[minecraft:worldgen/placed_feature / minecraft:sculk_patch_deep_dark]
[22:46:32] [Worker-Main-14/ERROR] (Minecraft) Detected unsafe terrain read during worldgen: reading from chunk [-108, -9] while generating chunk [-108, -11] (distance: 2, write radius: 1), step: minecraft:features, currently generating: ResourceKey[minecraft:worldgen/placed_feature / minecraft:sculk_patch_deep_dark]
[22:46:32] [Worker-Main-14/ERROR] (Minecraft) Detected unsafe terrain read during worldgen: reading from chunk [-108, -9] while generating chunk [-108, -11] (distance: 2, write radius: 1), step: minecraft:features, currently generating: ResourceKey[minecraft:worldgen/placed_feature / minecraft:sculk_patch_deep_dark]
[22:46:32] [Worker-Main-14/ERROR] (Minecraft) Detected unsafe terrain read during worldgen: reading from chunk [-108, -9] while generating chunk [-108, -11] (distance: 2, write radius: 1), step: minecraft:features, currently generating: ResourceKey[minecraft:worldgen/placed_feature / minecraft:sculk_patch_deep_dark]
[22:46:32] [Worker-Main-14/ERROR] (Minecraft) Detected unsafe terrain read during worldgen: reading from chunk [-108, -9] while generating chunk [-108, -11] (distance: 2, write radius: 1), step: minecraft:features, currently generating: ResourceKey[minecraft:worldgen/placed_feature / minecraft:sculk_patch_deep_dark]
[22:46:32] [Worker-Main-14/ERROR] (Minecraft) Detected unsafe terrain read during worldgen: reading from chunk [-109, -9] while generating chunk [-108, -11] (distance: 2, write radius: 1), step: minecraft:features, currently generating: ResourceKey[minecraft:worldgen/placed_feature / minecraft:sculk_patch_deep_dark]
[22:46:32] [Worker-Main-14/ERROR] (Minecraft) Detected unsafe terrain read during worldgen: reading from chunk [-109, -9] while generating chunk [-108, -11] (distance: 2, write radius: 1), step: minecraft:features, currently generating: ResourceKey[minecraft:worldgen/placed_feature / minecraft:sculk_patch_deep_dark]
[22:46:32] [Worker-Main-14/ERROR] (Minecraft) Detected unsafe terrain read during worldgen: reading from chunk [-108, -9] while generating chunk [-108, -11] (distance: 2, write radius: 1), step: minecraft:features, currently generating: ResourceKey[minecraft:worldgen/placed_feature / minecraft:sculk_patch_deep_dark]
[22:46:32] [Worker-Main-14/ERROR] (Minecraft) Detected unsafe terrain read during worldgen: reading from chunk [-108, -9] while generating chunk [-108, -11] (distance: 2, write radius: 1), step: minecraft:features, currently generating: ResourceKey[minecraft:worldgen/placed_feature / minecraft:sculk_patch_deep_dark]
[22:46:32] [Worker-Main-14/ERROR] (Minecraft) Detected unsafe terrain read during worldgen: reading from chunk [-108, -9] while generating chunk [-108, -11] (distance: 2, write radius: 1), step: minecraft:features, currently generating: ResourceKey[minecraft:worldgen/placed_feature / minecraft:sculk_patch_deep_dark]
[22:46:32] [Worker-Main-14/ERROR] (Minecraft) Detected unsafe terrain read during worldgen: reading from chunk [-108, -9] while generating chunk [-108, -11] (distance: 2, write radius: 1), step: minecraft:features, currently generating: ResourceKey[minecraft:worldgen/placed_feature / minecraft:sculk_patch_deep_dark]
[22:46:32] [Worker-Main-14/ERROR] (Minecraft) Detected unsafe terrain read during worldgen: reading from chunk [-108, -9] while generating chunk [-108, -11] (distance: 2, write radius: 1), step: minecraft:features, currently generating: ResourceKey[minecraft:worldgen/placed_feature / minecraft:sculk_patch_deep_dark]
[22:46:32] [Worker-Main-14/ERROR] (Minecraft) Detected unsafe terrain read during worldgen: reading from chunk [-108, -9] while generating chunk [-108, -11] (distance: 2, write radius: 1), step: minecraft:features, currently generating: ResourceKey[minecraft:worldgen/placed_feature / minecraft:sculk_patch_deep_dark]
[22:46:32] [Worker-Main-14/ERROR] (Minecraft) Detected unsafe terrain read during worldgen: reading from chunk [-108, -9] while generating chunk [-108, -11] (distance: 2, write radius: 1), step: minecraft:features, currently generating: ResourceKey[minecraft:worldgen/placed_feature / minecraft:sculk_patch_deep_dark]
[22:46:35] [Render thread/INFO] (Minecraft) Resizing Chunk Sections UBO, capacity limit of 512 reached during a single frame. New capacity will be 1024.
[22:46:42] [Render thread/INFO] (Minecraft) Resizing Chunk Sections UBO, capacity limit of 1024 reached during a single frame. New capacity will be 2048.
[22:46:42] [Render thread/INFO] (Minecraft) Resizing Dynamic Transforms UBO, capacity limit of 16 reached during a single frame. New capacity will be 32.
[22:46:43] [Test thread/INFO] (MetalLifecycleGameTest) Metal benchmark scene: featureless frame fraction 0.758
[22:46:43] [Test thread/INFO] (MetalLifecycleGameTest) Metal benchmark scene: renderer is drawing 871 chunk sections
[22:46:43] [Server thread/INFO] (Minecraft) Teleported Player927 to -1535.500000, 174.620000, -127.500000
[22:46:43] [Render thread/INFO] (Minecraft) [System] [CHAT] [Server: Teleported Player927 to -1535.500000, 174.620000, -127.500000]
[22:46:51] [Test thread/INFO] (MetalLifecycleGameTest) Metal benchmark: phase=stationary#1 frames=337 seconds=2.8 avgFps=122.4 onePercentLow=66.6 pointOnePercentLow=64.1 p50CpuMs=1.710 p95CpuMs=2.048 p99CpuMs=2.271 p50IntervalMs=6.922 p99IntervalMs=14.791 worstIntervalMs=15.597 p50AcquireMs=5.016 p99AcquireMs=13.137 p50OutsideLoopMs=0.037 p99OutsideLoopMs=0.063
[22:46:51] [Test thread/INFO] (MetalLifecycleGameTest) Metal benchmark stall: phase=stationary#1 whole-phase render_frame=2665.304ms/337 acquire=2071.338ms/337 gpu_frame=1418.248ms/337 command_batch=110.946ms/1011 85.5MiB client_tick=42.534ms/55 client_post_tasks=18.385ms/337 jvm_gc=6.000ms/1 client_packets=5.527ms/337 client_tasks=4.535ms/337 client_post_render=3.388ms/337 submit=3.118ms/337 buffer_map=3.044ms/5110 162.7MiB client_pre_frame=1.971ms/337 upload_copy=1.928ms/890 6.4MiB buffer_create=1.845ms/127 31.8MiB lod_prepare=1.434ms/337 level_end_frame=0.910ms/337 resource_release=0.644ms/127 31.8MiB client_pre_render=0.563ms/337 harness_handoff=0.515ms/72 arena_wait=0.239ms/337 present=0.181ms/337 task_drain=0.109ms/337 client_gizmos=0.053ms/55 render_pass_merge=0.000ms/4718
[22:46:51] [Test thread/INFO] (MetalLifecycleGameTest) Metal benchmark stall: phase=stationary#1 worst-1% render_frame=45.178ms/3 acquire=40.302ms/3 gpu_frame=21.557ms/3 command_batch=0.977ms/9 0.8MiB buffer_map=0.026ms/45 1.4MiB upload_copy=0.022ms/10 0.1MiB resource_release=0.022ms/6 1.5MiB submit=0.021ms/3 client_post_render=0.020ms/3 client_pre_frame=0.014ms/3 lod_prepare=0.010ms/3 level_end_frame=0.008ms/3 client_pre_render=0.004ms/3 arena_wait=0.004ms/3 present=0.002ms/3 client_post_tasks=0.001ms/3 client_tasks=0.001ms/3 task_drain=0.001ms/3 client_packets=0.000ms/3 render_pass_merge=0.000ms/42
[22:46:51] [Test thread/INFO] (MetalLifecycleGameTest) Metal benchmark stall: phase=stationary#1 tasks total=0.000ms/0
[22:46:51] [Test thread/INFO] (MetalLifecycleGameTest) Metal benchmark stall: phase=stationary#1 gpuPassSpans sumOfSpans=783.480ms/2646 Sky disc=415.520ms/366 Immediate draw with minecraft:pipeline/item_cutout=190.768ms/366 Immediate draw with minecraft:pipeline/entity_translucent=95.291ms/366 GUI before blur=61.844ms/366 (depth clear)=11.539ms/732 Animate minecraft:textures/atlas/blocks.png=6.335ms/300 Animate minecraft:textures/atlas/particles.png=1.042ms/60 Update light=0.689ms/60 Animate minecraft:textures/atlas/gui.png=0.452ms/30
[22:46:51] [Test thread/INFO] (MetalLifecycleGameTest) Metal benchmark stall: phase=stationary#1 frame=149 intervalMs=15.597 cpuMs=1.739 outsideLoopMs=0.030 render_frame=15.553ms/1 acquire=13.791ms/1 gpu_frame=8.397ms/1 command_batch=0.325ms/3 0.3MiB resource_release=0.022ms/6 1.5MiB upload_copy=0.012ms/2 0.0MiB buffer_map=0.012ms/15 0.5MiB client_post_render=0.008ms/1 submit=0.007ms/1 client_pre_frame=0.006ms/1 lod_prepare=0.003ms/1 arena_wait=0.003ms/1 level_end_frame=0.003ms/1 client_pre_render=0.001ms/1 present=0.001ms/1 client_post_tasks=0.000ms/1 client_tasks=0.000ms/1 client_packets=0.000ms/1 task_drain=0.000ms/1 render_pass_merge=0.000ms/14 unphasedMs=-0.002
[22:46:51] [Test thread/INFO] (MetalLifecycleGameTest) Metal benchmark stall: phase=stationary#1 frame=221 intervalMs=14.859 cpuMs=1.666 outsideLoopMs=0.021 render_frame=14.827ms/1 acquire=13.137ms/1 gpu_frame=6.633ms/1 command_batch=0.367ms/3 0.3MiB submit=0.008ms/1 buffer_map=0.007ms/15 0.5MiB client_post_render=0.006ms/1 client_pre_frame=0.004ms/1 upload_copy=0.004ms/2 0.0MiB level_end_frame=0.003ms/1 lod_prepare=0.003ms/1 client_pre_render=0.001ms/1 present=0.000ms/1 client_tasks=0.000ms/1 arena_wait=0.000ms/1 client_post_tasks=0.000ms/1 task_drain=0.000ms/1 client_packets=0.000ms/1 render_pass_merge=0.000ms/14 unphasedMs=-0.001
[22:46:51] [Test thread/INFO] (MetalLifecycleGameTest) Metal benchmark stall: phase=stationary#1 frame=262 intervalMs=14.847 cpuMs=1.402 outsideLoopMs=0.035 render_frame=14.797ms/1 acquire=13.374ms/1 gpu_frame=6.527ms/1 command_batch=0.285ms/3 0.3MiB upload_copy=0.007ms/6 0.1MiB buffer_map=0.007ms/15 0.5MiB client_post_render=0.006ms/1 submit=0.006ms/1 client_pre_frame=0.005ms/1 lod_prepare=0.004ms/1 level_end_frame=0.003ms/1 client_pre_render=0.002ms/1 present=0.001ms/1 client_post_tasks=0.001ms/1 client_tasks=0.001ms/1 arena_wait=0.000ms/1 task_drain=0.000ms/1 client_packets=0.000ms/1 render_pass_merge=0.000ms/14 unphasedMs=0.001
[22:46:51] [Test thread/INFO] (MetalLifecycleGameTest) Metal benchmark stall: phase=stationary#1 frame=286 intervalMs=14.791 cpuMs=1.463 outsideLoopMs=0.040 render_frame=14.732ms/1 acquire=13.247ms/1 gpu_frame=6.436ms/1 command_batch=0.274ms/3 0.3MiB buffer_map=0.008ms/15 0.5MiB client_pre_frame=0.007ms/1 submit=0.007ms/1 client_post_render=0.007ms/1 lod_prepare=0.005ms/1 upload_copy=0.005ms/2 0.0MiB level_end_frame=0.002ms/1 client_pre_render=0.002ms/1 client_tasks=0.001ms/1 client_post_tasks=0.001ms/1 arena_wait=0.001ms/1 present=0.000ms/1 task_drain=0.000ms/1 client_packets=0.000ms/1 render_pass_merge=0.000ms/14 unphasedMs=0.002
[22:46:51] [Test thread/INFO] (MetalLifecycleGameTest) Metal benchmark stall: phase=stationary#1 frame=183 intervalMs=14.767 cpuMs=1.889 outsideLoopMs=0.032 render_frame=14.722ms/1 acquire=12.802ms/1 gpu_frame=6.461ms/1 command_batch=0.379ms/3 0.3MiB buffer_map=0.010ms/15 0.5MiB submit=0.010ms/1 client_post_render=0.009ms/1 upload_copy=0.005ms/2 0.0MiB client_pre_frame=0.004ms/1 lod_prepare=0.004ms/1 level_end_frame=0.003ms/1 client_pre_render=0.002ms/1 arena_wait=0.001ms/1 present=0.001ms/1 client_post_tasks=0.000ms/1 client_tasks=0.000ms/1 task_drain=0.000ms/1 client_packets=0.000ms/1 render_pass_merge=0.000ms/14 unphasedMs=-0.002
[22:46:51] [Test thread/INFO] (MetalLifecycleGameTest) Metal benchmark stall: phase=stationary#1 frame=215 intervalMs=14.737 cpuMs=1.885 outsideLoopMs=0.021 render_frame=14.706ms/1 acquire=12.793ms/1 gpu_frame=6.696ms/1 command_batch=0.414ms/3 0.3MiB buffer_map=0.010ms/15 0.5MiB submit=0.010ms/1 client_post_render=0.006ms/1 upload_copy=0.005ms/2 0.0MiB client_pre_frame=0.004ms/1 level_end_frame=0.003ms/1 lod_prepare=0.002ms/1 client_pre_render=0.001ms/1 present=0.001ms/1 arena_wait=0.001ms/1 client_post_tasks=0.000ms/1 client_packets=0.000ms/1 client_tasks=0.000ms/1 task_drain=0.000ms/1 render_pass_merge=0.000ms/14 unphasedMs=-0.002
[22:46:51] [Test thread/INFO] (MetalLifecycleGameTest) Metal benchmark stall: phase=stationary#1 frame=33 intervalMs=14.714 cpuMs=1.628 outsideLoopMs=0.037 render_frame=14.663ms/1 acquire=13.009ms/1 gpu_frame=6.585ms/1 command_batch=0.304ms/3 0.3MiB client_post_render=0.012ms/1 upload_copy=0.010ms/6 0.2MiB buffer_map=0.008ms/15 0.5MiB submit=0.008ms/1 lod_prepare=0.004ms/1 client_pre_frame=0.004ms/1 level_end_frame=0.002ms/1 client_pre_render=0.002ms/1 arena_wait=0.001ms/1 client_tasks=0.001ms/1 present=0.001ms/1 client_post_tasks=0.001ms/1 task_drain=0.000ms/1 client_packets=0.000ms/1 render_pass_merge=0.000ms/14 unphasedMs=-0.005
[22:46:51] [Test thread/INFO] (MetalLifecycleGameTest) Metal benchmark stall: phase=stationary#1 frame=135 intervalMs=14.711 cpuMs=1.807 outsideLoopMs=0.027 render_frame=14.672ms/1 acquire=12.839ms/1 gpu_frame=6.305ms/1 command_batch=0.355ms/3 0.3MiB buffer_map=0.011ms/15 0.5MiB upload_copy=0.009ms/6 0.2MiB submit=0.008ms/1 client_post_render=0.008ms/1 client_pre_frame=0.004ms/1 lod_prepare=0.003ms/1 level_end_frame=0.002ms/1 client_pre_render=0.001ms/1 arena_wait=0.001ms/1 present=0.000ms/1 client_post_tasks=0.000ms/1 client_tasks=0.000ms/1 task_drain=0.000ms/1 client_packets=0.000ms/1 render_pass_merge=0.000ms/14 unphasedMs=-0.002
[22:46:54] [Test thread/INFO] (MetalLifecycleGameTest) Metal benchmark: phase=pan#1 frames=345 seconds=2.7 avgFps=126.0 onePercentLow=61.9 pointOnePercentLow=60.4 p50CpuMs=1.396 p95CpuMs=1.927 p99CpuMs=2.145 p50IntervalMs=6.967 p99IntervalMs=15.920 worstIntervalMs=16.546 p50AcquireMs=5.544 p99AcquireMs=14.403 p50OutsideLoopMs=0.034 p99OutsideLoopMs=0.060
[22:46:54] [Test thread/INFO] (MetalLifecycleGameTest) Metal benchmark stall: phase=pan#1 whole-phase render_frame=2654.299ms/345 acquire=2154.778ms/345 gpu_frame=1510.565ms/345 command_batch=81.418ms/1035 59.8MiB client_tick=38.462ms/54 client_post_tasks=17.270ms/345 client_tasks=5.689ms/345 client_packets=4.602ms/345 submit=3.159ms/345 jvm_gc=3.000ms/1 buffer_map=2.858ms/5391 95.8MiB upload_copy=2.572ms/1651 28.7MiB client_post_render=2.179ms/345 client_pre_frame=1.984ms/345 lod_prepare=1.531ms/345 buffer_create=1.419ms/89 24.8MiB level_end_frame=0.949ms/345 client_pre_render=0.598ms/345 harness_handoff=0.467ms/66 resource_release=0.459ms/89 24.3MiB arena_wait=0.243ms/345 present=0.210ms/345 task_drain=0.122ms/345 client_gizmos=0.053ms/54 render_pass_merge=0.000ms/4317
[22:46:54] [Test thread/INFO] (MetalLifecycleGameTest) Metal benchmark stall: phase=pan#1 worst-1% render_frame=48.626ms/3 acquire=44.280ms/3 gpu_frame=19.584ms/3 command_batch=0.785ms/9 0.7MiB buffer_map=0.024ms/45 0.9MiB submit=0.022ms/3 upload_copy=0.018ms/10 0.1MiB client_post_render=0.013ms/3 client_pre_frame=0.013ms/3 lod_prepare=0.010ms/3 level_end_frame=0.007ms/3 client_pre_render=0.004ms/3 arena_wait=0.002ms/3 present=0.002ms/3 client_post_tasks=0.001ms/3 client_tasks=0.001ms/3 task_drain=0.001ms/3 client_packets=0.000ms/3 render_pass_merge=0.000ms/39
[22:46:54] [Test thread/INFO] (MetalLifecycleGameTest) Metal benchmark stall: phase=pan#1 tasks total=0.000ms/0
[22:46:54] [Test thread/INFO] (MetalLifecycleGameTest) Metal benchmark stall: phase=pan#1 gpuPassSpans sumOfSpans=700.091ms/2694 Sky disc=334.731ms/374 Immediate draw with minecraft:pipeline/item_cutout=101.331ms/205 Immediate draw with minecraft:pipeline/entity_translucent=97.219ms/374 Immediate draw with minecraft:pipeline/entity_cutout=78.453ms/169 GUI before blur=62.794ms/374 (depth clear)=11.798ms/748 Animate minecraft:textures/atlas/blocks.png=9.663ms/300 Animate minecraft:textures/atlas/particles.png=2.494ms/60 Update light=0.912ms/60 Animate minecraft:textures/atlas/gui.png=0.697ms/30
[22:46:54] [Test thread/INFO] (MetalLifecycleGameTest) Metal benchmark stall: phase=pan#1 frame=278 intervalMs=16.546 cpuMs=1.648 outsideLoopMs=0.021 render_frame=16.515ms/1 acquire=14.840ms/1 gpu_frame=6.520ms/1 command_batch=0.337ms/3 0.2MiB buffer_map=0.010ms/15 0.3MiB submit=0.008ms/1 upload_copy=0.005ms/2 0.0MiB client_pre_frame=0.004ms/1 client_post_render=0.004ms/1 level_end_frame=0.003ms/1 lod_prepare=0.002ms/1 client_pre_render=0.001ms/1 arena_wait=0.001ms/1 present=0.001ms/1 client_post_tasks=0.000ms/1 client_tasks=0.000ms/1 task_drain=0.000ms/1 client_packets=0.000ms/1 render_pass_merge=0.000ms/15 unphasedMs=0.000
[22:46:54] [Test thread/INFO] (MetalLifecycleGameTest) Metal benchmark stall: phase=pan#1 frame=259 intervalMs=16.222 cpuMs=1.214 outsideLoopMs=0.023 render_frame=16.188ms/1 acquire=14.948ms/1 gpu_frame=6.496ms/1 command_batch=0.225ms/3 0.2MiB submit=0.006ms/1 buffer_map=0.006ms/15 0.3MiB client_pre_frame=0.004ms/1 client_post_render=0.004ms/1 upload_copy=0.004ms/2 0.0MiB lod_prepare=0.003ms/1 level_end_frame=0.002ms/1 client_pre_render=0.001ms/1 arena_wait=0.001ms/1 client_tasks=0.000ms/1 present=0.000ms/1 client_post_tasks=0.000ms/1 task_drain=0.000ms/1 client_packets=0.000ms/1 render_pass_merge=0.000ms/15 unphasedMs=0.001
[22:46:54] [Test thread/INFO] (MetalLifecycleGameTest) Metal benchmark stall: phase=pan#1 frame=218 intervalMs=15.972 cpuMs=1.404 outsideLoopMs=0.034 render_frame=15.923ms/1 acquire=14.492ms/1 gpu_frame=6.569ms/1 command_batch=0.223ms/3 0.2MiB upload_copy=0.009ms/6 0.1MiB buffer_map=0.008ms/15 0.2MiB submit=0.008ms/1 client_post_render=0.006ms/1 client_pre_frame=0.005ms/1 lod_prepare=0.004ms/1 level_end_frame=0.002ms/1 client_pre_render=0.002ms/1 arena_wait=0.001ms/1 present=0.001ms/1 client_tasks=0.001ms/1 client_post_tasks=0.000ms/1 task_drain=0.000ms/1 client_packets=0.000ms/1 render_pass_merge=0.000ms/9 unphasedMs=0.001
[22:46:54] [Test thread/INFO] (MetalLifecycleGameTest) Metal benchmark stall: phase=pan#1 frame=175 intervalMs=15.920 cpuMs=1.447 outsideLoopMs=0.031 render_frame=15.873ms/1 acquire=14.403ms/1 gpu_frame=6.716ms/1 command_batch=0.206ms/3 0.1MiB upload_copy=0.010ms/6 0.1MiB buffer_map=0.008ms/16 0.2MiB submit=0.007ms/1 client_pre_frame=0.006ms/1 client_post_render=0.005ms/1 lod_prepare=0.005ms/1 level_end_frame=0.002ms/1 client_pre_render=0.002ms/1 client_post_tasks=0.001ms/1 arena_wait=0.001ms/1 client_tasks=0.001ms/1 present=0.000ms/1 task_drain=0.000ms/1 client_packets=0.000ms/1 render_pass_merge=0.000ms/11 unphasedMs=0.002
[22:46:54] [Test thread/INFO] (MetalLifecycleGameTest) Metal benchmark stall: phase=pan#1 frame=340 intervalMs=15.670 cpuMs=1.915 outsideLoopMs=0.030 render_frame=14.435ms/1 acquire=12.472ms/1 gpu_frame=8.043ms/1 client_tick=0.738ms/1 client_post_tasks=0.372ms/1 command_batch=0.367ms/3 0.3MiB client_tasks=0.084ms/1 submit=0.014ms/1 level_end_frame=0.011ms/1 buffer_map=0.009ms/16 0.5MiB upload_copy=0.009ms/2 0.0MiB harness_handoff=0.007ms/1 client_post_render=0.005ms/1 arena_wait=0.004ms/1 lod_prepare=0.003ms/1 client_pre_frame=0.003ms/1 present=0.003ms/1 client_pre_render=0.001ms/1 client_gizmos=0.001ms/1 client_packets=0.000ms/1 task_drain=0.000ms/1 render_pass_merge=0.000ms/14 unphasedMs=0.002
[22:46:54] [Test thread/INFO] (MetalLifecycleGameTest) Metal benchmark stall: phase=pan#1 frame=265 intervalMs=15.477 cpuMs=1.188 outsideLoopMs=0.027 render_frame=15.437ms/1 acquire=14.226ms/1 gpu_frame=6.562ms/1 command_batch=0.229ms/3 0.2MiB submit=0.008ms/1 buffer_map=0.007ms/15 0.3MiB upload_copy=0.005ms/2 0.0MiB client_post_render=0.005ms/1 client_pre_frame=0.005ms/1 lod_prepare=0.004ms/1 level_end_frame=0.002ms/1 client_pre_render=0.002ms/1 arena_wait=0.001ms/1 present=0.001ms/1 client_post_tasks=0.001ms/1 client_tasks=0.000ms/1 task_drain=0.000ms/1 client_packets=0.000ms/1 render_pass_merge=0.000ms/15 unphasedMs=0.001
[22:46:54] [Test thread/INFO] (MetalLifecycleGameTest) Metal benchmark stall: phase=pan#1 frame=269 intervalMs=15.256 cpuMs=1.376 outsideLoopMs=0.023 render_frame=15.224ms/1 acquire=13.820ms/1 gpu_frame=6.398ms/1 command_batch=0.378ms/3 0.2MiB submit=0.007ms/1 buffer_map=0.007ms/15 0.3MiB client_post_render=0.004ms/1 client_pre_frame=0.004ms/1 upload_copy=0.003ms/2 0.0MiB level_end_frame=0.003ms/1 lod_prepare=0.002ms/1 client_pre_render=0.001ms/1 arena_wait=0.001ms/1 client_post_tasks=0.000ms/1 present=0.000ms/1 client_tasks=0.000ms/1 task_drain=0.000ms/1 client_packets=0.000ms/1 render_pass_merge=0.000ms/15 unphasedMs=-0.000
[22:46:54] [Test thread/INFO] (MetalLifecycleGameTest) Metal benchmark stall: phase=pan#1 frame=241 intervalMs=15.240 cpuMs=1.260 outsideLoopMs=0.016 render_frame=15.216ms/1 acquire=13.931ms/1 gpu_frame=6.910ms/1 command_batch=0.264ms/3 0.2MiB submit=0.008ms/1 buffer_map=0.007ms/15 0.3MiB upload_copy=0.004ms/2 0.0MiB client_pre_frame=0.004ms/1 level_end_frame=0.003ms/1 client_post_render=0.003ms/1 lod_prepare=0.002ms/1 client_pre_render=0.001ms/1 arena_wait=0.001ms/1 present=0.000ms/1 client_tasks=0.000ms/1 client_post_tasks=0.000ms/1 task_drain=0.000ms/1 client_packets=0.000ms/1 render_pass_merge=0.000ms/15 unphasedMs=0.001
[22:46:57] [Test thread/INFO] (MetalLifecycleGameTest) Metal benchmark: phase=traversal#1 frames=331 seconds=2.8 avgFps=120.3 onePercentLow=65.0 pointOnePercentLow=60.5 p50CpuMs=1.681 p95CpuMs=2.180 p99CpuMs=3.027 p50IntervalMs=8.176 p99IntervalMs=14.936 worstIntervalMs=16.518 p50AcquireMs=4.986 p99AcquireMs=13.151 p50OutsideLoopMs=0.031 p99OutsideLoopMs=0.049
[22:46:57] [Test thread/INFO] (MetalLifecycleGameTest) Metal benchmark stall: phase=traversal#1 whole-phase render_frame=2663.133ms/331 acquire=2077.958ms/331 gpu_frame=1399.317ms/331 command_batch=106.789ms/993 89.3MiB client_tick=39.733ms/55 client_post_tasks=16.856ms/331 jvm_gc=10.000ms/4 client_packets=8.819ms/331 client_tasks=7.662ms/331 submit=3.012ms/331 buffer_map=2.619ms/5023 138.7MiB upload_copy=2.568ms/1943 35.9MiB client_pre_frame=1.883ms/331 client_post_render=1.815ms/331 buffer_create=1.457ms/116 30.5MiB lod_prepare=1.363ms/331 level_end_frame=0.843ms/331 client_pre_render=0.544ms/331 resource_release=0.507ms/116 31.0MiB harness_handoff=0.432ms/65 arena_wait=0.219ms/331 present=0.178ms/331 task_drain=0.104ms/331 texture_create=0.051ms/2 0.0MiB client_gizmos=0.048ms/55 render_pass_merge=0.000ms/4412
[22:46:57] [Test thread/INFO] (MetalLifecycleGameTest) Metal benchmark stall: phase=traversal#1 worst-1% render_frame=44.253ms/3 acquire=34.596ms/3 gpu_frame=21.307ms/4 jvm_gc=4.000ms/1 client_tasks=1.163ms/3 command_batch=0.972ms/9 0.8MiB client_tick=0.748ms/1 client_post_tasks=0.274ms/3 upload_copy=0.056ms/47 1.3MiB submit=0.031ms/3 buffer_map=0.025ms/46 1.2MiB resource_release=0.022ms/6 1.5MiB client_post_render=0.014ms/3 client_pre_frame=0.013ms/3 lod_prepare=0.010ms/3 level_end_frame=0.007ms/3 harness_handoff=0.007ms/1 client_pre_render=0.003ms/3 arena_wait=0.003ms/3 present=0.002ms/3 task_drain=0.001ms/3 client_gizmos=0.001ms/1 client_packets=0.000ms/3 render_pass_merge=0.000ms/39
[22:46:57] [Test thread/INFO] (MetalLifecycleGameTest) Metal benchmark stall: phase=traversal#1 tasks total=0.000ms/0
[22:46:57] [Test thread/INFO] (MetalLifecycleGameTest) Metal benchmark stall: phase=traversal#1 gpuPassSpans sumOfSpans=814.984ms/2613 Sky disc=434.612ms/360 Immediate draw with minecraft:pipeline/item_cutout=206.674ms/360 Immediate draw with minecraft:pipeline/entity_translucent=93.130ms/360 GUI before blur=59.971ms/360 (depth clear)=10.902ms/720 Animate minecraft:textures/atlas/blocks.png=6.196ms/300 Clouds=1.507ms/3 Animate minecraft:textures/atlas/particles.png=0.870ms/60 Update light=0.669ms/60 Animate minecraft:textures/atlas/gui.png=0.454ms/30
[22:46:57] [Test thread/INFO] (MetalLifecycleGameTest) Metal benchmark stall: phase=traversal#1 frame=115 intervalMs=16.518 cpuMs=6.354 outsideLoopMs=0.037 render_frame=14.280ms/1 acquire=7.888ms/1 gpu_frame=5.939ms/1 jvm_gc=4.000ms/1 client_tasks=1.162ms/1 client_tick=0.748ms/1 command_batch=0.313ms/3 0.3MiB client_post_tasks=0.274ms/1 upload_copy=0.045ms/39 1.2MiB submit=0.015ms/1 buffer_map=0.010ms/16 0.4MiB harness_handoff=0.007ms/1 client_post_render=0.007ms/1 client_pre_frame=0.006ms/1 lod_prepare=0.005ms/1 level_end_frame=0.002ms/1 arena_wait=0.002ms/1 client_pre_render=0.002ms/1 present=0.001ms/1 client_gizmos=0.001ms/1 task_drain=0.000ms/1 client_packets=0.000ms/1 render_pass_merge=0.000ms/13 unphasedMs=0.002
[22:46:57] [Test thread/INFO] (MetalLifecycleGameTest) Metal benchmark stall: phase=traversal#1 frame=276 intervalMs=15.046 cpuMs=1.873 outsideLoopMs=0.027 render_frame=15.007ms/1 acquire=13.109ms/1 gpu_frame=8.592ms/2 command_batch=0.331ms/3 0.3MiB resource_release=0.022ms/6 1.5MiB submit=0.009ms/1 buffer_map=0.008ms/15 0.4MiB upload_copy=0.008ms/6 0.1MiB client_pre_frame=0.005ms/1 client_post_render=0.004ms/1 lod_prepare=0.003ms/1 level_end_frame=0.002ms/1 client_pre_render=0.001ms/1 arena_wait=0.001ms/1 client_tasks=0.000ms/1 present=0.000ms/1 client_post_tasks=0.000ms/1 client_packets=0.000ms/1 task_drain=0.000ms/1 render_pass_merge=0.000ms/13 unphasedMs=0.002
[22:46:57] [Test thread/INFO] (MetalLifecycleGameTest) Metal benchmark stall: phase=traversal#1 frame=138 intervalMs=14.995 cpuMs=1.328 outsideLoopMs=0.021 render_frame=14.966ms/1 acquire=13.600ms/1 gpu_frame=6.776ms/1 command_batch=0.328ms/3 0.3MiB submit=0.007ms/1 buffer_map=0.007ms/15 0.4MiB upload_copy=0.004ms/2 0.0MiB client_post_render=0.003ms/1 level_end_frame=0.003ms/1 client_pre_frame=0.003ms/1 lod_prepare=0.002ms/1 present=0.001ms/1 client_pre_render=0.001ms/1 client_post_tasks=0.000ms/1 arena_wait=0.000ms/1 client_tasks=0.000ms/1 task_drain=0.000ms/1 client_packets=0.000ms/1 render_pass_merge=0.000ms/13 unphasedMs=-0.000
[22:46:57] [Test thread/INFO] (MetalLifecycleGameTest) Metal benchmark stall: phase=traversal#1 frame=270 intervalMs=14.936 cpuMs=1.832 outsideLoopMs=0.025 render_frame=14.899ms/1 acquire=13.039ms/1 gpu_frame=6.872ms/1 command_batch=0.373ms/3 0.3MiB buffer_map=0.010ms/15 0.4MiB submit=0.009ms/1 upload_copy=0.006ms/2 0.0MiB client_pre_frame=0.005ms/1 client_post_render=0.004ms/1 lod_prepare=0.003ms/1 level_end_frame=0.002ms/1 client_pre_render=0.001ms/1 arena_wait=0.001ms/1 present=0.001ms/1 client_post_tasks=0.000ms/1 client_tasks=0.000ms/1 task_drain=0.000ms/1 client_packets=0.000ms/1 render_pass_merge=0.000ms/13 unphasedMs=0.001
[22:46:57] [Test thread/INFO] (MetalLifecycleGameTest) Metal benchmark stall: phase=traversal#1 frame=144 intervalMs=14.885 cpuMs=1.578 outsideLoopMs=0.026 render_frame=14.844ms/1 acquire=13.240ms/1 gpu_frame=8.640ms/2 command_batch=0.358ms/3 0.3MiB resource_release=0.023ms/6 1.5MiB submit=0.008ms/1 buffer_map=0.008ms/15 0.4MiB client_pre_frame=0.006ms/1 client_post_render=0.005ms/1 upload_copy=0.004ms/2 0.0MiB lod_prepare=0.004ms/1 level_end_frame=0.003ms/1 client_pre_render=0.001ms/1 present=0.001ms/1 client_tasks=0.000ms/1 arena_wait=0.000ms/1 client_post_tasks=0.000ms/1 task_drain=0.000ms/1 client_packets=0.000ms/1 render_pass_merge=0.000ms/13 unphasedMs=0.001
[22:46:57] [Test thread/INFO] (MetalLifecycleGameTest) Metal benchmark stall: phase=traversal#1 frame=5 intervalMs=14.873 cpuMs=1.731 outsideLoopMs=0.014 render_frame=14.852ms/1 acquire=13.092ms/1 gpu_frame=6.962ms/1 command_batch=0.364ms/3 0.3MiB buffer_map=0.009ms/15 0.5MiB submit=0.009ms/1 upload_copy=0.005ms/2 0.0MiB level_end_frame=0.003ms/1 client_pre_frame=0.003ms/1 client_post_render=0.003ms/1 lod_prepare=0.002ms/1 client_pre_render=0.001ms/1 present=0.001ms/1 arena_wait=0.000ms/1 client_tasks=0.000ms/1 client_post_tasks=0.000ms/1 task_drain=0.000ms/1 client_packets=0.000ms/1 render_pass_merge=0.000ms/14 unphasedMs=0.000
[22:46:57] [Test thread/INFO] (MetalLifecycleGameTest) Metal benchmark stall: phase=traversal#1 frame=91 intervalMs=14.863 cpuMs=1.677 outsideLoopMs=0.032 render_frame=14.813ms/1 acquire=13.108ms/1 gpu_frame=6.714ms/1 command_batch=0.303ms/3 0.3MiB buffer_map=0.014ms/15 0.4MiB submit=0.009ms/1 client_post_render=0.006ms/1 upload_copy=0.005ms/2 0.0MiB client_pre_frame=0.005ms/1 lod_prepare=0.004ms/1 level_end_frame=0.003ms/1 client_pre_render=0.002ms/1 arena_wait=0.001ms/1 present=0.001ms/1 client_post_tasks=0.001ms/1 client_tasks=0.000ms/1 client_packets=0.000ms/1 task_drain=0.000ms/1 render_pass_merge=0.000ms/13 unphasedMs=0.004
[22:46:57] [Test thread/INFO] (MetalLifecycleGameTest) Metal benchmark stall: phase=traversal#1 frame=258 intervalMs=14.851 cpuMs=1.466 outsideLoopMs=0.019 render_frame=14.823ms/1 acquire=13.334ms/1 gpu_frame=7.011ms/1 command_batch=0.328ms/3 0.3MiB submit=0.009ms/1 buffer_map=0.007ms/15 0.4MiB upload_copy=0.004ms/5 0.0MiB client_post_render=0.004ms/1 client_pre_frame=0.003ms/1 lod_prepare=0.003ms/1 level_end_frame=0.002ms/1 client_pre_render=0.001ms/1 arena_wait=0.000ms/1 present=0.000ms/1 client_post_tasks=0.000ms/1 client_tasks=0.000ms/1 task_drain=0.000ms/1 client_packets=0.000ms/1 render_pass_merge=0.000ms/13 unphasedMs=0.001
[22:46:57] [Server thread/INFO] (Minecraft) Teleported Player927 to -1535.500000, 174.620000, -127.500000
[22:46:57] [Render thread/INFO] (Minecraft) [System] [CHAT] [Server: Teleported Player927 to -1535.500000, 174.620000, -127.500000]
[22:47:05] [Test thread/INFO] (MetalLifecycleGameTest) Metal benchmark: phase=stationary#2 frames=338 seconds=2.8 avgFps=122.8 onePercentLow=62.3 pointOnePercentLow=61.4 p50CpuMs=1.730 p95CpuMs=2.006 p99CpuMs=2.166 p50IntervalMs=6.845 p99IntervalMs=15.827 worstIntervalMs=16.278 p50AcquireMs=4.993 p99AcquireMs=14.166 p50OutsideLoopMs=0.031 p99OutsideLoopMs=0.045
[22:47:05] [Test thread/INFO] (MetalLifecycleGameTest) Metal benchmark stall: phase=stationary#2 whole-phase render_frame=2668.994ms/338 acquire=2075.583ms/338 gpu_frame=1408.691ms/338 command_batch=121.000ms/1014 90.7MiB client_tick=42.470ms/55 client_post_tasks=18.482ms/338 client_packets=4.281ms/338 client_tasks=3.755ms/338 submit=3.077ms/338 jvm_gc=3.000ms/1 buffer_map=2.686ms/5126 159.8MiB buffer_create=2.143ms/158 39.5MiB client_pre_frame=1.839ms/338 client_post_render=1.806ms/338 upload_copy=1.719ms/889 6.5MiB lod_prepare=1.409ms/338 level_end_frame=0.918ms/338 resource_release=0.766ms/158 39.5MiB harness_handoff=0.557ms/88 client_pre_render=0.550ms/338 arena_wait=0.210ms/338 present=0.175ms/338 task_drain=0.101ms/338 client_gizmos=0.051ms/55 render_pass_merge=0.000ms/4393
[22:47:05] [Test thread/INFO] (MetalLifecycleGameTest) Metal benchmark stall: phase=stationary#2 worst-1% render_frame=48.298ms/3 acquire=43.586ms/3 gpu_frame=19.946ms/3 command_batch=0.884ms/9 0.8MiB upload_copy=0.031ms/32 0.7MiB submit=0.024ms/3 buffer_map=0.023ms/45 1.4MiB client_post_render=0.013ms/3 client_pre_frame=0.012ms/3 level_end_frame=0.009ms/3 lod_prepare=0.009ms/3 client_pre_render=0.004ms/3 arena_wait=0.002ms/3 client_post_tasks=0.002ms/3 present=0.001ms/3 client_tasks=0.001ms/3 client_packets=0.000ms/3 task_drain=0.000ms/3 render_pass_merge=0.000ms/39
[22:47:05] [Test thread/INFO] (MetalLifecycleGameTest) Metal benchmark stall: phase=stationary#2 tasks total=0.000ms/0
[22:47:05] [Test thread/INFO] (MetalLifecycleGameTest) Metal benchmark stall: phase=stationary#2 gpuPassSpans sumOfSpans=818.010ms/2653 Sky disc=438.566ms/367 Immediate draw with minecraft:pipeline/item_cutout=199.097ms/367 Immediate draw with minecraft:pipeline/entity_translucent=97.632ms/367 GUI before blur=61.687ms/367 (depth clear)=11.714ms/734 Animate minecraft:textures/atlas/blocks.png=6.319ms/300 Animate minecraft:textures/atlas/particles.png=1.402ms/60 Update light=0.669ms/60 Clouds=0.497ms/1 Animate minecraft:textures/atlas/gui.png=0.427ms/30
[22:47:05] [Test thread/INFO] (MetalLifecycleGameTest) Metal benchmark stall: phase=stationary#2 frame=148 intervalMs=16.278 cpuMs=1.579 outsideLoopMs=0.024 render_frame=16.242ms/1 acquire=14.637ms/1 gpu_frame=6.591ms/1 command_batch=0.323ms/3 0.3MiB upload_copy=0.012ms/14 0.3MiB buffer_map=0.007ms/15 0.5MiB submit=0.007ms/1 client_post_render=0.005ms/1 client_pre_frame=0.004ms/1 lod_prepare=0.003ms/1 level_end_frame=0.003ms/1 client_pre_render=0.002ms/1 present=0.001ms/1 arena_wait=0.001ms/1 client_post_tasks=0.001ms/1 client_tasks=0.000ms/1 task_drain=0.000ms/1 client_packets=0.000ms/1 render_pass_merge=0.000ms/13 unphasedMs=0.000
[22:47:05] [Test thread/INFO] (MetalLifecycleGameTest) Metal benchmark stall: phase=stationary#2 frame=22 intervalMs=16.117 cpuMs=1.727 outsideLoopMs=0.030 render_frame=16.073ms/1 acquire=14.318ms/1 gpu_frame=6.464ms/1 command_batch=0.281ms/3 0.3MiB upload_copy=0.015ms/16 0.4MiB submit=0.009ms/1 buffer_map=0.009ms/15 0.4MiB client_post_render=0.005ms/1 client_pre_frame=0.005ms/1 lod_prepare=0.004ms/1 level_end_frame=0.003ms/1 client_pre_render=0.001ms/1 arena_wait=0.001ms/1 client_post_tasks=0.001ms/1 present=0.001ms/1 client_packets=0.000ms/1 client_tasks=0.000ms/1 task_drain=0.000ms/1 render_pass_merge=0.000ms/13 unphasedMs=0.002
[22:47:05] [Test thread/INFO] (MetalLifecycleGameTest) Metal benchmark stall: phase=stationary#2 frame=163 intervalMs=16.010 cpuMs=1.327 outsideLoopMs=0.018 render_frame=15.983ms/1 acquire=14.630ms/1 gpu_frame=6.891ms/1 command_batch=0.279ms/3 0.3MiB submit=0.008ms/1 buffer_map=0.006ms/15 0.5MiB upload_copy=0.004ms/2 0.0MiB client_pre_frame=0.004ms/1 level_end_frame=0.004ms/1 client_post_render=0.003ms/1 lod_prepare=0.002ms/1 client_pre_render=0.001ms/1 arena_wait=0.000ms/1 client_post_tasks=0.000ms/1 present=0.000ms/1 client_tasks=0.000ms/1 task_drain=0.000ms/1 client_packets=0.000ms/1 render_pass_merge=0.000ms/13 unphasedMs=0.001
[22:47:05] [Test thread/INFO] (MetalLifecycleGameTest) Metal benchmark stall: phase=stationary#2 frame=138 intervalMs=15.827 cpuMs=1.618 outsideLoopMs=0.024 render_frame=15.791ms/1 acquire=14.146ms/1 gpu_frame=6.521ms/1 command_batch=0.338ms/3 0.3MiB buffer_map=0.009ms/15 0.5MiB submit=0.008ms/1 client_pre_frame=0.005ms/1 upload_copy=0.004ms/2 0.0MiB client_post_render=0.004ms/1 level_end_frame=0.003ms/1 lod_prepare=0.003ms/1 client_pre_render=0.001ms/1 arena_wait=0.001ms/1 present=0.001ms/1 client_post_tasks=0.000ms/1 client_tasks=0.000ms/1 client_packets=0.000ms/1 task_drain=0.000ms/1 render_pass_merge=0.000ms/13 unphasedMs=0.001
[22:47:05] [Test thread/INFO] (MetalLifecycleGameTest) Metal benchmark stall: phase=stationary#2 frame=142 intervalMs=15.645 cpuMs=1.403 outsideLoopMs=0.033 render_frame=15.595ms/1 acquire=14.166ms/1 gpu_frame=6.135ms/1 command_batch=0.271ms/3 0.3MiB submit=0.008ms/1 buffer_map=0.006ms/15 0.5MiB client_pre_frame=0.006ms/1 client_post_render=0.005ms/1 lod_prepare=0.005ms/1 upload_copy=0.003ms/2 0.0MiB level_end_frame=0.003ms/1 client_pre_render=0.002ms/1 client_post_tasks=0.001ms/1 present=0.001ms/1 client_tasks=0.001ms/1 arena_wait=0.001ms/1 task_drain=0.000ms/1 client_packets=0.000ms/1 render_pass_merge=0.000ms/13 unphasedMs=0.002
[22:47:05] [Test thread/INFO] (MetalLifecycleGameTest) Metal benchmark stall: phase=stationary#2 frame=132 intervalMs=15.616 cpuMs=1.575 outsideLoopMs=0.030 render_frame=15.571ms/1 acquire=13.971ms/1 gpu_frame=6.667ms/1 command_batch=0.311ms/3 0.3MiB submit=0.008ms/1 buffer_map=0.007ms/15 0.5MiB client_pre_frame=0.007ms/1 client_post_render=0.006ms/1 upload_copy=0.005ms/2 0.0MiB lod_prepare=0.004ms/1 level_end_frame=0.002ms/1 client_pre_render=0.002ms/1 arena_wait=0.001ms/1 client_tasks=0.001ms/1 task_drain=0.000ms/1 present=0.000ms/1 client_post_tasks=0.000ms/1 client_packets=0.000ms/1 render_pass_merge=0.000ms/13 unphasedMs=0.001
[22:47:05] [Test thread/INFO] (MetalLifecycleGameTest) Metal benchmark stall: phase=stationary#2 frame=152 intervalMs=15.206 cpuMs=1.788 outsideLoopMs=0.025 render_frame=14.010ms/1 acquire=12.191ms/1 gpu_frame=6.538ms/1 client_tick=0.754ms/1 client_post_tasks=0.347ms/1 command_batch=0.346ms/3 0.3MiB client_tasks=0.056ms/1 submit=0.011ms/1 harness_handoff=0.010ms/2 buffer_map=0.009ms/16 0.5MiB upload_copy=0.005ms/2 0.0MiB client_pre_frame=0.005ms/1 client_post_render=0.004ms/1 lod_prepare=0.003ms/1 level_end_frame=0.003ms/1 client_pre_render=0.001ms/1 client_gizmos=0.001ms/1 present=0.001ms/1 arena_wait=0.001ms/1 task_drain=0.000ms/1 client_packets=0.000ms/1 render_pass_merge=0.000ms/13 unphasedMs=0.001
[22:47:05] [Test thread/INFO] (MetalLifecycleGameTest) Metal benchmark stall: phase=stationary#2 frame=18 intervalMs=15.075 cpuMs=1.667 outsideLoopMs=0.029 render_frame=15.032ms/1 acquire=13.335ms/1 gpu_frame=6.169ms/1 command_batch=0.375ms/3 0.3MiB submit=0.008ms/1 buffer_map=0.007ms/15 0.4MiB client_pre_frame=0.005ms/1 client_post_render=0.005ms/1 upload_copy=0.004ms/2 0.0MiB level_end_frame=0.003ms/1 lod_prepare=0.003ms/1 client_pre_render=0.002ms/1 client_post_tasks=0.001ms/1 present=0.000ms/1 arena_wait=0.000ms/1 client_tasks=0.000ms/1 client_packets=0.000ms/1 task_drain=0.000ms/1 render_pass_merge=0.000ms/13 unphasedMs=0.001
[22:47:08] [Test thread/INFO] (MetalLifecycleGameTest) Metal benchmark: phase=pan#2 frames=332 seconds=2.8 avgFps=120.6 onePercentLow=66.7 pointOnePercentLow=65.9 p50CpuMs=1.468 p95CpuMs=1.914 p99CpuMs=2.093 p50IntervalMs=6.489 p99IntervalMs=14.802 worstIntervalMs=15.180 p50AcquireMs=5.020 p99AcquireMs=13.322 p50OutsideLoopMs=0.028 p99OutsideLoopMs=0.053
[22:47:08] [Test thread/INFO] (MetalLifecycleGameTest) Metal benchmark stall: phase=pan#2 whole-phase render_frame=2672.446ms/332 acquire=2177.909ms/332 gpu_frame=1439.527ms/332 command_batch=89.086ms/996 63.7MiB client_tick=39.550ms/55 client_post_tasks=19.302ms/332 client_tasks=4.280ms/332 client_packets=3.975ms/332 submit=2.796ms/332 buffer_map=2.684ms/5187 106.8MiB upload_copy=1.905ms/1209 16.2MiB client_pre_frame=1.610ms/332 client_post_render=1.540ms/332 lod_prepare=1.163ms/332 buffer_create=0.969ms/64 18.3MiB level_end_frame=0.942ms/332 client_pre_render=0.501ms/332 harness_handoff=0.379ms/61 resource_release=0.312ms/64 17.8MiB arena_wait=0.197ms/332 present=0.176ms/332 task_drain=0.089ms/332 texture_create=0.055ms/2 0.0MiB client_gizmos=0.045ms/55 render_pass_merge=0.000ms/4536
[22:47:08] [Test thread/INFO] (MetalLifecycleGameTest) Metal benchmark stall: phase=pan#2 worst-1% render_frame=45.107ms/3 acquire=40.559ms/3 gpu_frame=22.023ms/3 command_batch=0.703ms/9 0.5MiB buffer_map=0.030ms/46 0.8MiB submit=0.026ms/3 upload_copy=0.026ms/16 0.4MiB lod_prepare=0.015ms/3 client_post_render=0.011ms/3 client_pre_frame=0.011ms/3 level_end_frame=0.009ms/3 client_pre_render=0.003ms/3 arena_wait=0.002ms/3 present=0.002ms/3 client_tasks=0.001ms/3 client_post_tasks=0.001ms/3 task_drain=0.001ms/3 client_packets=0.000ms/3 render_pass_merge=0.000ms/39
[22:47:08] [Test thread/INFO] (MetalLifecycleGameTest) Metal benchmark stall: phase=pan#2 tasks total=0.000ms/0
[22:47:08] [Test thread/INFO] (MetalLifecycleGameTest) Metal benchmark stall: phase=pan#2 gpuPassSpans sumOfSpans=656.753ms/2616 Sky disc=322.258ms/361 Immediate draw with minecraft:pipeline/item_cutout=127.337ms/271 Immediate draw with minecraft:pipeline/entity_translucent=93.437ms/361 GUI before blur=60.024ms/361 Immediate draw with minecraft:pipeline/entity_cutout=34.022ms/90 (depth clear)=11.057ms/722 Animate minecraft:textures/atlas/blocks.png=6.277ms/300 Animate minecraft:textures/atlas/particles.png=1.231ms/60 Update light=0.687ms/60 Animate minecraft:textures/atlas/gui.png=0.422ms/30
[22:47:08] [Test thread/INFO] (MetalLifecycleGameTest) Metal benchmark stall: phase=pan#2 frame=43 intervalMs=15.180 cpuMs=1.487 outsideLoopMs=0.025 render_frame=15.143ms/1 acquire=13.630ms/1 gpu_frame=7.750ms/1 command_batch=0.204ms/3 0.2MiB upload_copy=0.016ms/12 0.4MiB buffer_map=0.010ms/15 0.2MiB submit=0.008ms/1 client_post_render=0.004ms/1 client_pre_frame=0.004ms/1 lod_prepare=0.003ms/1 level_end_frame=0.003ms/1 client_pre_render=0.001ms/1 arena_wait=0.001ms/1 present=0.001ms/1 client_tasks=0.000ms/1 task_drain=0.000ms/1 client_post_tasks=0.000ms/1 client_packets=0.000ms/1 render_pass_merge=0.000ms/12 unphasedMs=0.001
[22:47:08] [Test thread/INFO] (MetalLifecycleGameTest) Metal benchmark stall: phase=pan#2 frame=120 intervalMs=15.120 cpuMs=1.413 outsideLoopMs=0.023 render_frame=15.087ms/1 acquire=13.642ms/1 gpu_frame=7.320ms/1 command_batch=0.189ms/3 0.1MiB buffer_map=0.013ms/16 0.2MiB submit=0.010ms/1 upload_copy=0.006ms/2 0.0MiB client_pre_frame=0.004ms/1 client_post_render=0.004ms/1 level_end_frame=0.003ms/1 lod_prepare=0.002ms/1 client_pre_render=0.001ms/1 arena_wait=0.001ms/1 present=0.001ms/1 client_post_tasks=0.000ms/1 client_tasks=0.000ms/1 task_drain=0.000ms/1 client_packets=0.000ms/1 render_pass_merge=0.000ms/13 unphasedMs=0.001
[22:47:08] [Test thread/INFO] (MetalLifecycleGameTest) Metal benchmark stall: phase=pan#2 frame=222 intervalMs=14.911 cpuMs=1.562 outsideLoopMs=0.019 render_frame=14.876ms/1 acquire=13.287ms/1 gpu_frame=6.953ms/1 command_batch=0.311ms/3 0.2MiB lod_prepare=0.010ms/1 submit=0.008ms/1 buffer_map=0.008ms/15 0.3MiB upload_copy=0.004ms/2 0.0MiB client_post_render=0.003ms/1 level_end_frame=0.003ms/1 client_pre_frame=0.003ms/1 client_pre_render=0.001ms/1 present=0.001ms/1 arena_wait=0.000ms/1 client_tasks=0.000ms/1 client_post_tasks=0.000ms/1 task_drain=0.000ms/1 client_packets=0.000ms/1 render_pass_merge=0.000ms/14 unphasedMs=0.008
[22:47:08] [Test thread/INFO] (MetalLifecycleGameTest) Metal benchmark stall: phase=pan#2 frame=280 intervalMs=14.802 cpuMs=1.646 outsideLoopMs=0.023 render_frame=14.770ms/1 acquire=13.092ms/1 gpu_frame=6.971ms/1 command_batch=0.321ms/3 0.3MiB buffer_map=0.009ms/15 0.4MiB submit=0.008ms/1 upload_copy=0.004ms/2 0.0MiB client_post_render=0.003ms/1 client_pre_frame=0.003ms/1 level_end_frame=0.003ms/1 lod_prepare=0.002ms/1 client_pre_render=0.002ms/1 present=0.001ms/1 arena_wait=0.001ms/1 client_post_tasks=0.000ms/1 client_tasks=0.000ms/1 task_drain=0.000ms/1 client_packets=0.000ms/1 render_pass_merge=0.000ms/13 unphasedMs=0.001
[22:47:08] [Test thread/INFO] (MetalLifecycleGameTest) Metal benchmark stall: phase=pan#2 frame=47 intervalMs=14.763 cpuMs=1.370 outsideLoopMs=0.029 render_frame=14.722ms/1 acquire=13.322ms/1 gpu_frame=7.655ms/1 command_batch=0.253ms/3 0.2MiB buffer_map=0.011ms/15 0.2MiB submit=0.009ms/1 upload_copy=0.007ms/5 0.1MiB client_post_render=0.005ms/1 client_pre_frame=0.004ms/1 level_end_frame=0.004ms/1 lod_prepare=0.003ms/1 client_pre_render=0.002ms/1 present=0.001ms/1 client_post_tasks=0.001ms/1 arena_wait=0.001ms/1 client_tasks=0.001ms/1 client_packets=0.000ms/1 task_drain=0.000ms/1 render_pass_merge=0.000ms/12 unphasedMs=0.001
[22:47:08] [Test thread/INFO] (MetalLifecycleGameTest) Metal benchmark stall: phase=pan#2 frame=150 intervalMs=14.747 cpuMs=1.316 outsideLoopMs=0.016 render_frame=14.715ms/1 acquire=13.371ms/1 gpu_frame=7.376ms/1 command_batch=0.224ms/3 0.1MiB lod_prepare=0.011ms/1 submit=0.009ms/1 buffer_map=0.009ms/16 0.2MiB upload_copy=0.004ms/2 0.0MiB client_pre_frame=0.003ms/1 level_end_frame=0.003ms/1 client_post_render=0.002ms/1 client_pre_render=0.001ms/1 present=0.001ms/1 arena_wait=0.000ms/1 client_post_tasks=0.000ms/1 client_tasks=0.000ms/1 task_drain=0.000ms/1 client_packets=0.000ms/1 render_pass_merge=0.000ms/15 unphasedMs=0.010
[22:47:08] [Test thread/INFO] (MetalLifecycleGameTest) Metal benchmark stall: phase=pan#2 frame=232 intervalMs=14.727 cpuMs=1.620 outsideLoopMs=0.022 render_frame=14.694ms/1 acquire=13.049ms/1 gpu_frame=6.792ms/1 command_batch=0.307ms/3 0.2MiB buffer_map=0.008ms/15 0.3MiB upload_copy=0.008ms/6 0.1MiB submit=0.007ms/1 client_pre_frame=0.003ms/1 level_end_frame=0.003ms/1 client_post_render=0.003ms/1 lod_prepare=0.003ms/1 client_pre_render=0.001ms/1 arena_wait=0.001ms/1 present=0.001ms/1 client_post_tasks=0.001ms/1 client_tasks=0.000ms/1 task_drain=0.000ms/1 client_packets=0.000ms/1 render_pass_merge=0.000ms/14 unphasedMs=0.002
[22:47:08] [Test thread/INFO] (MetalLifecycleGameTest) Metal benchmark stall: phase=pan#2 frame=270 intervalMs=14.716 cpuMs=1.484 outsideLoopMs=0.019 render_frame=14.687ms/1 acquire=13.180ms/1 gpu_frame=7.100ms/1 command_batch=0.303ms/3 0.3MiB buffer_map=0.007ms/15 0.4MiB submit=0.006ms/1 client_pre_frame=0.004ms/1 upload_copy=0.003ms/2 0.0MiB client_post_render=0.003ms/1 level_end_frame=0.003ms/1 lod_prepare=0.002ms/1 client_pre_render=0.001ms/1 arena_wait=0.001ms/1 client_post_tasks=0.000ms/1 present=0.000ms/1 client_tasks=0.000ms/1 client_packets=0.000ms/1 task_drain=0.000ms/1 render_pass_merge=0.000ms/14 unphasedMs=0.001
[22:47:11] [Test thread/INFO] (MetalLifecycleGameTest) Metal benchmark: phase=traversal#2 frames=330 seconds=2.7 avgFps=120.0 onePercentLow=65.9 pointOnePercentLow=63.4 p50CpuMs=1.779 p95CpuMs=2.108 p99CpuMs=2.329 p50IntervalMs=8.430 p99IntervalMs=14.911 worstIntervalMs=15.770 p50AcquireMs=5.732 p99AcquireMs=13.191 p50OutsideLoopMs=0.029 p99OutsideLoopMs=0.050
[22:47:11] [Test thread/INFO] (MetalLifecycleGameTest) Metal benchmark stall: phase=traversal#2 whole-phase render_frame=2661.017ms/330 acquire=2062.712ms/330 gpu_frame=1370.179ms/330 command_batch=125.066ms/990 91.3MiB client_tick=44.229ms/55 client_post_tasks=18.171ms/330 client_packets=8.277ms/330 client_tasks=4.295ms/330 submit=2.837ms/330 buffer_map=2.738ms/5008 156.1MiB buffer_create=2.110ms/141 38.5MiB jvm_gc=2.000ms/1 upload_copy=1.974ms/1507 18.5MiB client_pre_frame=1.517ms/330 client_post_render=1.449ms/330 lod_prepare=1.137ms/330 level_end_frame=0.904ms/330 resource_release=0.676ms/141 39.0MiB client_pre_render=0.525ms/330 harness_handoff=0.363ms/80 arena_wait=0.208ms/330 present=0.179ms/330 task_drain=0.103ms/330 client_gizmos=0.055ms/55 render_pass_merge=0.000ms/4343
[22:47:11] [Test thread/INFO] (MetalLifecycleGameTest) Metal benchmark stall: phase=traversal#2 worst-1% render_frame=45.673ms/3 acquire=40.735ms/3 gpu_frame=20.019ms/3 command_batch=1.020ms/9 0.8MiB buffer_map=0.024ms/45 1.3MiB submit=0.023ms/3 upload_copy=0.013ms/6 0.0MiB client_pre_frame=0.012ms/3 client_post_render=0.010ms/3 level_end_frame=0.008ms/3 lod_prepare=0.008ms/3 client_pre_render=0.004ms/3 arena_wait=0.002ms/3 present=0.001ms/3 client_post_tasks=0.001ms/3 client_tasks=0.001ms/3 task_drain=0.001ms/3 client_packets=0.000ms/3 render_pass_merge=0.000ms/39
[22:47:11] [Test thread/INFO] (MetalLifecycleGameTest) Metal benchmark stall: phase=traversal#2 tasks total=0.000ms/0
[22:47:11] [Test thread/INFO] (MetalLifecycleGameTest) Metal benchmark stall: phase=traversal#2 gpuPassSpans sumOfSpans=839.432ms/2613 Sky disc=448.926ms/360 Immediate draw with minecraft:pipeline/item_cutout=215.164ms/360 Immediate draw with minecraft:pipeline/entity_translucent=93.850ms/360 GUI before blur=60.000ms/360 (depth clear)=11.074ms/720 Animate minecraft:textures/atlas/blocks.png=6.474ms/300 Clouds=1.600ms/3 Animate minecraft:textures/atlas/particles.png=1.108ms/60 Update light=0.682ms/60 Animate minecraft:textures/atlas/gui.png=0.554ms/30
[22:47:11] [Test thread/INFO] (MetalLifecycleGameTest) Metal benchmark stall: phase=traversal#2 frame=297 intervalMs=15.770 cpuMs=1.429 outsideLoopMs=0.022 render_frame=15.737ms/1 acquire=14.286ms/1 gpu_frame=6.794ms/1 command_batch=0.284ms/3 0.3MiB buffer_map=0.007ms/15 0.4MiB submit=0.006ms/1 client_pre_frame=0.004ms/1 upload_copy=0.004ms/2 0.0MiB client_post_render=0.003ms/1 level_end_frame=0.003ms/1 lod_prepare=0.002ms/1 client_pre_render=0.001ms/1 client_post_tasks=0.001ms/1 arena_wait=0.001ms/1 present=0.000ms/1 client_tasks=0.000ms/1 task_drain=0.000ms/1 client_packets=0.000ms/1 render_pass_merge=0.000ms/13 unphasedMs=0.002
[22:47:11] [Test thread/INFO] (MetalLifecycleGameTest) Metal benchmark stall: phase=traversal#2 frame=206 intervalMs=15.069 cpuMs=1.751 outsideLoopMs=0.020 render_frame=15.039ms/1 acquire=13.258ms/1 gpu_frame=6.936ms/1 command_batch=0.399ms/3 0.3MiB submit=0.010ms/1 buffer_map=0.009ms/15 0.5MiB upload_copy=0.005ms/2 0.0MiB client_pre_frame=0.004ms/1 level_end_frame=0.003ms/1 client_post_render=0.003ms/1 lod_prepare=0.002ms/1 client_pre_render=0.001ms/1 arena_wait=0.001ms/1 present=0.000ms/1 client_post_tasks=0.000ms/1 client_tasks=0.000ms/1 client_packets=0.000ms/1 task_drain=0.000ms/1 render_pass_merge=0.000ms/13 unphasedMs=0.001
[22:47:11] [Test thread/INFO] (MetalLifecycleGameTest) Metal benchmark stall: phase=traversal#2 frame=284 intervalMs=14.935 cpuMs=1.680 outsideLoopMs=0.026 render_frame=14.896ms/1 acquire=13.191ms/1 gpu_frame=6.288ms/1 command_batch=0.337ms/3 0.3MiB buffer_map=0.008ms/15 0.4MiB submit=0.007ms/1 client_pre_frame=0.005ms/1 client_post_render=0.004ms/1 upload_copy=0.004ms/2 0.0MiB lod_prepare=0.003ms/1 level_end_frame=0.003ms/1 client_pre_render=0.001ms/1 arena_wait=0.001ms/1 client_tasks=0.001ms/1 present=0.000ms/1 task_drain=0.000ms/1 client_post_tasks=0.000ms/1 client_packets=0.000ms/1 render_pass_merge=0.000ms/13 unphasedMs=0.001
[22:47:11] [Test thread/INFO] (MetalLifecycleGameTest) Metal benchmark stall: phase=traversal#2 frame=10 intervalMs=14.911 cpuMs=1.640 outsideLoopMs=0.018 render_frame=14.882ms/1 acquire=13.217ms/1 gpu_frame=6.796ms/1 command_batch=0.388ms/3 0.3MiB submit=0.007ms/1 buffer_map=0.007ms/15 0.6MiB upload_copy=0.004ms/2 0.0MiB client_pre_frame=0.003ms/1 client_post_render=0.003ms/1 level_end_frame=0.003ms/1 lod_prepare=0.002ms/1 client_pre_render=0.001ms/1 present=0.000ms/1 client_post_tasks=0.000ms/1 arena_wait=0.000ms/1 client_tasks=0.000ms/1 task_drain=0.000ms/1 client_packets=0.000ms/1 render_pass_merge=0.000ms/13 unphasedMs=0.002
[22:47:11] [Test thread/INFO] (MetalLifecycleGameTest) Metal benchmark stall: phase=traversal#2 frame=236 intervalMs=14.816 cpuMs=1.751 outsideLoopMs=0.016 render_frame=14.791ms/1 acquire=13.014ms/1 gpu_frame=6.572ms/1 command_batch=0.387ms/3 0.3MiB upload_copy=0.010ms/6 0.2MiB submit=0.008ms/1 buffer_map=0.008ms/15 0.4MiB level_end_frame=0.003ms/1 client_post_render=0.003ms/1 client_pre_frame=0.003ms/1 lod_prepare=0.002ms/1 client_pre_render=0.001ms/1 arena_wait=0.001ms/1 present=0.001ms/1 client_post_tasks=0.000ms/1 client_packets=0.000ms/1 client_tasks=0.000ms/1 task_drain=0.000ms/1 render_pass_merge=0.000ms/13 unphasedMs=0.001
[22:47:11] [Test thread/INFO] (MetalLifecycleGameTest) Metal benchmark stall: phase=traversal#2 frame=58 intervalMs=14.735 cpuMs=1.893 outsideLoopMs=0.025 render_frame=14.700ms/1 acquire=12.776ms/1 gpu_frame=6.298ms/1 command_batch=0.422ms/3 0.3MiB submit=0.010ms/1 buffer_map=0.010ms/15 0.5MiB upload_copy=0.005ms/2 0.0MiB client_post_render=0.004ms/1 client_pre_frame=0.004ms/1 level_end_frame=0.003ms/1 lod_prepare=0.002ms/1 client_pre_render=0.001ms/1 present=0.001ms/1 arena_wait=0.001ms/1 client_post_tasks=0.001ms/1 client_tasks=0.000ms/1 client_packets=0.000ms/1 task_drain=0.000ms/1 render_pass_merge=0.000ms/13 unphasedMs=0.000
[22:47:11] [Test thread/INFO] (MetalLifecycleGameTest) Metal benchmark stall: phase=traversal#2 frame=230 intervalMs=14.700 cpuMs=1.752 outsideLoopMs=0.021 render_frame=14.669ms/1 acquire=12.891ms/1 gpu_frame=6.759ms/1 command_batch=0.371ms/3 0.3MiB buffer_map=0.009ms/15 0.4MiB upload_copy=0.009ms/8 0.1MiB submit=0.009ms/1 client_pre_frame=0.004ms/1 client_post_render=0.003ms/1 lod_prepare=0.003ms/1 level_end_frame=0.002ms/1 client_pre_render=0.001ms/1 arena_wait=0.001ms/1 present=0.001ms/1 client_post_tasks=0.000ms/1 client_tasks=0.000ms/1 task_drain=0.000ms/1 client_packets=0.000ms/1 render_pass_merge=0.000ms/13 unphasedMs=0.002
[22:47:11] [Test thread/INFO] (MetalLifecycleGameTest) Metal benchmark stall: phase=traversal#2 frame=128 intervalMs=14.680 cpuMs=1.902 outsideLoopMs=0.019 render_frame=14.649ms/1 acquire=12.719ms/1 gpu_frame=6.578ms/1 command_batch=0.392ms/3 0.3MiB submit=0.009ms/1 buffer_map=0.009ms/15 0.5MiB upload_copy=0.005ms/2 0.0MiB client_pre_frame=0.004ms/1 client_post_render=0.003ms/1 lod_prepare=0.003ms/1 level_end_frame=0.003ms/1 client_pre_render=0.001ms/1 arena_wait=0.001ms/1 present=0.001ms/1 client_post_tasks=0.000ms/1 client_packets=0.000ms/1 client_tasks=0.000ms/1 task_drain=0.000ms/1 render_pass_merge=0.000ms/13 unphasedMs=0.002
[22:47:11] [Server thread/INFO] (Minecraft) Teleported Player927 to -1535.500000, 174.620000, -127.500000
[22:47:11] [Render thread/INFO] (Minecraft) [System] [CHAT] [Server: Teleported Player927 to -1535.500000, 174.620000, -127.500000]
[22:47:19] [Test thread/INFO] (MetalLifecycleGameTest) Metal benchmark: phase=stationary#3 frames=332 seconds=2.8 avgFps=120.5 onePercentLow=64.9 pointOnePercentLow=61.3 p50CpuMs=1.743 p95CpuMs=1.990 p99CpuMs=2.208 p50IntervalMs=6.618 p99IntervalMs=14.840 worstIntervalMs=16.323 p50AcquireMs=4.684 p99AcquireMs=13.260 p50OutsideLoopMs=0.026 p99OutsideLoopMs=0.042
[22:47:19] [Test thread/INFO] (MetalLifecycleGameTest) Metal benchmark stall: phase=stationary#3 whole-phase render_frame=2678.093ms/332 acquire=2096.523ms/332 gpu_frame=1386.100ms/332 command_batch=125.211ms/996 89.2MiB client_tick=40.267ms/55 client_post_tasks=18.752ms/332 client_tasks=3.238ms/332 client_packets=3.123ms/332 submit=2.742ms/332 buffer_map=2.645ms/5035 198.0MiB buffer_create=1.741ms/113 46.3MiB upload_copy=1.336ms/712 2.1MiB client_post_render=1.203ms/332 client_pre_frame=1.114ms/332 level_end_frame=0.943ms/332 lod_prepare=0.845ms/332 resource_release=0.562ms/113 46.3MiB harness_handoff=0.399ms/92 arena_wait=0.165ms/332 client_pre_render=0.138ms/332 present=0.094ms/332 task_drain=0.072ms/332 client_gizmos=0.039ms/55 render_pass_merge=0.000ms/4316
[22:47:19] [Test thread/INFO] (MetalLifecycleGameTest) Metal benchmark stall: phase=stationary#3 worst-1% render_frame=45.641ms/3 acquire=40.747ms/3 gpu_frame=22.357ms/3 command_batch=1.025ms/9 0.8MiB client_tick=0.690ms/1 client_post_tasks=0.310ms/3 client_tasks=0.047ms/3 buffer_map=0.024ms/46 1.8MiB submit=0.023ms/3 upload_copy=0.012ms/6 0.0MiB client_post_render=0.009ms/3 level_end_frame=0.009ms/3 client_pre_frame=0.008ms/3 lod_prepare=0.005ms/3 harness_handoff=0.005ms/1 arena_wait=0.002ms/3 client_pre_render=0.001ms/3 present=0.001ms/3 task_drain=0.001ms/3 client_gizmos=0.001ms/1 client_packets=0.000ms/3 render_pass_merge=0.000ms/39
[22:47:19] [Test thread/INFO] (MetalLifecycleGameTest) Metal benchmark stall: phase=stationary#3 tasks total=0.000ms/0
[22:47:19] [Test thread/INFO] (MetalLifecycleGameTest) Metal benchmark stall: phase=stationary#3 gpuPassSpans sumOfSpans=795.155ms/2616 Sky disc=428.135ms/361 Immediate draw with minecraft:pipeline/item_cutout=194.450ms/361 Immediate draw with minecraft:pipeline/entity_translucent=93.471ms/361 GUI before blur=59.893ms/361 (depth clear)=10.992ms/722 Animate minecraft:textures/atlas/blocks.png=6.239ms/300 Animate minecraft:textures/atlas/particles.png=0.885ms/60 Update light=0.656ms/60 Animate minecraft:textures/atlas/gui.png=0.434ms/30
[22:47:19] [Test thread/INFO] (MetalLifecycleGameTest) Metal benchmark stall: phase=stationary#3 frame=37 intervalMs=16.323 cpuMs=1.671 outsideLoopMs=0.022 render_frame=15.250ms/1 acquire=13.553ms/1 gpu_frame=7.970ms/1 client_tick=0.690ms/1 command_batch=0.323ms/3 0.3MiB client_post_tasks=0.309ms/1 client_tasks=0.047ms/1 buffer_map=0.009ms/16 0.6MiB submit=0.008ms/1 harness_handoff=0.005ms/1 upload_copy=0.004ms/2 0.0MiB client_post_render=0.003ms/1 level_end_frame=0.003ms/1 lod_prepare=0.002ms/1 client_pre_frame=0.002ms/1 arena_wait=0.001ms/1 client_gizmos=0.001ms/1 client_pre_render=0.000ms/1 present=0.000ms/1 task_drain=0.000ms/1 client_packets=0.000ms/1 render_pass_merge=0.000ms/13 unphasedMs=-0.001
[22:47:19] [Test thread/INFO] (MetalLifecycleGameTest) Metal benchmark stall: phase=stationary#3 frame=23 intervalMs=15.422 cpuMs=1.472 outsideLoopMs=0.025 render_frame=15.390ms/1 acquire=13.896ms/1 gpu_frame=7.549ms/1 command_batch=0.303ms/3 0.3MiB buffer_map=0.007ms/15 0.6MiB submit=0.007ms/1 upload_copy=0.004ms/2 0.0MiB client_pre_frame=0.004ms/1 client_post_render=0.003ms/1 level_end_frame=0.003ms/1 lod_prepare=0.002ms/1 arena_wait=0.001ms/1 client_tasks=0.000ms/1 client_pre_render=0.000ms/1 present=0.000ms/1 task_drain=0.000ms/1 client_packets=0.000ms/1 client_post_tasks=0.000ms/1 render_pass_merge=0.000ms/13 unphasedMs=-0.001
[22:47:19] [Test thread/INFO] (MetalLifecycleGameTest) Metal benchmark stall: phase=stationary#3 frame=257 intervalMs=15.025 cpuMs=1.678 outsideLoopMs=0.017 render_frame=15.001ms/1 acquire=13.299ms/1 gpu_frame=6.839ms/1 command_batch=0.399ms/3 0.3MiB submit=0.008ms/1 buffer_map=0.008ms/15 0.6MiB upload_copy=0.004ms/2 0.0MiB level_end_frame=0.003ms/1 client_pre_frame=0.003ms/1 client_post_render=0.003ms/1 lod_prepare=0.002ms/1 arena_wait=0.000ms/1 client_tasks=0.000ms/1 task_drain=0.000ms/1 client_pre_render=0.000ms/1 present=0.000ms/1 client_post_tasks=0.000ms/1 client_packets=0.000ms/1 render_pass_merge=0.000ms/13 unphasedMs=-0.000
[22:47:19] [Test thread/INFO] (MetalLifecycleGameTest) Metal benchmark stall: phase=stationary#3 frame=189 intervalMs=14.840 cpuMs=1.534 outsideLoopMs=0.020 render_frame=14.815ms/1 acquire=13.260ms/1 gpu_frame=6.809ms/1 command_batch=0.325ms/3 0.3MiB buffer_map=0.019ms/15 0.6MiB upload_copy=0.014ms/8 0.5MiB submit=0.006ms/1 level_end_frame=0.003ms/1 client_post_render=0.002ms/1 lod_prepare=0.002ms/1 client_pre_frame=0.002ms/1 arena_wait=0.001ms/1 client_tasks=0.000ms/1 task_drain=0.000ms/1 client_pre_render=0.000ms/1 client_packets=0.000ms/1 present=0.000ms/1 client_post_tasks=0.000ms/1 render_pass_merge=0.000ms/13 unphasedMs=0.000
[22:47:19] [Test thread/INFO] (MetalLifecycleGameTest) Metal benchmark stall: phase=stationary#3 frame=159 intervalMs=14.815 cpuMs=1.679 outsideLoopMs=0.033 render_frame=14.774ms/1 acquire=13.070ms/1 gpu_frame=6.501ms/1 command_batch=0.358ms/3 0.3MiB submit=0.007ms/1 upload_copy=0.007ms/6 0.1MiB buffer_map=0.006ms/15 0.6MiB client_post_render=0.004ms/1 lod_prepare=0.003ms/1 client_pre_frame=0.003ms/1 level_end_frame=0.003ms/1 client_pre_render=0.001ms/1 arena_wait=0.001ms/1 client_tasks=0.000ms/1 client_packets=0.000ms/1 task_drain=0.000ms/1 present=0.000ms/1 client_post_tasks=0.000ms/1 render_pass_merge=0.000ms/13 unphasedMs=0.000
[22:47:19] [Test thread/INFO] (MetalLifecycleGameTest) Metal benchmark stall: phase=stationary#3 frame=69 intervalMs=14.674 cpuMs=1.834 outsideLoopMs=0.022 render_frame=14.641ms/1 acquire=12.781ms/1 gpu_frame=6.587ms/1 command_batch=0.393ms/3 0.3MiB buffer_map=0.009ms/15 0.6MiB submit=0.007ms/1 client_pre_frame=0.006ms/1 upload_copy=0.005ms/2 0.0MiB level_end_frame=0.003ms/1 client_post_render=0.003ms/1 lod_prepare=0.003ms/1 arena_wait=0.000ms/1 client_pre_render=0.000ms/1 present=0.000ms/1 client_tasks=0.000ms/1 task_drain=0.000ms/1 client_packets=0.000ms/1 client_post_tasks=0.000ms/1 render_pass_merge=0.000ms/13 unphasedMs=0.000
[22:47:19] [Test thread/INFO] (MetalLifecycleGameTest) Metal benchmark stall: phase=stationary#3 frame=306 intervalMs=14.656 cpuMs=1.583 outsideLoopMs=0.018 render_frame=14.632ms/1 acquire=13.024ms/1 gpu_frame=6.719ms/1 command_batch=0.361ms/3 0.3MiB submit=0.008ms/1 buffer_map=0.007ms/15 0.6MiB upload_copy=0.003ms/2 0.0MiB level_end_frame=0.003ms/1 client_pre_frame=0.003ms/1 client_post_render=0.002ms/1 lod_prepare=0.002ms/1 client_pre_render=0.001ms/1 arena_wait=0.000ms/1 present=0.000ms/1 client_tasks=0.000ms/1 task_drain=0.000ms/1 client_packets=0.000ms/1 client_post_tasks=0.000ms/1 render_pass_merge=0.000ms/13 unphasedMs=0.000
[22:47:19] [Test thread/INFO] (MetalLifecycleGameTest) Metal benchmark stall: phase=stationary#3 frame=41 intervalMs=14.626 cpuMs=1.635 outsideLoopMs=0.021 render_frame=14.597ms/1 acquire=12.937ms/1 gpu_frame=7.007ms/1 command_batch=0.375ms/3 0.3MiB submit=0.008ms/1 buffer_map=0.007ms/15 0.6MiB client_pre_frame=0.003ms/1 upload_copy=0.003ms/2 0.0MiB level_end_frame=0.003ms/1 client_post_render=0.003ms/1 lod_prepare=0.002ms/1 client_tasks=0.000ms/1 arena_wait=0.000ms/1 task_drain=0.000ms/1 present=0.000ms/1 client_pre_render=0.000ms/1 client_packets=0.000ms/1 client_post_tasks=0.000ms/1 render_pass_merge=0.000ms/13 unphasedMs=0.000
[22:47:22] [Test thread/INFO] (MetalLifecycleGameTest) Metal benchmark: phase=pan#3 frames=335 seconds=2.7 avgFps=121.9 onePercentLow=64.5 pointOnePercentLow=63.0 p50CpuMs=1.433 p95CpuMs=1.812 p99CpuMs=1.888 p50IntervalMs=6.976 p99IntervalMs=15.120 worstIntervalMs=15.874 p50AcquireMs=5.358 p99AcquireMs=13.423 p50OutsideLoopMs=0.032 p99OutsideLoopMs=0.050
[22:47:22] [Test thread/INFO] (MetalLifecycleGameTest) Metal benchmark stall: phase=pan#3 whole-phase render_frame=2668.094ms/335 acquire=2189.964ms/335 gpu_frame=1579.684ms/335 command_batch=89.475ms/1005 64.8MiB client_tick=40.203ms/54 client_post_tasks=18.537ms/335 client_tasks=4.162ms/335 client_packets=3.492ms/335 buffer_map=3.097ms/5231 104.2MiB jvm_gc=3.000ms/1 submit=2.868ms/335 upload_copy=1.858ms/1124 15.1MiB client_post_render=1.491ms/335 client_pre_frame=1.246ms/335 lod_prepare=1.072ms/335 level_end_frame=0.964ms/335 buffer_create=0.899ms/61 16.8MiB harness_handoff=0.383ms/66 resource_release=0.342ms/61 16.8MiB arena_wait=0.195ms/335 client_pre_render=0.185ms/335 present=0.110ms/335 task_drain=0.088ms/335 client_gizmos=0.041ms/54 render_pass_merge=0.000ms/4258
[22:47:22] [Test thread/INFO] (MetalLifecycleGameTest) Metal benchmark stall: phase=pan#3 worst-1% render_frame=45.624ms/3 acquire=41.587ms/3 gpu_frame=24.158ms/3 command_batch=0.851ms/9 0.5MiB client_tick=0.791ms/1 client_post_tasks=0.340ms/3 client_tasks=0.087ms/3 buffer_map=0.026ms/48 0.7MiB submit=0.022ms/3 upload_copy=0.012ms/6 0.0MiB level_end_frame=0.008ms/3 client_post_render=0.008ms/3 client_pre_frame=0.007ms/3 harness_handoff=0.006ms/1 lod_prepare=0.006ms/3 arena_wait=0.001ms/3 present=0.001ms/3 client_pre_render=0.001ms/3 client_gizmos=0.001ms/1 task_drain=0.001ms/3 client_packets=0.000ms/3 render_pass_merge=0.000ms/39
[22:47:22] [Test thread/INFO] (MetalLifecycleGameTest) Metal benchmark stall: phase=pan#3 tasks total=0.000ms/0
[22:47:22] [Test thread/INFO] (MetalLifecycleGameTest) Metal benchmark stall: phase=pan#3 gpuPassSpans sumOfSpans=683.403ms/2640 Sky disc=334.417ms/365 Immediate draw with minecraft:pipeline/entity_cutout=98.224ms/221 Immediate draw with minecraft:pipeline/entity_translucent=95.535ms/365 Immediate draw with minecraft:pipeline/item_cutout=71.568ms/144 GUI before blur=60.968ms/365 (depth clear)=11.621ms/730 Animate minecraft:textures/atlas/blocks.png=7.855ms/300 Animate minecraft:textures/atlas/particles.png=2.026ms/60 Update light=0.781ms/60 Animate minecraft:textures/atlas/gui.png=0.409ms/30
[22:47:22] [Test thread/INFO] (MetalLifecycleGameTest) Metal benchmark stall: phase=pan#3 frame=58 intervalMs=15.874 cpuMs=1.369 outsideLoopMs=0.019 render_frame=15.850ms/1 acquire=14.460ms/1 gpu_frame=8.293ms/1 command_batch=0.284ms/3 0.1MiB buffer_map=0.010ms/16 0.2MiB submit=0.006ms/1 upload_copy=0.005ms/2 0.0MiB client_pre_frame=0.003ms/1 client_post_render=0.002ms/1 level_end_frame=0.002ms/1 lod_prepare=0.002ms/1 arena_wait=0.001ms/1 present=0.000ms/1 client_tasks=0.000ms/1 client_pre_render=0.000ms/1 task_drain=0.000ms/1 client_packets=0.000ms/1 client_post_tasks=0.000ms/1 render_pass_merge=0.000ms/14 unphasedMs=0.000
[22:47:22] [Test thread/INFO] (MetalLifecycleGameTest) Metal benchmark stall: phase=pan#3 frame=77 intervalMs=15.835 cpuMs=1.088 outsideLoopMs=0.016 render_frame=15.813ms/1 acquire=14.700ms/1 gpu_frame=8.829ms/1 command_batch=0.237ms/3 0.1MiB buffer_map=0.009ms/16 0.2MiB submit=0.007ms/1 upload_copy=0.003ms/2 0.0MiB level_end_frame=0.003ms/1 client_pre_frame=0.003ms/1 client_post_render=0.002ms/1 lod_prepare=0.001ms/1 client_pre_render=0.000ms/1 arena_wait=0.000ms/1 client_tasks=0.000ms/1 present=0.000ms/1 task_drain=0.000ms/1 client_post_tasks=0.000ms/1 client_packets=0.000ms/1 render_pass_merge=0.000ms/14 unphasedMs=-0.000
[22:47:22] [Test thread/INFO] (MetalLifecycleGameTest) Metal benchmark stall: phase=pan#3 frame=205 intervalMs=15.221 cpuMs=1.505 outsideLoopMs=0.035 render_frame=13.961ms/1 acquire=12.427ms/1 gpu_frame=7.036ms/1 client_tick=0.791ms/1 client_post_tasks=0.339ms/1 command_batch=0.330ms/3 0.2MiB client_tasks=0.087ms/1 submit=0.008ms/1 buffer_map=0.007ms/16 0.3MiB harness_handoff=0.006ms/1 client_post_render=0.004ms/1 upload_copy=0.004ms/2 0.0MiB lod_prepare=0.003ms/1 level_end_frame=0.003ms/1 client_pre_frame=0.002ms/1 client_gizmos=0.001ms/1 present=0.000ms/1 client_pre_render=0.000ms/1 task_drain=0.000ms/1 client_packets=0.000ms/1 arena_wait=0.000ms/1 render_pass_merge=0.000ms/11 unphasedMs=0.000
[22:47:22] [Test thread/INFO] (MetalLifecycleGameTest) Metal benchmark stall: phase=pan#3 frame=28 intervalMs=15.120 cpuMs=1.508 outsideLoopMs=0.023 render_frame=15.091ms/1 acquire=13.554ms/1 gpu_frame=7.095ms/1 command_batch=0.334ms/3 0.2MiB buffer_map=0.010ms/15 0.4MiB submit=0.009ms/1 upload_copy=0.003ms/2 0.0MiB client_post_render=0.003ms/1 level_end_frame=0.003ms/1 client_pre_frame=0.003ms/1 lod_prepare=0.002ms/1 client_pre_render=0.000ms/1 present=0.000ms/1 client_tasks=0.000ms/1 arena_wait=0.000ms/1 task_drain=0.000ms/1 client_packets=0.000ms/1 client_post_tasks=0.000ms/1 render_pass_merge=0.000ms/13 unphasedMs=-0.000
[22:47:22] [Test thread/INFO] (MetalLifecycleGameTest) Metal benchmark stall: phase=pan#3 frame=91 intervalMs=14.810 cpuMs=1.317 outsideLoopMs=0.034 render_frame=14.767ms/1 acquire=13.420ms/1 gpu_frame=7.052ms/1 command_batch=0.177ms/3 0.1MiB upload_copy=0.027ms/30 0.7MiB buffer_map=0.012ms/16 0.2MiB submit=0.009ms/1 client_post_render=0.005ms/1 client_pre_frame=0.003ms/1 level_end_frame=0.003ms/1 lod_prepare=0.003ms/1 arena_wait=0.001ms/1 present=0.000ms/1 client_pre_render=0.000ms/1 client_tasks=0.000ms/1 task_drain=0.000ms/1 client_packets=0.000ms/1 client_post_tasks=0.000ms/1 render_pass_merge=0.000ms/13 unphasedMs=-0.001
[22:47:22] [Test thread/INFO] (MetalLifecycleGameTest) Metal benchmark stall: phase=pan#3 frame=149 intervalMs=14.771 cpuMs=1.302 outsideLoopMs=0.020 render_frame=14.745ms/1 acquire=13.412ms/1 gpu_frame=6.857ms/1 command_batch=0.221ms/3 0.1MiB buffer_map=0.010ms/16 0.2MiB submit=0.009ms/1 upload_copy=0.005ms/2 0.0MiB client_pre_frame=0.003ms/1 level_end_frame=0.003ms/1 client_post_render=0.003ms/1 lod_prepare=0.002ms/1 arena_wait=0.001ms/1 present=0.000ms/1 client_tasks=0.000ms/1 client_pre_render=0.000ms/1 task_drain=0.000ms/1 client_packets=0.000ms/1 client_post_tasks=0.000ms/1 render_pass_merge=0.000ms/15 unphasedMs=-0.000
[22:47:22] [Test thread/INFO] (MetalLifecycleGameTest) Metal benchmark stall: phase=pan#3 frame=119 intervalMs=14.589 cpuMs=1.123 outsideLoopMs=0.013 render_frame=14.572ms/1 acquire=13.423ms/1 gpu_frame=7.453ms/1 command_batch=0.196ms/3 0.1MiB buffer_map=0.010ms/16 0.2MiB submit=0.009ms/1 upload_copy=0.005ms/2 0.0MiB level_end_frame=0.003ms/1 client_pre_frame=0.002ms/1 client_post_render=0.002ms/1 lod_prepare=0.001ms/1 arena_wait=0.001ms/1 present=0.000ms/1 client_pre_render=0.000ms/1 client_packets=0.000ms/1 client_tasks=0.000ms/1 task_drain=0.000ms/1 client_post_tasks=0.000ms/1 render_pass_merge=0.000ms/12 unphasedMs=-0.000
[22:47:22] [Test thread/INFO] (MetalLifecycleGameTest) Metal benchmark stall: phase=pan#3 frame=87 intervalMs=14.491 cpuMs=1.104 outsideLoopMs=0.021 render_frame=14.465ms/1 acquire=13.337ms/1 gpu_frame=7.257ms/1 command_batch=0.192ms/3 0.1MiB buffer_map=0.008ms/16 0.2MiB submit=0.008ms/1 upload_copy=0.008ms/6 0.1MiB level_end_frame=0.003ms/1 client_post_render=0.003ms/1 client_pre_frame=0.002ms/1 lod_prepare=0.002ms/1 arena_wait=0.001ms/1 client_pre_render=0.000ms/1 present=0.000ms/1 client_tasks=0.000ms/1 task_drain=0.000ms/1 client_packets=0.000ms/1 client_post_tasks=0.000ms/1 render_pass_merge=0.000ms/13 unphasedMs=0.000
[22:47:25] [Test thread/INFO] (MetalLifecycleGameTest) Metal benchmark: phase=traversal#3 frames=335 seconds=2.8 avgFps=121.5 onePercentLow=63.0 pointOnePercentLow=61.6 p50CpuMs=1.716 p95CpuMs=2.071 p99CpuMs=2.464 p50IntervalMs=6.893 p99IntervalMs=15.627 worstIntervalMs=16.230 p50AcquireMs=5.038 p99AcquireMs=14.000 p50OutsideLoopMs=0.030 p99OutsideLoopMs=0.043
[22:47:25] [Test thread/INFO] (MetalLifecycleGameTest) Metal benchmark stall: phase=traversal#3 whole-phase render_frame=2668.450ms/335 acquire=2082.005ms/335 gpu_frame=1442.580ms/335 command_batch=123.274ms/1005 92.7MiB client_tick=42.749ms/55 client_post_tasks=17.712ms/335 client_tasks=7.730ms/335 client_packets=7.457ms/335 jvm_gc=5.000ms/1 buffer_map=2.937ms/5082 174.6MiB submit=2.801ms/335 upload_copy=1.916ms/1485 18.7MiB buffer_create=1.865ms/126 45.0MiB client_post_render=1.381ms/335 client_pre_frame=1.161ms/335 level_end_frame=0.902ms/335 resource_release=0.661ms/126 45.5MiB lod_prepare=0.495ms/335 harness_handoff=0.380ms/82 arena_wait=0.196ms/335 client_pre_render=0.166ms/335 present=0.121ms/335 task_drain=0.088ms/335 client_gizmos=0.042ms/55 render_pass_merge=0.000ms/4451
[22:47:25] [Test thread/INFO] (MetalLifecycleGameTest) Metal benchmark stall: phase=traversal#3 worst-1% render_frame=47.787ms/3 acquire=43.062ms/3 gpu_frame=19.704ms/3 command_batch=0.976ms/9 0.8MiB buffer_map=0.027ms/45 1.6MiB submit=0.021ms/3 upload_copy=0.014ms/6 0.0MiB client_post_render=0.010ms/3 client_pre_frame=0.009ms/3 level_end_frame=0.008ms/3 lod_prepare=0.003ms/3 arena_wait=0.002ms/3 client_tasks=0.001ms/3 present=0.001ms/3 client_pre_render=0.001ms/3 task_drain=0.001ms/3 client_packets=0.001ms/3 client_post_tasks=0.000ms/3 render_pass_merge=0.000ms/39
[22:47:25] [Test thread/INFO] (MetalLifecycleGameTest) Metal benchmark stall: phase=traversal#3 tasks total=0.000ms/0
[22:47:25] [Test thread/INFO] (MetalLifecycleGameTest) Metal benchmark stall: phase=traversal#3 gpuPassSpans sumOfSpans=853.903ms/2642 Sky disc=454.816ms/365 Immediate draw with minecraft:pipeline/item_cutout=218.091ms/365 Immediate draw with minecraft:pipeline/entity_translucent=97.839ms/365 GUI before blur=61.210ms/365 (depth clear)=12.201ms/730 Animate minecraft:textures/atlas/blocks.png=6.344ms/300 Animate minecraft:textures/atlas/particles.png=1.200ms/60 Clouds=1.054ms/2 Update light=0.700ms/60 Animate minecraft:textures/atlas/gui.png=0.448ms/30
[22:47:25] [Test thread/INFO] (MetalLifecycleGameTest) Metal benchmark stall: phase=traversal#3 frame=165 intervalMs=16.230 cpuMs=1.458 outsideLoopMs=0.024 render_frame=16.200ms/1 acquire=14.721ms/1 gpu_frame=6.500ms/1 command_batch=0.323ms/3 0.3MiB buffer_map=0.008ms/15 0.5MiB submit=0.007ms/1 upload_copy=0.004ms/2 0.0MiB client_pre_frame=0.004ms/1 client_post_render=0.003ms/1 level_end_frame=0.003ms/1 arena_wait=0.000ms/1 lod_prepare=0.000ms/1 client_pre_render=0.000ms/1 client_tasks=0.000ms/1 present=0.000ms/1 client_packets=0.000ms/1 task_drain=0.000ms/1 client_post_tasks=0.000ms/1 render_pass_merge=0.000ms/13 unphasedMs=-0.002
[22:47:25] [Test thread/INFO] (MetalLifecycleGameTest) Metal benchmark stall: phase=traversal#3 frame=62 intervalMs=15.939 cpuMs=1.547 outsideLoopMs=0.018 render_frame=15.915ms/1 acquire=14.341ms/1 gpu_frame=6.559ms/1 command_batch=0.288ms/3 0.3MiB buffer_map=0.008ms/15 0.6MiB submit=0.007ms/1 upload_copy=0.005ms/2 0.0MiB client_pre_frame=0.003ms/1 level_end_frame=0.003ms/1 client_post_render=0.002ms/1 lod_prepare=0.002ms/1 arena_wait=0.001ms/1 present=0.000ms/1 client_tasks=0.000ms/1 client_pre_render=0.000ms/1 task_drain=0.000ms/1 client_packets=0.000ms/1 client_post_tasks=0.000ms/1 render_pass_merge=0.000ms/13 unphasedMs=-0.000
[22:47:25] [Test thread/INFO] (MetalLifecycleGameTest) Metal benchmark stall: phase=traversal#3 frame=179 intervalMs=15.711 cpuMs=1.649 outsideLoopMs=0.033 render_frame=15.672ms/1 acquire=14.000ms/1 gpu_frame=6.645ms/1 command_batch=0.366ms/3 0.3MiB buffer_map=0.011ms/15 0.5MiB submit=0.007ms/1 upload_copy=0.005ms/2 0.0MiB client_post_render=0.004ms/1 level_end_frame=0.002ms/1 client_pre_frame=0.002ms/1 lod_prepare=0.001ms/1 arena_wait=0.001ms/1 client_tasks=0.001ms/1 present=0.000ms/1 task_drain=0.000ms/1 client_pre_render=0.000ms/1 client_packets=0.000ms/1 client_post_tasks=0.000ms/1 render_pass_merge=0.000ms/13 unphasedMs=-0.002
[22:47:25] [Test thread/INFO] (MetalLifecycleGameTest) Metal benchmark stall: phase=traversal#3 frame=193 intervalMs=15.627 cpuMs=1.335 outsideLoopMs=0.021 render_frame=15.602ms/1 acquire=14.244ms/1 gpu_frame=6.538ms/1 command_batch=0.298ms/3 0.3MiB buffer_map=0.008ms/15 0.5MiB submit=0.007ms/1 level_end_frame=0.003ms/1 upload_copy=0.003ms/2 0.0MiB client_pre_frame=0.002ms/1 client_post_render=0.002ms/1 lod_prepare=0.001ms/1 arena_wait=0.000ms/1 client_pre_render=0.000ms/1 client_tasks=0.000ms/1 task_drain=0.000ms/1 present=0.000ms/1 client_packets=0.000ms/1 client_post_tasks=0.000ms/1 render_pass_merge=0.000ms/13 unphasedMs=-0.001
[22:47:25] [Test thread/INFO] (MetalLifecycleGameTest) Metal benchmark stall: phase=traversal#3 frame=175 intervalMs=15.547 cpuMs=1.776 outsideLoopMs=0.024 render_frame=15.516ms/1 acquire=13.715ms/1 gpu_frame=5.987ms/1 command_batch=0.318ms/3 0.3MiB buffer_map=0.011ms/15 0.5MiB submit=0.008ms/1 upload_copy=0.004ms/2 0.0MiB client_pre_frame=0.004ms/1 client_post_render=0.004ms/1 level_end_frame=0.003ms/1 arena_wait=0.001ms/1 lod_prepare=0.001ms/1 client_pre_render=0.000ms/1 client_packets=0.000ms/1 client_tasks=0.000ms/1 present=0.000ms/1 task_drain=0.000ms/1 client_post_tasks=0.000ms/1 render_pass_merge=0.000ms/13 unphasedMs=-0.003
[22:47:25] [Test thread/INFO] (MetalLifecycleGameTest) Metal benchmark stall: phase=traversal#3 frame=153 intervalMs=15.522 cpuMs=1.621 outsideLoopMs=0.027 render_frame=15.487ms/1 acquire=13.846ms/1 gpu_frame=6.497ms/1 command_batch=0.325ms/3 0.3MiB buffer_map=0.009ms/15 0.5MiB submit=0.006ms/1 upload_copy=0.005ms/2 0.0MiB client_pre_frame=0.004ms/1 client_post_render=0.004ms/1 level_end_frame=0.003ms/1 lod_prepare=0.001ms/1 arena_wait=0.001ms/1 client_pre_render=0.001ms/1 client_packets=0.000ms/1 client_tasks=0.000ms/1 present=0.000ms/1 task_drain=0.000ms/1 client_post_tasks=0.000ms/1 render_pass_merge=0.000ms/13 unphasedMs=-0.002
[22:47:25] [Test thread/INFO] (MetalLifecycleGameTest) Metal benchmark stall: phase=traversal#3 frame=123 intervalMs=15.294 cpuMs=1.377 outsideLoopMs=0.024 render_frame=15.264ms/1 acquire=13.868ms/1 gpu_frame=6.532ms/1 command_batch=0.274ms/3 0.3MiB buffer_map=0.008ms/15 0.5MiB submit=0.005ms/1 client_pre_frame=0.004ms/1 upload_copy=0.003ms/2 0.0MiB client_post_render=0.003ms/1 level_end_frame=0.003ms/1 client_pre_render=0.001ms/1 lod_prepare=0.001ms/1 present=0.000ms/1 arena_wait=0.000ms/1 client_tasks=0.000ms/1 client_packets=0.000ms/1 task_drain=0.000ms/1 client_post_tasks=0.000ms/1 render_pass_merge=0.000ms/13 unphasedMs=-0.001
[22:47:25] [Test thread/INFO] (MetalLifecycleGameTest) Metal benchmark stall: phase=traversal#3 frame=105 intervalMs=15.106 cpuMs=1.433 outsideLoopMs=0.032 render_frame=15.065ms/1 acquire=13.612ms/1 gpu_frame=6.918ms/1 command_batch=0.289ms/3 0.3MiB buffer_map=0.007ms/15 0.5MiB submit=0.007ms/1 client_post_render=0.005ms/1 client_pre_frame=0.004ms/1 upload_copy=0.004ms/2 0.0MiB level_end_frame=0.003ms/1 lod_prepare=0.001ms/1 client_pre_render=0.001ms/1 client_tasks=0.001ms/1 arena_wait=0.001ms/1 present=0.000ms/1 task_drain=0.000ms/1 client_packets=0.000ms/1 client_post_tasks=0.000ms/1 render_pass_merge=0.000ms/13 unphasedMs=-0.002
[22:47:25] [Test thread/INFO] (MetalLifecycleGameTest) Metal benchmark result: backend=Metal arch=aarch64 maxHeapMiB=16384 gc=G1 Young Generation+G1 Concurrent GC+G1 Old Generation resolution=3840x2160 drawable=3840x2160 renderDistance=16 simulationDistance=16 seed=metalcraft site=-1536,173,-128 roughness=32.938 flatFrameFraction=0.758 loadedChunkFraction=1.000 visibleSections=871
[22:47:25] [Test thread/INFO] (MetalLifecycleGameTest) Metal benchmark result: phase=stationary#1 frames=337 seconds=2.8 avgFps=122.4 onePercentLow=66.6 pointOnePercentLow=64.1 p50CpuMs=1.710 p95CpuMs=2.048 p99CpuMs=2.271 p50IntervalMs=6.922 p99IntervalMs=14.791 worstIntervalMs=15.597 p50AcquireMs=5.016 p99AcquireMs=13.137 p50OutsideLoopMs=0.037 p99OutsideLoopMs=0.063
[22:47:25] [Test thread/INFO] (MetalLifecycleGameTest) Metal benchmark result: phase=pan#1 frames=345 seconds=2.7 avgFps=126.0 onePercentLow=61.9 pointOnePercentLow=60.4 p50CpuMs=1.396 p95CpuMs=1.927 p99CpuMs=2.145 p50IntervalMs=6.967 p99IntervalMs=15.920 worstIntervalMs=16.546 p50AcquireMs=5.544 p99AcquireMs=14.403 p50OutsideLoopMs=0.034 p99OutsideLoopMs=0.060
[22:47:25] [Test thread/INFO] (MetalLifecycleGameTest) Metal benchmark result: phase=traversal#1 frames=331 seconds=2.8 avgFps=120.3 onePercentLow=65.0 pointOnePercentLow=60.5 p50CpuMs=1.681 p95CpuMs=2.180 p99CpuMs=3.027 p50IntervalMs=8.176 p99IntervalMs=14.936 worstIntervalMs=16.518 p50AcquireMs=4.986 p99AcquireMs=13.151 p50OutsideLoopMs=0.031 p99OutsideLoopMs=0.049
[22:47:25] [Test thread/INFO] (MetalLifecycleGameTest) Metal benchmark result: phase=stationary#2 frames=338 seconds=2.8 avgFps=122.8 onePercentLow=62.3 pointOnePercentLow=61.4 p50CpuMs=1.730 p95CpuMs=2.006 p99CpuMs=2.166 p50IntervalMs=6.845 p99IntervalMs=15.827 worstIntervalMs=16.278 p50AcquireMs=4.993 p99AcquireMs=14.166 p50OutsideLoopMs=0.031 p99OutsideLoopMs=0.045
[22:47:25] [Test thread/INFO] (MetalLifecycleGameTest) Metal benchmark result: phase=pan#2 frames=332 seconds=2.8 avgFps=120.6 onePercentLow=66.7 pointOnePercentLow=65.9 p50CpuMs=1.468 p95CpuMs=1.914 p99CpuMs=2.093 p50IntervalMs=6.489 p99IntervalMs=14.802 worstIntervalMs=15.180 p50AcquireMs=5.020 p99AcquireMs=13.322 p50OutsideLoopMs=0.028 p99OutsideLoopMs=0.053
[22:47:25] [Test thread/INFO] (MetalLifecycleGameTest) Metal benchmark result: phase=traversal#2 frames=330 seconds=2.7 avgFps=120.0 onePercentLow=65.9 pointOnePercentLow=63.4 p50CpuMs=1.779 p95CpuMs=2.108 p99CpuMs=2.329 p50IntervalMs=8.430 p99IntervalMs=14.911 worstIntervalMs=15.770 p50AcquireMs=5.732 p99AcquireMs=13.191 p50OutsideLoopMs=0.029 p99OutsideLoopMs=0.050
[22:47:25] [Test thread/INFO] (MetalLifecycleGameTest) Metal benchmark result: phase=stationary#3 frames=332 seconds=2.8 avgFps=120.5 onePercentLow=64.9 pointOnePercentLow=61.3 p50CpuMs=1.743 p95CpuMs=1.990 p99CpuMs=2.208 p50IntervalMs=6.618 p99IntervalMs=14.840 worstIntervalMs=16.323 p50AcquireMs=4.684 p99AcquireMs=13.260 p50OutsideLoopMs=0.026 p99OutsideLoopMs=0.042
[22:47:25] [Test thread/INFO] (MetalLifecycleGameTest) Metal benchmark result: phase=pan#3 frames=335 seconds=2.7 avgFps=121.9 onePercentLow=64.5 pointOnePercentLow=63.0 p50CpuMs=1.433 p95CpuMs=1.812 p99CpuMs=1.888 p50IntervalMs=6.976 p99IntervalMs=15.120 worstIntervalMs=15.874 p50AcquireMs=5.358 p99AcquireMs=13.423 p50OutsideLoopMs=0.032 p99OutsideLoopMs=0.050
[22:47:25] [Test thread/INFO] (MetalLifecycleGameTest) Metal benchmark result: phase=traversal#3 frames=335 seconds=2.8 avgFps=121.5 onePercentLow=63.0 pointOnePercentLow=61.6 p50CpuMs=1.716 p95CpuMs=2.071 p99CpuMs=2.464 p50IntervalMs=6.893 p99IntervalMs=15.627 worstIntervalMs=16.230 p50AcquireMs=5.038 p99AcquireMs=14.000 p50OutsideLoopMs=0.030 p99OutsideLoopMs=0.043
[22:47:25] [Test thread/INFO] (MetalLifecycleGameTest) Metal benchmark summary: phase=stationary repeats=3 medianFps=122.4 minFps=120.5 maxFps=122.8 spreadFps=2.3 spreadPercent=1.8 medianOnePercentLow=64.9 worstIntervalMs=16.323
[22:47:25] [Test thread/INFO] (MetalLifecycleGameTest) Metal benchmark summary: phase=pan repeats=3 medianFps=121.9 minFps=120.6 maxFps=126.0 spreadFps=5.5 spreadPercent=4.5 medianOnePercentLow=64.5 worstIntervalMs=16.546
[22:47:25] [Test thread/INFO] (MetalLifecycleGameTest) Metal benchmark summary: phase=traversal repeats=3 medianFps=120.3 minFps=120.0 maxFps=121.5 spreadFps=1.5 spreadPercent=1.3 medianOnePercentLow=65.0 worstIntervalMs=16.518
[22:47:25] [Test thread/INFO] (MetalLifecycleGameTest) Metal benchmark result written to /Users/jackangione/Desktop/VULKAN SHADERS/run/benchmarks/metalcraft-metal.json
[22:47:25] [Server thread/INFO] (Minecraft) Player927 lost connection: Disconnected
[22:47:25] [Server thread/INFO] (Minecraft) Player927 left the game
[22:47:25] [Server thread/INFO] (Minecraft) Stopping singleplayer server as player logged out
[22:47:25] [Server thread/INFO] (Minecraft) Stopping server
[22:47:25] [Server thread/INFO] (Minecraft) Saving players
[22:47:25] [Server thread/INFO] (Minecraft) Saving worlds
[22:47:25] [Server thread/INFO] (Minecraft) Saving chunks for level 'ServerLevel[New World]'/minecraft:overworld
[22:47:27] [Server thread/INFO] (Minecraft) Saving chunks for level 'ServerLevel[New World]'/minecraft:the_end
[22:47:27] [Server thread/INFO] (Minecraft) Saving chunks for level 'ServerLevel[New World]'/minecraft:the_nether
[22:47:27] [Server thread/INFO] (Minecraft) ThreadedAnvilChunkStorage (world): All chunks are saved
[22:47:27] [Server thread/INFO] (Minecraft) ThreadedAnvilChunkStorage (DIM1): All chunks are saved
[22:47:27] [Server thread/INFO] (Minecraft) ThreadedAnvilChunkStorage (DIM-1): All chunks are saved
[22:47:27] [Server thread/INFO] (Minecraft) ThreadedAnvilChunkStorage: All dimensions are saved
[22:47:27] [Test thread/INFO] (MetalLifecycleGameTest) Metal benchmark: world closed; clean client shutdown requested
[22:47:27] [Render thread/INFO] (ShaderPackRuntime) Loaded MetalCraft shader pack 'MetalCraft Standard': 3 pass(es), 4 target(s), 18 option(s), 33177600 bytes
[22:47:27] [Render thread/INFO] (MetalGpuSurface) MetalCraft surface configured: 1708x960 presentMode=IMMEDIATE displaySync=false unlockedFrameRate=true
[22:47:27] [Render thread/INFO] (Minecraft) Stopping!

BUILD SUCCESSFUL in 1m 54s
8 actionable tasks: 1 executed, 7 up-to-date
