[15:14:25] [main/WARN] (FabricLoader/Knot) Class path entries reference missing files: /Users/jackangione/Desktop/VULKAN SHADERS/build/classes/java/main - the game may not load properly!
[15:14:25] [main/INFO] (FabricLoader/GameProvider) Loading Minecraft 26.2 with Fabric Loader 0.19.3
[15:14:25] [main/INFO] (FabricLoader/Mappings) Mappings not present!
[15:14:25] [main/INFO] (FabricLoader) Loading 51 mods:
	- fabric-api 0.157.0+26.2
	- fabric-api-base 2.0.4+ece063239e
	- fabric-api-lookup-api-v1 2.0.17+11e1c9a39e
	- fabric-biome-api-v1 18.0.6+c7bd5b8e9e
	- fabric-block-api-v1 3.0.3+ec56b6019e
	- fabric-block-getter-api-v2 2.0.7+ec56b6019e
	- fabric-client-gametest-api-v1 6.0.0+515ac5339e
	- fabric-command-api-v2 3.1.0+00cb03469e
	- fabric-content-registries-v0 11.3.1+37b1aa249e
	- fabric-convention-tags-v2 4.7.0+1f023a9e9e
	- fabric-crash-report-info-v1 1.0.5+086d547a9e
	- fabric-creative-tab-api-v1 5.0.14+d871b99e9e
	- fabric-data-attachment-api-v1 2.2.18+515ac5339e
	- fabric-data-generation-api-v1 25.5.0+aed122aa9e
	- fabric-debug-api-v1 1.0.2+c792624d9e
	- fabric-dimensions-v1 5.1.11+515ac5339e
	- fabric-entity-events-v1 5.0.5+06488ac19e
	- fabric-events-interaction-v0 5.2.7+515ac5339e
	- fabric-game-rule-api-v1 4.0.8+46a6d00c9e
	- fabric-gametest-api-v1 4.0.21+4a7fa0819e
	- fabric-item-api-v1 14.4.0+49a69a7b9e
	- fabric-key-mapping-api-v1 2.0.5+e2bdee789e
	- fabric-lifecycle-events-v1 4.1.3+4575b05f9e
	- fabric-loot-api-v3 3.0.17+06488ac19e
	- fabric-menu-api-v1 2.0.16+086d547a9e
	- fabric-message-api-v1 7.0.8+bb2ed3f79e
	- fabric-model-loading-api-v1 8.0.16+c80601bb9e
	- fabric-networking-api-v1 6.3.3+72073ef09e
	- fabric-object-builder-api-v1 24.1.0+6fcd5f039e
	- fabric-particles-v1 5.0.18+d1756aa99e
	- fabric-permission-api-v1 1.0.5+e442d8d09e
	- fabric-recipe-api-v1 9.0.20+11e1c9a39e
	- fabric-registry-sync-v0 7.1.0+c7bd5b8e9e
	- fabric-renderer-api-v1 14.1.3+2b0d8a229e
	- fabric-renderer-indigo 9.1.3+2b0d8a229e
	- fabric-rendering-fluids-v1 6.0.4+06488ac19e
	- fabric-rendering-v1 25.3.2+515ac5339e
	- fabric-resource-conditions-api-v1 6.1.0+10e9a28b9e
	- fabric-resource-loader-v0 3.3.20+4fc5413f9e
	- fabric-resource-loader-v1 2.0.13+9edec1269e
	- fabric-screen-api-v1 5.2.0+58e078ad9e
	- fabric-serialization-api-v1 2.0.4+11a26f319e
	- fabric-sound-api-v1 2.0.5+11a26f319e
	- fabric-tag-api-v1 2.1.4+515ac5339e
	- fabric-transfer-api-v1 8.0.12+11dbb7d79e
	- fabric-transitive-access-wideners-v1 8.1.4+67c847259e
	- fabricloader 0.19.3
	- java 25
	- metalcraft 0.2.0-dev.1
	- minecraft 26.2
	- mixinextras 0.5.4
[15:14:25] [main/INFO] (FabricLoader/Mixin) SpongePowered MIXIN Subsystem Version=0.8.7 Source=file:/Users/jackangione/.gradle/caches/modules-2/files-2.1/net.fabricmc/sponge-mixin/0.17.3+mixin.0.8.7/41c4a3984a80f4679e759fb9f495587acc5cdac7/sponge-mixin-0.17.3+mixin.0.8.7.jar Service=Knot/Fabric Env=CLIENT
[15:14:25] [main/INFO] (FabricLoader/Mixin) Compatibility level set to JAVA_25
[15:14:26] [main/INFO] (MetalCraftPreLaunch) MetalCraft direct Metal bridge opened an owned device and command queue: Apple M4 Max (recommended working set: 53084 MiB)
[15:14:26] [main/WARN] (MetalCraftPreLaunch) Direct Metal backend selection is active and experimental; Minecraft's OpenGL crash recovery remains available
[15:14:26] [main/INFO] (FabricLoader/MixinExtras|Service) Initializing MixinExtras via com.llamalad7.mixinextras.service.MixinExtrasServiceImpl(version=0.5.4).
[15:14:26] [Datafixer Bootstrap #0/INFO] (Minecraft) 295 Datafixer optimizations took 123 milliseconds
[15:14:26] [main/WARN] (MacOperatingSystem) Unable to parse version 27.0 to a codename.
[15:14:28] [Render thread/INFO] (Minecraft) Environment: Environment[sessionHost=https://sessionserver.mojang.com, servicesHost=https://api.minecraftservices.com, profilesHost=https://api.mojang.com, name=PROD]
[15:14:28] [Render thread/INFO] (Minecraft) Setting user: Player101
[15:14:28] [Render thread/INFO] (Indigo) [Indigo] Registering Indigo renderer!
[15:14:28] [Download-2/ERROR] (Minecraft) Failed to fetch user properties
com.mojang.authlib.exceptions.InvalidCredentialsException: Status: 401
	at knot//com.mojang.authlib.exceptions.MinecraftClientHttpException.toAuthenticationException(MinecraftClientHttpException.java:70)
	at knot//com.mojang.authlib.yggdrasil.YggdrasilUserApiService.fetchProperties(YggdrasilUserApiService.java:173)
	at knot//net.minecraft.client.Minecraft.lambda$new$1(Minecraft.java:418)
	at java.base/java.util.concurrent.CompletableFuture$AsyncSupply.run(CompletableFuture.java:1789)
	at java.base/java.util.concurrent.ThreadPoolExecutor.runWorker(ThreadPoolExecutor.java:1090)
	at java.base/java.util.concurrent.ThreadPoolExecutor$Worker.run(ThreadPoolExecutor.java:614)
	at java.base/java.lang.Thread.run(Thread.java:1474)
Caused by: MinecraftClientHttpException[type=HTTP_ERROR, status=401, response=ErrorResponse[path=/player/attributes, error=null, errorMessage=null, details=null]]
	at knot//com.mojang.authlib.minecraft.client.MinecraftClient.buildHttpException(MinecraftClient.java:170)
	at knot//com.mojang.authlib.minecraft.client.MinecraftClient.readServiceResponse(MinecraftClient.java:147)
	at knot//com.mojang.authlib.minecraft.client.MinecraftClient.getWithEtag(MinecraftClient.java:81)
	at knot//com.mojang.authlib.minecraft.client.MinecraftClient.get(MinecraftClient.java:65)
	at knot//com.mojang.authlib.yggdrasil.YggdrasilUserApiService.fetchProperties(YggdrasilUserApiService.java:123)
	... 5 more
[15:14:28] [Render thread/ERROR] (Minecraft) Illegal option value 0 for Anisotropic Filtering
[15:14:28] [Render thread/INFO] (Minecraft) Backend library: LWJGL version 3.4.1-snapshot
[15:14:28] [Render thread/WARN] (Minecraft) Graphics backend forced to default by launch argument, in-game preferred graphics backend setting is ignored
[15:14:28] [Render thread/INFO] (Minecraft) Using graphics backend Metal, using drivers: Mac OS X 27.0
[15:14:28] [Render thread/INFO] (Minecraft) Using graphics device: Apple M4 Max (Apple)
[15:14:28] [Render thread/INFO] (Minecraft) Using graphics device extensions: Metal
[15:14:29] [Download-1/INFO] (Minecraft) Could not authorize you against Realms server: java.lang.RuntimeException: Failed to parse into SignedJWT: FabricMC
[15:14:29] [Download-1/ERROR] (Minecraft) Failed to fetch Realms feature flags
com.mojang.realmsclient.exception.RealmsServiceException: Realms authentication error with message 'java.lang.RuntimeException: Failed to parse into SignedJWT: FabricMC'
	at knot//com.mojang.realmsclient.client.RealmsClient.execute(RealmsClient.java:509)
	at knot//com.mojang.realmsclient.client.RealmsClient.fetchFeatureFlags(RealmsClient.java:159)
	at java.base/java.util.concurrent.CompletableFuture$AsyncSupply.run(CompletableFuture.java:1789)
	at java.base/java.util.concurrent.ThreadPoolExecutor.runWorker(ThreadPoolExecutor.java:1090)
	at java.base/java.util.concurrent.ThreadPoolExecutor$Worker.run(ThreadPoolExecutor.java:614)
	at java.base/java.lang.Thread.run(Thread.java:1474)
[15:14:29] [Render thread/INFO] (Minecraft) Reloading ResourceManager: vanilla, fabric-api, fabric-api-base, fabric-api-lookup-api-v1, fabric-biome-api-v1, fabric-block-api-v1, fabric-block-getter-api-v2, fabric-client-gametest-api-v1, fabric-command-api-v2, fabric-content-registries-v0, fabric-convention-tags-v2, fabric-crash-report-info-v1, fabric-creative-tab-api-v1, fabric-data-attachment-api-v1, fabric-data-generation-api-v1, fabric-debug-api-v1, fabric-dimensions-v1, fabric-entity-events-v1, fabric-events-interaction-v0, fabric-game-rule-api-v1, fabric-gametest-api-v1, fabric-item-api-v1, fabric-key-mapping-api-v1, fabric-lifecycle-events-v1, fabric-loot-api-v3, fabric-menu-api-v1, fabric-message-api-v1, fabric-model-loading-api-v1, fabric-networking-api-v1, fabric-object-builder-api-v1, fabric-particles-v1, fabric-permission-api-v1, fabric-recipe-api-v1, fabric-registry-sync-v0, fabric-renderer-api-v1, fabric-renderer-indigo, fabric-rendering-fluids-v1, fabric-rendering-v1, fabric-resource-conditions-api-v1, fabric-resource-loader-v0, fabric-resource-loader-v1, fabric-screen-api-v1, fabric-serialization-api-v1, fabric-sound-api-v1, fabric-tag-api-v1, fabric-transfer-api-v1, fabric-transitive-access-wideners-v1, fabricloader, metalcraft
[15:14:29] [Render thread/INFO] (MetalCraftClient) MetalCraft direct renderer active: Apple / Apple M4 Max using Metal
[15:14:29] [Render thread/WARN] (Minecraft) Failed to find suitable monitor for fullscreen mode
[15:14:29] [Render thread/INFO] (MetalGpuSurface) MetalCraft surface configured: 1708x960 presentMode=IMMEDIATE displaySync=false unlockedFrameRate=true
[15:14:29] [Worker-Main-7/INFO] (Minecraft) Found unifont_all_no_pua-17.0.01.hex, loading
[15:14:29] [Worker-Main-4/INFO] (Minecraft) Found unifont_pua-17.0.01.hex, loading
[15:14:29] [Worker-Main-5/INFO] (Minecraft) Found unifont_jp_patch-17.0.01.hex, loading
[15:14:29] [Render thread/INFO] (MetalGpuSurface) MetalCraft surface configured: 1708x960 presentMode=IMMEDIATE displaySync=false unlockedFrameRate=true
[15:14:32] [Render thread/INFO] (Minecraft) OpenAL initialized on device DENON-AVR
[15:14:32] [Render thread/INFO] (Minecraft) Sound engine started
[15:14:32] [Render thread/INFO] (Minecraft) Created: 512x256x0 minecraft:textures/atlas/particles.png-atlas
[15:14:32] [Render thread/INFO] (Minecraft) Created: 128x128x0 minecraft:textures/atlas/decorated_pot.png-atlas
[15:14:32] [Render thread/INFO] (Minecraft) Created: 2048x1024x0 minecraft:textures/atlas/armor_trims.png-atlas
[15:14:32] [Render thread/INFO] (Minecraft) Created: 512x256x0 minecraft:textures/atlas/paintings.png-atlas
[15:14:32] [Render thread/INFO] (Minecraft) Created: 1024x512x0 minecraft:textures/atlas/shield_patterns.png-atlas
[15:14:32] [Render thread/INFO] (Minecraft) Created: 2048x2048x4 minecraft:textures/atlas/blocks.png-atlas
[15:14:32] [Render thread/INFO] (Minecraft) Created: 512x512x0 minecraft:textures/atlas/chest.png-atlas
[15:14:32] [Render thread/INFO] (Minecraft) Created: 256x128x0 minecraft:textures/atlas/celestials.png-atlas
[15:14:32] [Render thread/INFO] (Minecraft) Created: 1024x512x0 minecraft:textures/atlas/banner_patterns.png-atlas
[15:14:32] [Render thread/INFO] (Minecraft) Created: 1024x512x0 minecraft:textures/atlas/items.png-atlas
[15:14:32] [Render thread/INFO] (Minecraft) Created: 1024x1024x0 minecraft:textures/atlas/gui.png-atlas
[15:14:32] [Render thread/INFO] (Minecraft) Created: 128x64x0 minecraft:textures/atlas/map_decorations.png-atlas
[15:14:32] [Render thread/INFO] (Minecraft) Created: 512x512x0 minecraft:textures/atlas/shulker_boxes.png-atlas
[15:14:32] [Download-1/INFO] (Minecraft) Could not authorize you against Realms server: java.lang.RuntimeException: Failed to parse into SignedJWT: FabricMC
[15:14:32] [Download-1/ERROR] (Minecraft) Couldn't connect to realms
com.mojang.realmsclient.exception.RealmsServiceException: Realms authentication error with message 'java.lang.RuntimeException: Failed to parse into SignedJWT: FabricMC'
	at knot//com.mojang.realmsclient.client.RealmsClient.execute(RealmsClient.java:509)
	at knot//com.mojang.realmsclient.client.RealmsClient.clientCompatible(RealmsClient.java:281)
	at knot//com.mojang.realmsclient.RealmsAvailability.lambda$check$0(RealmsAvailability.java:47)
	at java.base/java.util.concurrent.CompletableFuture$AsyncSupply.run(CompletableFuture.java:1789)
	at java.base/java.util.concurrent.ThreadPoolExecutor.runWorker(ThreadPoolExecutor.java:1090)
	at java.base/java.util.concurrent.ThreadPoolExecutor$Worker.run(ThreadPoolExecutor.java:614)
	at java.base/java.lang.Thread.run(Thread.java:1474)
[15:14:34] [Test thread/INFO] (MetalLifecycleGameTest) Metal lifecycle validation: Metal backend selected
[15:14:34] [Render thread/INFO] (ShaderPackRuntime) Loaded MetalCraft shader pack 'MetalCraft Standard': 3 pass(es), 4 target(s), 18 option(s), 6558720 bytes
[15:14:34] [Render thread/INFO] (MetalGpuSurface) MetalCraft surface configured: 1708x960 presentMode=IMMEDIATE displaySync=false unlockedFrameRate=true
[15:14:35] [Render thread/INFO] (Minecraft) Loaded 1585 recipes
[15:14:35] [Render thread/INFO] (Minecraft) Loaded 1688 advancements
[15:14:35] [Render thread/INFO] (fabric-client-gametest-api-v1) World loading finished: null screen: net.minecraft.client.gui.screens.GenericMessageScreen@76f82103
[15:14:35] [Render thread/INFO] (BiomeModificationImpl) Applied 0 biome modifications to 0 of 66 new biomes in 608.3 μs
[15:14:35] [Server thread/INFO] (Minecraft) Starting integrated minecraft server version 26.2
[15:14:35] [Server thread/INFO] (Minecraft) Generating keypair
[15:14:35] [Server thread/INFO] (Minecraft) Selecting global world spawn...
[15:14:36] [Server thread/INFO] (Minecraft) Loading 0 persistent chunks...
[15:14:36] [Server thread/INFO] (Minecraft) Preparing spawn area: 16%
[15:14:36] [Server thread/INFO] (Minecraft) Saving chunks for level 'ServerLevel[New World]'/minecraft:overworld
[15:14:36] [Server thread/INFO] (Minecraft) Saving chunks for level 'ServerLevel[New World]'/minecraft:the_nether
[15:14:36] [Server thread/INFO] (Minecraft) Saving chunks for level 'ServerLevel[New World]'/minecraft:the_end
[15:14:36] [Server thread/INFO] (Minecraft) ThreadedAnvilChunkStorage (world): All chunks are saved
[15:14:36] [Server thread/INFO] (Minecraft) ThreadedAnvilChunkStorage (DIM-1): All chunks are saved
[15:14:36] [Server thread/INFO] (Minecraft) ThreadedAnvilChunkStorage (DIM1): All chunks are saved
[15:14:36] [Server thread/INFO] (Minecraft) ThreadedAnvilChunkStorage: All dimensions are saved
[15:14:36] [Render thread/INFO] (fabric-client-gametest-api-v1) World loading finished: null screen: net.minecraft.client.gui.screens.LevelLoadingScreen@60e6c5a3
[15:14:36] [Render thread/INFO] (fabric-client-gametest-api-v1) World loading finished: null screen: net.minecraft.client.gui.screens.LevelLoadingScreen@60e6c5a3
[15:14:36] [Render thread/INFO] (fabric-client-gametest-api-v1) World loading finished: null screen: net.minecraft.client.gui.screens.LevelLoadingScreen@60e6c5a3
[15:14:36] [Render thread/INFO] (fabric-client-gametest-api-v1) World loading finished: null screen: net.minecraft.client.gui.screens.LevelLoadingScreen@60e6c5a3
[15:14:36] [Render thread/INFO] (fabric-client-gametest-api-v1) World loading finished: null screen: net.minecraft.client.gui.screens.LevelLoadingScreen@60e6c5a3
[15:14:36] [Render thread/INFO] (fabric-client-gametest-api-v1) World loading finished: null screen: net.minecraft.client.gui.screens.LevelLoadingScreen@60e6c5a3
[15:14:36] [Render thread/INFO] (fabric-client-gametest-api-v1) World loading finished: null screen: net.minecraft.client.gui.screens.LevelLoadingScreen@60e6c5a3
[15:14:36] [Render thread/INFO] (fabric-client-gametest-api-v1) World loading finished: null screen: net.minecraft.client.gui.screens.LevelLoadingScreen@60e6c5a3
[15:14:36] [Render thread/INFO] (fabric-client-gametest-api-v1) World loading finished: null screen: net.minecraft.client.gui.screens.LevelLoadingScreen@60e6c5a3
[15:14:36] [Render thread/INFO] (fabric-client-gametest-api-v1) World loading finished: null screen: net.minecraft.client.gui.screens.LevelLoadingScreen@60e6c5a3
[15:14:36] [Server thread/INFO] (Minecraft) Loading 47 chunks for player spawn...
[15:14:36] [Server thread/INFO] (Minecraft) Preparing spawn area: 16%
[15:14:36] [Render thread/INFO] (fabric-client-gametest-api-v1) World loading finished: null screen: net.minecraft.client.gui.screens.LevelLoadingScreen@60e6c5a3
[15:14:36] [Server thread/INFO] (Minecraft) Preparing spawn area: 16%
[15:14:36] [Render thread/INFO] (fabric-client-gametest-api-v1) World loading finished: null screen: net.minecraft.client.gui.screens.LevelLoadingScreen@60e6c5a3
[15:14:36] [Server thread/INFO] (Minecraft) Preparing spawn area: 16%
[15:14:36] [Render thread/INFO] (fabric-client-gametest-api-v1) World loading finished: null screen: net.minecraft.client.gui.screens.LevelLoadingScreen@60e6c5a3
[15:14:36] [Render thread/INFO] (fabric-client-gametest-api-v1) World loading finished: null screen: net.minecraft.client.gui.screens.LevelLoadingScreen@60e6c5a3
[15:14:37] [Render thread/INFO] (fabric-client-gametest-api-v1) World loading finished: null screen: net.minecraft.client.gui.screens.LevelLoadingScreen@60e6c5a3
[15:14:37] [Render thread/INFO] (fabric-client-gametest-api-v1) World loading finished: null screen: net.minecraft.client.gui.screens.LevelLoadingScreen@60e6c5a3
[15:14:37] [Render thread/INFO] (fabric-client-gametest-api-v1) World loading finished: null screen: net.minecraft.client.gui.screens.LevelLoadingScreen@60e6c5a3
[15:14:37] [Render thread/INFO] (fabric-client-gametest-api-v1) World loading finished: null screen: net.minecraft.client.gui.screens.LevelLoadingScreen@60e6c5a3
[15:14:37] [Render thread/INFO] (fabric-client-gametest-api-v1) World loading finished: null screen: net.minecraft.client.gui.screens.LevelLoadingScreen@60e6c5a3
[15:14:37] [Render thread/INFO] (fabric-client-gametest-api-v1) World loading finished: null screen: net.minecraft.client.gui.screens.LevelLoadingScreen@60e6c5a3
[15:14:37] [Render thread/INFO] (fabric-client-gametest-api-v1) World loading finished: null screen: net.minecraft.client.gui.screens.LevelLoadingScreen@60e6c5a3
[15:14:37] [Server thread/INFO] (Minecraft) Preparing spawn area: 57%
[15:14:37] [Render thread/INFO] (fabric-client-gametest-api-v1) World loading finished: null screen: net.minecraft.client.gui.screens.LevelLoadingScreen@60e6c5a3
[15:14:37] [Render thread/INFO] (fabric-client-gametest-api-v1) World loading finished: null screen: net.minecraft.client.gui.screens.LevelLoadingScreen@60e6c5a3
[15:14:37] [Render thread/INFO] (fabric-client-gametest-api-v1) World loading finished: null screen: net.minecraft.client.gui.screens.LevelLoadingScreen@60e6c5a3
[15:14:37] [Render thread/INFO] (fabric-client-gametest-api-v1) World loading finished: null screen: net.minecraft.client.gui.screens.LevelLoadingScreen@60e6c5a3
[15:14:37] [Render thread/INFO] (fabric-client-gametest-api-v1) World loading finished: null screen: net.minecraft.client.gui.screens.LevelLoadingScreen@60e6c5a3
[15:14:37] [Server thread/INFO] (Minecraft) Time elapsed: 2248 ms
[15:14:37] [Render thread/INFO] (fabric-client-gametest-api-v1) World loading finished: null screen: net.minecraft.client.gui.screens.LevelLoadingScreen@60e6c5a3
[15:14:37] [Server thread/INFO] (Minecraft) Player101[local:E:85f4e985] logged in with entity id 41 at (2.5, 68.0, -8.5)
[15:14:37] [Server thread/INFO] (Minecraft) Player101 joined the game
[15:14:37] [Server thread/INFO] (Minecraft) Changing view distance to 16, from 10
[15:14:37] [Server thread/INFO] (Minecraft) Changing simulation distance to 16, from 0
[15:14:37] [Render thread/INFO] (fabric-client-gametest-api-v1) World loading finished: ClientLevel screen: net.minecraft.client.gui.screens.LevelLoadingScreen@60e6c5a3
[15:14:37] [Download-1/ERROR] (Minecraft) Failed to retrieve profile key pair
MinecraftClientHttpException[type=HTTP_ERROR, status=401, response=ErrorResponse[path=/player/certificates, error=null, errorMessage=null, details=null]]
	at knot//com.mojang.authlib.minecraft.client.MinecraftClient.buildHttpException(MinecraftClient.java:170)
	at knot//com.mojang.authlib.minecraft.client.MinecraftClient.readServiceResponse(MinecraftClient.java:147)
	at knot//com.mojang.authlib.minecraft.client.MinecraftClient.post(MinecraftClient.java:89)
	at knot//com.mojang.authlib.yggdrasil.YggdrasilUserApiService.getKeyPair(YggdrasilUserApiService.java:62)
	at knot//net.minecraft.client.multiplayer.AccountProfileKeyPairManager.fetchProfileKeyPair(AccountProfileKeyPairManager.java:119)
	at knot//net.minecraft.client.multiplayer.AccountProfileKeyPairManager.lambda$readOrFetchProfileKeyPair$0(AccountProfileKeyPairManager.java:72)
	at java.base/java.util.concurrent.CompletableFuture$AsyncSupply.run(CompletableFuture.java:1789)
	at java.base/java.util.concurrent.ThreadPoolExecutor.runWorker(ThreadPoolExecutor.java:1090)
	at java.base/java.util.concurrent.ThreadPoolExecutor$Worker.run(ThreadPoolExecutor.java:614)
	at java.base/java.lang.Thread.run(Thread.java:1474)
[15:14:39] [Render thread/INFO] (Minecraft) Resizing Dynamic Transforms UBO, capacity limit of 2 reached during a single frame. New capacity will be 4.
[15:14:39] [Render thread/INFO] (Minecraft) Loaded 2 advancements
[15:14:39] [Render thread/INFO] (fabric-client-gametest-api-v1) World loading finished: ClientLevel screen: net.minecraft.client.gui.screens.LevelLoadingScreen@60e6c5a3
[15:14:39] [Render thread/INFO] (Minecraft) Resizing Dynamic Transforms UBO, capacity limit of 4 reached during a single frame. New capacity will be 8.
[15:14:39] [Render thread/INFO] (fabric-client-gametest-api-v1) World loading finished: ClientLevel screen: net.minecraft.client.gui.screens.LevelLoadingScreen@60e6c5a3
[15:14:39] [Render thread/INFO] (Minecraft) Resizing Dynamic Transforms UBO, capacity limit of 8 reached during a single frame. New capacity will be 16.
[15:14:39] [Render thread/INFO] (fabric-client-gametest-api-v1) World loading finished: ClientLevel screen: net.minecraft.client.gui.screens.LevelLoadingScreen@60e6c5a3
[15:14:39] [Render thread/INFO] (fabric-client-gametest-api-v1) World loading finished: ClientLevel screen: net.minecraft.client.gui.screens.LevelLoadingScreen@60e6c5a3
[15:14:40] [Render thread/INFO] (fabric-client-gametest-api-v1) World loading finished: ClientLevel screen: net.minecraft.client.gui.screens.LevelLoadingScreen@60e6c5a3
[15:14:40] [Render thread/INFO] (Minecraft) Resizing Chunk Sections UBO, capacity limit of 2 reached during a single frame. New capacity will be 4.
[15:14:40] [Render thread/INFO] (fabric-client-gametest-api-v1) World loading finished: ClientLevel screen: net.minecraft.client.gui.screens.LevelLoadingScreen@60e6c5a3
[15:14:40] [Render thread/INFO] (Minecraft) Resizing Chunk Sections UBO, capacity limit of 4 reached during a single frame. New capacity will be 8.
[15:14:40] [Render thread/INFO] (Minecraft) Resizing Chunk Sections UBO, capacity limit of 8 reached during a single frame. New capacity will be 16.
[15:14:40] [Render thread/INFO] (fabric-client-gametest-api-v1) World loading finished: ClientLevel screen: net.minecraft.client.gui.screens.LevelLoadingScreen@60e6c5a3
[15:14:40] [Render thread/INFO] (fabric-client-gametest-api-v1) World loading finished: ClientLevel screen: net.minecraft.client.gui.screens.LevelLoadingScreen@60e6c5a3
[15:14:40] [Render thread/INFO] (fabric-client-gametest-api-v1) World loading finished: ClientLevel screen: net.minecraft.client.gui.screens.LevelLoadingScreen@60e6c5a3
[15:14:40] [Render thread/INFO] (fabric-client-gametest-api-v1) World loading finished: ClientLevel screen: net.minecraft.client.gui.screens.LevelLoadingScreen@60e6c5a3
[15:14:40] [Render thread/INFO] (fabric-client-gametest-api-v1) World loading finished: ClientLevel screen: net.minecraft.client.gui.screens.LevelLoadingScreen@60e6c5a3
[15:14:40] [Render thread/INFO] (Minecraft) Resizing Chunk Sections UBO, capacity limit of 16 reached during a single frame. New capacity will be 32.
[15:14:40] [Render thread/INFO] (fabric-client-gametest-api-v1) World loading finished: ClientLevel screen: net.minecraft.client.gui.screens.LevelLoadingScreen@60e6c5a3
[15:14:40] [Render thread/INFO] (fabric-client-gametest-api-v1) World loading finished: ClientLevel screen: net.minecraft.client.gui.screens.LevelLoadingScreen@60e6c5a3
[15:14:40] [Render thread/INFO] (fabric-client-gametest-api-v1) World loading finished: ClientLevel screen: net.minecraft.client.gui.screens.LevelLoadingScreen@60e6c5a3
[15:14:40] [Render thread/INFO] (fabric-client-gametest-api-v1) World loading finished: ClientLevel screen: net.minecraft.client.gui.screens.LevelLoadingScreen@60e6c5a3
[15:14:40] [Render thread/INFO] (fabric-client-gametest-api-v1) World loading finished: ClientLevel screen: net.minecraft.client.gui.screens.LevelLoadingScreen@60e6c5a3
[15:14:40] [Render thread/INFO] (fabric-client-gametest-api-v1) World loading finished: ClientLevel screen: null
[15:14:40] [Render thread/INFO] (Minecraft) Resizing Chunk Sections UBO, capacity limit of 32 reached during a single frame. New capacity will be 64.
[15:15:09] [Test thread/INFO] (MetalLifecycleGameTest) Metal benchmark scene: x=-1536 y=173 z=-128 yaw=22.500 roughness=32.938 minimumGroundY=103
[15:15:09] [Server thread/INFO] (Minecraft) Teleported Player101 to -1535.500000, 174.620000, -127.500000
[15:15:09] [Render thread/INFO] (MetalGpuSurface) MetalCraft surface configured: 3840x2104 presentMode=IMMEDIATE displaySync=false unlockedFrameRate=true
[15:15:10] [Render thread/INFO] (Minecraft) [System] [CHAT] [Server: Teleported Player101 to -1535.500000, 174.620000, -127.500000]
[15:15:10] [Render thread/INFO] (MetalGpuSurface) MetalCraft surface configured: 3840x2104 presentMode=IMMEDIATE displaySync=false unlockedFrameRate=true
[15:15:10] [Test thread/WARN] (MetalLifecycleGameTest) Metal benchmark: requested 3840x2160 but the window manager gave 3840x2104; results are reported at the achieved size and are not comparable with runs at another size.
[15:15:10] [Test thread/INFO] (MetalLifecycleGameTest) Metal benchmark: rendering at 3840x2104, 16 chunks render distance, 16 chunks simulation distance
[15:15:10] [Render thread/INFO] (Minecraft) Reloading ResourceManager: vanilla, fabric-api, fabric-api-base, fabric-api-lookup-api-v1, fabric-biome-api-v1, fabric-block-api-v1, fabric-block-getter-api-v2, fabric-client-gametest-api-v1, fabric-command-api-v2, fabric-content-registries-v0, fabric-convention-tags-v2, fabric-crash-report-info-v1, fabric-creative-tab-api-v1, fabric-data-attachment-api-v1, fabric-data-generation-api-v1, fabric-debug-api-v1, fabric-dimensions-v1, fabric-entity-events-v1, fabric-events-interaction-v0, fabric-game-rule-api-v1, fabric-gametest-api-v1, fabric-item-api-v1, fabric-key-mapping-api-v1, fabric-lifecycle-events-v1, fabric-loot-api-v3, fabric-menu-api-v1, fabric-message-api-v1, fabric-model-loading-api-v1, fabric-networking-api-v1, fabric-object-builder-api-v1, fabric-particles-v1, fabric-permission-api-v1, fabric-recipe-api-v1, fabric-registry-sync-v0, fabric-renderer-api-v1, fabric-renderer-indigo, fabric-rendering-fluids-v1, fabric-rendering-v1, fabric-resource-conditions-api-v1, fabric-resource-loader-v0, fabric-resource-loader-v1, fabric-screen-api-v1, fabric-serialization-api-v1, fabric-sound-api-v1, fabric-tag-api-v1, fabric-transfer-api-v1, fabric-transitive-access-wideners-v1, fabricloader, metalcraft
[15:15:10] [Worker-Main-6/INFO] (Minecraft) Found unifont_all_no_pua-17.0.01.hex, loading
[15:15:10] [Worker-Main-13/INFO] (Minecraft) Found unifont_pua-17.0.01.hex, loading
[15:15:10] [Server thread/INFO] (Minecraft) Saving and pausing game...
[15:15:10] [Worker-Main-11/INFO] (Minecraft) Found unifont_jp_patch-17.0.01.hex, loading
[15:15:10] [Server thread/INFO] (Minecraft) Saving chunks for level 'ServerLevel[New World]'/minecraft:overworld
[15:15:10] [Server thread/INFO] (Minecraft) Saving chunks for level 'ServerLevel[New World]'/minecraft:the_nether
[15:15:10] [Server thread/INFO] (Minecraft) Saving chunks for level 'ServerLevel[New World]'/minecraft:the_end
[15:15:10] [Render thread/INFO] (WorldGeometryAdapter) Shader pack 'metalcraft-standard' leaves 4 pipeline(s) outside the G-buffer: [minecraft:pipeline/translucent_terrain, minecraft:pipeline/entity_translucent, minecraft:pipeline/entity_shadow, minecraft:pipeline/lines]
[15:15:10] [Render thread/INFO] (ShaderPackRuntime) Loaded MetalCraft shader pack 'MetalCraft Standard': 3 pass(es), 4 target(s), 18 option(s), 32317440 bytes
[15:15:13] [Render thread/INFO] (ShaderPackRuntime) Loaded MetalCraft shader pack 'MetalCraft Standard': 3 pass(es), 4 target(s), 18 option(s), 32317440 bytes
[15:15:13] [Render thread/INFO] (Minecraft) OpenAL initialized on device DENON-AVR
[15:15:13] [Render thread/INFO] (Minecraft) Sound engine started
[15:15:13] [Render thread/INFO] (Minecraft) Created: 512x256x0 minecraft:textures/atlas/particles.png-atlas
[15:15:13] [Render thread/INFO] (Minecraft) Created: 128x128x0 minecraft:textures/atlas/decorated_pot.png-atlas
[15:15:13] [Render thread/INFO] (Minecraft) Created: 2048x1024x0 minecraft:textures/atlas/armor_trims.png-atlas
[15:15:13] [Render thread/INFO] (Minecraft) Created: 512x256x0 minecraft:textures/atlas/paintings.png-atlas
[15:15:13] [Render thread/INFO] (Minecraft) Created: 1024x512x0 minecraft:textures/atlas/shield_patterns.png-atlas
[15:15:13] [Render thread/INFO] (Minecraft) Created: 4096x4096x4 minecraft:textures/atlas/blocks.png-atlas
[15:15:13] [Render thread/INFO] (Minecraft) Created: 512x512x0 minecraft:textures/atlas/chest.png-atlas
[15:15:13] [Render thread/INFO] (Minecraft) Created: 256x128x0 minecraft:textures/atlas/celestials.png-atlas
[15:15:13] [Render thread/INFO] (Minecraft) Created: 1024x512x0 minecraft:textures/atlas/banner_patterns.png-atlas
[15:15:13] [Render thread/INFO] (Minecraft) Created: 1024x512x0 minecraft:textures/atlas/items.png-atlas
[15:15:13] [Render thread/INFO] (Minecraft) Created: 1024x1024x0 minecraft:textures/atlas/gui.png-atlas
[15:15:13] [Render thread/INFO] (Minecraft) Created: 128x64x0 minecraft:textures/atlas/map_decorations.png-atlas
[15:15:13] [Render thread/INFO] (Minecraft) Created: 512x512x0 minecraft:textures/atlas/shulker_boxes.png-atlas
[15:15:17] [Test thread/INFO] (MetalLifecycleGameTest) Metal benchmark: streaming terrain, 0.127 of the render distance loaded
[15:15:17] [Render thread/INFO] (Minecraft) Resizing Chunk Sections UBO, capacity limit of 64 reached during a single frame. New capacity will be 128.
[15:15:17] [Render thread/INFO] (Minecraft) Resizing Chunk Sections UBO, capacity limit of 128 reached during a single frame. New capacity will be 256.
[15:15:19] [Server thread/WARN] (Minecraft) Can't keep up! Is the server overloaded? Running 35810ms or 716 ticks behind
[15:15:20] [Render thread/INFO] (Minecraft) Resizing Chunk Sections UBO, capacity limit of 256 reached during a single frame. New capacity will be 512.
[15:15:22] [Worker-Main-12/ERROR] (Minecraft) Detected unsafe terrain read during worldgen: reading from chunk [-107, -14] while generating chunk [-107, -16] (distance: 2, write radius: 1), step: minecraft:features, currently generating: ResourceKey[minecraft:worldgen/placed_feature / minecraft:sculk_patch_deep_dark]
[15:15:22] [Worker-Main-12/ERROR] (Minecraft) Detected unsafe terrain read during worldgen: reading from chunk [-107, -14] while generating chunk [-107, -16] (distance: 2, write radius: 1), step: minecraft:features, currently generating: ResourceKey[minecraft:worldgen/placed_feature / minecraft:sculk_patch_deep_dark]
[15:15:22] [Worker-Main-12/ERROR] (Minecraft) Detected unsafe terrain read during worldgen: reading from chunk [-107, -14] while generating chunk [-107, -16] (distance: 2, write radius: 1), step: minecraft:features, currently generating: ResourceKey[minecraft:worldgen/placed_feature / minecraft:sculk_patch_deep_dark]
[15:15:22] [Worker-Main-12/ERROR] (Minecraft) Detected unsafe terrain read during worldgen: reading from chunk [-107, -14] while generating chunk [-107, -16] (distance: 2, write radius: 1), step: minecraft:features, currently generating: ResourceKey[minecraft:worldgen/placed_feature / minecraft:sculk_patch_deep_dark]
[15:15:22] [Worker-Main-12/ERROR] (Minecraft) Detected unsafe terrain read during worldgen: reading from chunk [-107, -14] while generating chunk [-107, -16] (distance: 2, write radius: 1), step: minecraft:features, currently generating: ResourceKey[minecraft:worldgen/placed_feature / minecraft:sculk_patch_deep_dark]
[15:15:22] [Worker-Main-12/ERROR] (Minecraft) Detected unsafe terrain read during worldgen: reading from chunk [-106, -14] while generating chunk [-107, -16] (distance: 2, write radius: 1), step: minecraft:features, currently generating: ResourceKey[minecraft:worldgen/placed_feature / minecraft:sculk_patch_deep_dark]
[15:15:22] [Worker-Main-12/ERROR] (Minecraft) Detected unsafe terrain read during worldgen: reading from chunk [-106, -14] while generating chunk [-107, -16] (distance: 2, write radius: 1), step: minecraft:features, currently generating: ResourceKey[minecraft:worldgen/placed_feature / minecraft:sculk_patch_deep_dark]
[15:15:22] [Worker-Main-12/ERROR] (Minecraft) Detected unsafe terrain read during worldgen: reading from chunk [-106, -14] while generating chunk [-107, -16] (distance: 2, write radius: 1), step: minecraft:features, currently generating: ResourceKey[minecraft:worldgen/placed_feature / minecraft:sculk_patch_deep_dark]
[15:15:22] [Worker-Main-12/ERROR] (Minecraft) Detected unsafe terrain read during worldgen: reading from chunk [-106, -14] while generating chunk [-107, -16] (distance: 2, write radius: 1), step: minecraft:features, currently generating: ResourceKey[minecraft:worldgen/placed_feature / minecraft:sculk_patch_deep_dark]
[15:15:22] [Worker-Main-12/ERROR] (Minecraft) Detected unsafe terrain read during worldgen: reading from chunk [-107, -14] while generating chunk [-107, -16] (distance: 2, write radius: 1), step: minecraft:features, currently generating: ResourceKey[minecraft:worldgen/placed_feature / minecraft:sculk_patch_deep_dark]
[15:15:22] [Worker-Main-12/ERROR] (Minecraft) Detected unsafe terrain read during worldgen: reading from chunk [-107, -14] while generating chunk [-107, -16] (distance: 2, write radius: 1), step: minecraft:features, currently generating: ResourceKey[minecraft:worldgen/placed_feature / minecraft:sculk_patch_deep_dark]
[15:15:22] [Worker-Main-12/ERROR] (Minecraft) Detected unsafe terrain read during worldgen: reading from chunk [-107, -14] while generating chunk [-107, -16] (distance: 2, write radius: 1), step: minecraft:features, currently generating: ResourceKey[minecraft:worldgen/placed_feature / minecraft:sculk_patch_deep_dark]
[15:15:22] [Worker-Main-12/ERROR] (Minecraft) Detected unsafe terrain read during worldgen: reading from chunk [-107, -14] while generating chunk [-107, -16] (distance: 2, write radius: 1), step: minecraft:features, currently generating: ResourceKey[minecraft:worldgen/placed_feature / minecraft:sculk_patch_deep_dark]
[15:15:22] [Worker-Main-12/ERROR] (Minecraft) Detected unsafe terrain read during worldgen: reading from chunk [-107, -14] while generating chunk [-107, -16] (distance: 2, write radius: 1), step: minecraft:features, currently generating: ResourceKey[minecraft:worldgen/placed_feature / minecraft:sculk_patch_deep_dark]
[15:15:22] [Worker-Main-12/ERROR] (Minecraft) Detected unsafe terrain read during worldgen: reading from chunk [-106, -14] while generating chunk [-107, -16] (distance: 2, write radius: 1), step: minecraft:features, currently generating: ResourceKey[minecraft:worldgen/placed_feature / minecraft:sculk_patch_deep_dark]
[15:15:22] [Worker-Main-12/ERROR] (Minecraft) Detected unsafe terrain read during worldgen: reading from chunk [-106, -14] while generating chunk [-107, -16] (distance: 2, write radius: 1), step: minecraft:features, currently generating: ResourceKey[minecraft:worldgen/placed_feature / minecraft:sculk_patch_deep_dark]
[15:15:22] [Worker-Main-12/ERROR] (Minecraft) Detected unsafe terrain read during worldgen: reading from chunk [-106, -14] while generating chunk [-107, -16] (distance: 2, write radius: 1), step: minecraft:features, currently generating: ResourceKey[minecraft:worldgen/placed_feature / minecraft:sculk_patch_deep_dark]
[15:15:22] [Worker-Main-12/ERROR] (Minecraft) Detected unsafe terrain read during worldgen: reading from chunk [-106, -14] while generating chunk [-107, -16] (distance: 2, write radius: 1), step: minecraft:features, currently generating: ResourceKey[minecraft:worldgen/placed_feature / minecraft:sculk_patch_deep_dark]
[15:15:22] [Worker-Main-12/ERROR] (Minecraft) Detected unsafe terrain read during worldgen: reading from chunk [-107, -14] while generating chunk [-107, -16] (distance: 2, write radius: 1), step: minecraft:features, currently generating: ResourceKey[minecraft:worldgen/placed_feature / minecraft:sculk_patch_deep_dark]
[15:15:22] [Worker-Main-12/ERROR] (Minecraft) Detected unsafe terrain read during worldgen: reading from chunk [-107, -14] while generating chunk [-107, -16] (distance: 2, write radius: 1), step: minecraft:features, currently generating: ResourceKey[minecraft:worldgen/placed_feature / minecraft:sculk_patch_deep_dark]
[15:15:22] [Worker-Main-12/ERROR] (Minecraft) Detected unsafe terrain read during worldgen: reading from chunk [-107, -14] while generating chunk [-107, -16] (distance: 2, write radius: 1), step: minecraft:features, currently generating: ResourceKey[minecraft:worldgen/placed_feature / minecraft:sculk_patch_deep_dark]
[15:15:22] [Worker-Main-12/ERROR] (Minecraft) Detected unsafe terrain read during worldgen: reading from chunk [-107, -14] while generating chunk [-107, -16] (distance: 2, write radius: 1), step: minecraft:features, currently generating: ResourceKey[minecraft:worldgen/placed_feature / minecraft:sculk_patch_deep_dark]
[15:15:22] [Worker-Main-12/ERROR] (Minecraft) Detected unsafe terrain read during worldgen: reading from chunk [-107, -14] while generating chunk [-107, -16] (distance: 2, write radius: 1), step: minecraft:features, currently generating: ResourceKey[minecraft:worldgen/placed_feature / minecraft:sculk_patch_deep_dark]
[15:15:22] [Worker-Main-12/ERROR] (Minecraft) Detected unsafe terrain read during worldgen: reading from chunk [-106, -14] while generating chunk [-107, -16] (distance: 2, write radius: 1), step: minecraft:features, currently generating: ResourceKey[minecraft:worldgen/placed_feature / minecraft:sculk_patch_deep_dark]
[15:15:22] [Worker-Main-12/ERROR] (Minecraft) Detected unsafe terrain read during worldgen: reading from chunk [-106, -14] while generating chunk [-107, -16] (distance: 2, write radius: 1), step: minecraft:features, currently generating: ResourceKey[minecraft:worldgen/placed_feature / minecraft:sculk_patch_deep_dark]
[15:15:22] [Worker-Main-12/ERROR] (Minecraft) Detected unsafe terrain read during worldgen: reading from chunk [-106, -14] while generating chunk [-107, -16] (distance: 2, write radius: 1), step: minecraft:features, currently generating: ResourceKey[minecraft:worldgen/placed_feature / minecraft:sculk_patch_deep_dark]
[15:15:22] [Worker-Main-12/ERROR] (Minecraft) Detected unsafe terrain read during worldgen: reading from chunk [-106, -14] while generating chunk [-107, -16] (distance: 2, write radius: 1), step: minecraft:features, currently generating: ResourceKey[minecraft:worldgen/placed_feature / minecraft:sculk_patch_deep_dark]
[15:15:23] [Worker-Main-12/ERROR] (Minecraft) Detected unsafe terrain read during worldgen: reading from chunk [-109, -9] while generating chunk [-108, -11] (distance: 2, write radius: 1), step: minecraft:features, currently generating: ResourceKey[minecraft:worldgen/placed_feature / minecraft:sculk_patch_deep_dark]
[15:15:23] [Worker-Main-12/ERROR] (Minecraft) Detected unsafe terrain read during worldgen: reading from chunk [-109, -9] while generating chunk [-108, -11] (distance: 2, write radius: 1), step: minecraft:features, currently generating: ResourceKey[minecraft:worldgen/placed_feature / minecraft:sculk_patch_deep_dark]
[15:15:23] [Worker-Main-12/ERROR] (Minecraft) Detected unsafe terrain read during worldgen: reading from chunk [-109, -9] while generating chunk [-108, -11] (distance: 2, write radius: 1), step: minecraft:features, currently generating: ResourceKey[minecraft:worldgen/placed_feature / minecraft:sculk_patch_deep_dark]
[15:15:23] [Worker-Main-12/ERROR] (Minecraft) Detected unsafe terrain read during worldgen: reading from chunk [-108, -9] while generating chunk [-108, -11] (distance: 2, write radius: 1), step: minecraft:features, currently generating: ResourceKey[minecraft:worldgen/placed_feature / minecraft:sculk_patch_deep_dark]
[15:15:23] [Worker-Main-12/ERROR] (Minecraft) Detected unsafe terrain read during worldgen: reading from chunk [-108, -9] while generating chunk [-108, -11] (distance: 2, write radius: 1), step: minecraft:features, currently generating: ResourceKey[minecraft:worldgen/placed_feature / minecraft:sculk_patch_deep_dark]
[15:15:23] [Worker-Main-12/ERROR] (Minecraft) Detected unsafe terrain read during worldgen: reading from chunk [-108, -9] while generating chunk [-108, -11] (distance: 2, write radius: 1), step: minecraft:features, currently generating: ResourceKey[minecraft:worldgen/placed_feature / minecraft:sculk_patch_deep_dark]
[15:15:23] [Worker-Main-12/ERROR] (Minecraft) Detected unsafe terrain read during worldgen: reading from chunk [-108, -9] while generating chunk [-108, -11] (distance: 2, write radius: 1), step: minecraft:features, currently generating: ResourceKey[minecraft:worldgen/placed_feature / minecraft:sculk_patch_deep_dark]
[15:15:23] [Worker-Main-12/ERROR] (Minecraft) Detected unsafe terrain read during worldgen: reading from chunk [-108, -9] while generating chunk [-108, -11] (distance: 2, write radius: 1), step: minecraft:features, currently generating: ResourceKey[minecraft:worldgen/placed_feature / minecraft:sculk_patch_deep_dark]
[15:15:23] [Worker-Main-12/ERROR] (Minecraft) Detected unsafe terrain read during worldgen: reading from chunk [-108, -9] while generating chunk [-108, -11] (distance: 2, write radius: 1), step: minecraft:features, currently generating: ResourceKey[minecraft:worldgen/placed_feature / minecraft:sculk_patch_deep_dark]
[15:15:23] [Worker-Main-12/ERROR] (Minecraft) Detected unsafe terrain read during worldgen: reading from chunk [-109, -9] while generating chunk [-108, -11] (distance: 2, write radius: 1), step: minecraft:features, currently generating: ResourceKey[minecraft:worldgen/placed_feature / minecraft:sculk_patch_deep_dark]
[15:15:23] [Worker-Main-12/ERROR] (Minecraft) Detected unsafe terrain read during worldgen: reading from chunk [-109, -9] while generating chunk [-108, -11] (distance: 2, write radius: 1), step: minecraft:features, currently generating: ResourceKey[minecraft:worldgen/placed_feature / minecraft:sculk_patch_deep_dark]
[15:15:23] [Worker-Main-12/ERROR] (Minecraft) Detected unsafe terrain read during worldgen: reading from chunk [-109, -9] while generating chunk [-108, -11] (distance: 2, write radius: 1), step: minecraft:features, currently generating: ResourceKey[minecraft:worldgen/placed_feature / minecraft:sculk_patch_deep_dark]
[15:15:23] [Worker-Main-12/ERROR] (Minecraft) Detected unsafe terrain read during worldgen: reading from chunk [-108, -9] while generating chunk [-108, -11] (distance: 2, write radius: 1), step: minecraft:features, currently generating: ResourceKey[minecraft:worldgen/placed_feature / minecraft:sculk_patch_deep_dark]
[15:15:23] [Worker-Main-12/ERROR] (Minecraft) Detected unsafe terrain read during worldgen: reading from chunk [-108, -9] while generating chunk [-108, -11] (distance: 2, write radius: 1), step: minecraft:features, currently generating: ResourceKey[minecraft:worldgen/placed_feature / minecraft:sculk_patch_deep_dark]
[15:15:23] [Worker-Main-12/ERROR] (Minecraft) Detected unsafe terrain read during worldgen: reading from chunk [-108, -9] while generating chunk [-108, -11] (distance: 2, write radius: 1), step: minecraft:features, currently generating: ResourceKey[minecraft:worldgen/placed_feature / minecraft:sculk_patch_deep_dark]
[15:15:23] [Worker-Main-12/ERROR] (Minecraft) Detected unsafe terrain read during worldgen: reading from chunk [-108, -9] while generating chunk [-108, -11] (distance: 2, write radius: 1), step: minecraft:features, currently generating: ResourceKey[minecraft:worldgen/placed_feature / minecraft:sculk_patch_deep_dark]
[15:15:23] [Worker-Main-12/ERROR] (Minecraft) Detected unsafe terrain read during worldgen: reading from chunk [-108, -9] while generating chunk [-108, -11] (distance: 2, write radius: 1), step: minecraft:features, currently generating: ResourceKey[minecraft:worldgen/placed_feature / minecraft:sculk_patch_deep_dark]
[15:15:23] [Worker-Main-12/ERROR] (Minecraft) Detected unsafe terrain read during worldgen: reading from chunk [-108, -9] while generating chunk [-108, -11] (distance: 2, write radius: 1), step: minecraft:features, currently generating: ResourceKey[minecraft:worldgen/placed_feature / minecraft:sculk_patch_deep_dark]
[15:15:23] [Worker-Main-12/ERROR] (Minecraft) Detected unsafe terrain read during worldgen: reading from chunk [-109, -9] while generating chunk [-108, -11] (distance: 2, write radius: 1), step: minecraft:features, currently generating: ResourceKey[minecraft:worldgen/placed_feature / minecraft:sculk_patch_deep_dark]
[15:15:23] [Worker-Main-12/ERROR] (Minecraft) Detected unsafe terrain read during worldgen: reading from chunk [-109, -9] while generating chunk [-108, -11] (distance: 2, write radius: 1), step: minecraft:features, currently generating: ResourceKey[minecraft:worldgen/placed_feature / minecraft:sculk_patch_deep_dark]
[15:15:23] [Worker-Main-12/ERROR] (Minecraft) Detected unsafe terrain read during worldgen: reading from chunk [-109, -9] while generating chunk [-108, -11] (distance: 2, write radius: 1), step: minecraft:features, currently generating: ResourceKey[minecraft:worldgen/placed_feature / minecraft:sculk_patch_deep_dark]
[15:15:23] [Worker-Main-12/ERROR] (Minecraft) Detected unsafe terrain read during worldgen: reading from chunk [-108, -9] while generating chunk [-108, -11] (distance: 2, write radius: 1), step: minecraft:features, currently generating: ResourceKey[minecraft:worldgen/placed_feature / minecraft:sculk_patch_deep_dark]
[15:15:23] [Worker-Main-12/ERROR] (Minecraft) Detected unsafe terrain read during worldgen: reading from chunk [-108, -9] while generating chunk [-108, -11] (distance: 2, write radius: 1), step: minecraft:features, currently generating: ResourceKey[minecraft:worldgen/placed_feature / minecraft:sculk_patch_deep_dark]
[15:15:23] [Worker-Main-12/ERROR] (Minecraft) Detected unsafe terrain read during worldgen: reading from chunk [-108, -9] while generating chunk [-108, -11] (distance: 2, write radius: 1), step: minecraft:features, currently generating: ResourceKey[minecraft:worldgen/placed_feature / minecraft:sculk_patch_deep_dark]
[15:15:23] [Worker-Main-12/ERROR] (Minecraft) Detected unsafe terrain read during worldgen: reading from chunk [-108, -9] while generating chunk [-108, -11] (distance: 2, write radius: 1), step: minecraft:features, currently generating: ResourceKey[minecraft:worldgen/placed_feature / minecraft:sculk_patch_deep_dark]
[15:15:23] [Worker-Main-12/ERROR] (Minecraft) Detected unsafe terrain read during worldgen: reading from chunk [-108, -9] while generating chunk [-108, -11] (distance: 2, write radius: 1), step: minecraft:features, currently generating: ResourceKey[minecraft:worldgen/placed_feature / minecraft:sculk_patch_deep_dark]
[15:15:23] [Worker-Main-12/ERROR] (Minecraft) Detected unsafe terrain read during worldgen: reading from chunk [-108, -9] while generating chunk [-108, -11] (distance: 2, write radius: 1), step: minecraft:features, currently generating: ResourceKey[minecraft:worldgen/placed_feature / minecraft:sculk_patch_deep_dark]
[15:15:23] [Worker-Main-12/ERROR] (Minecraft) Detected unsafe terrain read during worldgen: reading from chunk [-109, -9] while generating chunk [-108, -11] (distance: 2, write radius: 1), step: minecraft:features, currently generating: ResourceKey[minecraft:worldgen/placed_feature / minecraft:sculk_patch_deep_dark]
[15:15:23] [Worker-Main-12/ERROR] (Minecraft) Detected unsafe terrain read during worldgen: reading from chunk [-109, -9] while generating chunk [-108, -11] (distance: 2, write radius: 1), step: minecraft:features, currently generating: ResourceKey[minecraft:worldgen/placed_feature / minecraft:sculk_patch_deep_dark]
[15:15:23] [Worker-Main-12/ERROR] (Minecraft) Detected unsafe terrain read during worldgen: reading from chunk [-108, -9] while generating chunk [-108, -11] (distance: 2, write radius: 1), step: minecraft:features, currently generating: ResourceKey[minecraft:worldgen/placed_feature / minecraft:sculk_patch_deep_dark]
[15:15:23] [Worker-Main-12/ERROR] (Minecraft) Detected unsafe terrain read during worldgen: reading from chunk [-108, -9] while generating chunk [-108, -11] (distance: 2, write radius: 1), step: minecraft:features, currently generating: ResourceKey[minecraft:worldgen/placed_feature / minecraft:sculk_patch_deep_dark]
[15:15:23] [Worker-Main-12/ERROR] (Minecraft) Detected unsafe terrain read during worldgen: reading from chunk [-108, -9] while generating chunk [-108, -11] (distance: 2, write radius: 1), step: minecraft:features, currently generating: ResourceKey[minecraft:worldgen/placed_feature / minecraft:sculk_patch_deep_dark]
[15:15:23] [Worker-Main-12/ERROR] (Minecraft) Detected unsafe terrain read during worldgen: reading from chunk [-108, -9] while generating chunk [-108, -11] (distance: 2, write radius: 1), step: minecraft:features, currently generating: ResourceKey[minecraft:worldgen/placed_feature / minecraft:sculk_patch_deep_dark]
[15:15:23] [Worker-Main-12/ERROR] (Minecraft) Detected unsafe terrain read during worldgen: reading from chunk [-108, -9] while generating chunk [-108, -11] (distance: 2, write radius: 1), step: minecraft:features, currently generating: ResourceKey[minecraft:worldgen/placed_feature / minecraft:sculk_patch_deep_dark]
[15:15:23] [Worker-Main-12/ERROR] (Minecraft) Detected unsafe terrain read during worldgen: reading from chunk [-108, -9] while generating chunk [-108, -11] (distance: 2, write radius: 1), step: minecraft:features, currently generating: ResourceKey[minecraft:worldgen/placed_feature / minecraft:sculk_patch_deep_dark]
[15:15:23] [Worker-Main-12/ERROR] (Minecraft) Detected unsafe terrain read during worldgen: reading from chunk [-108, -9] while generating chunk [-108, -11] (distance: 2, write radius: 1), step: minecraft:features, currently generating: ResourceKey[minecraft:worldgen/placed_feature / minecraft:sculk_patch_deep_dark]
[15:15:23] [Worker-Main-12/ERROR] (Minecraft) Detected unsafe terrain read during worldgen: reading from chunk [-109, -9] while generating chunk [-108, -11] (distance: 2, write radius: 1), step: minecraft:features, currently generating: ResourceKey[minecraft:worldgen/placed_feature / minecraft:sculk_patch_deep_dark]
[15:15:23] [Worker-Main-12/ERROR] (Minecraft) Detected unsafe terrain read during worldgen: reading from chunk [-109, -9] while generating chunk [-108, -11] (distance: 2, write radius: 1), step: minecraft:features, currently generating: ResourceKey[minecraft:worldgen/placed_feature / minecraft:sculk_patch_deep_dark]
[15:15:23] [Worker-Main-12/ERROR] (Minecraft) Detected unsafe terrain read during worldgen: reading from chunk [-108, -9] while generating chunk [-108, -11] (distance: 2, write radius: 1), step: minecraft:features, currently generating: ResourceKey[minecraft:worldgen/placed_feature / minecraft:sculk_patch_deep_dark]
[15:15:23] [Worker-Main-12/ERROR] (Minecraft) Detected unsafe terrain read during worldgen: reading from chunk [-108, -9] while generating chunk [-108, -11] (distance: 2, write radius: 1), step: minecraft:features, currently generating: ResourceKey[minecraft:worldgen/placed_feature / minecraft:sculk_patch_deep_dark]
[15:15:23] [Worker-Main-12/ERROR] (Minecraft) Detected unsafe terrain read during worldgen: reading from chunk [-108, -9] while generating chunk [-108, -11] (distance: 2, write radius: 1), step: minecraft:features, currently generating: ResourceKey[minecraft:worldgen/placed_feature / minecraft:sculk_patch_deep_dark]
[15:15:23] [Worker-Main-12/ERROR] (Minecraft) Detected unsafe terrain read during worldgen: reading from chunk [-108, -9] while generating chunk [-108, -11] (distance: 2, write radius: 1), step: minecraft:features, currently generating: ResourceKey[minecraft:worldgen/placed_feature / minecraft:sculk_patch_deep_dark]
[15:15:23] [Worker-Main-12/ERROR] (Minecraft) Detected unsafe terrain read during worldgen: reading from chunk [-108, -9] while generating chunk [-108, -11] (distance: 2, write radius: 1), step: minecraft:features, currently generating: ResourceKey[minecraft:worldgen/placed_feature / minecraft:sculk_patch_deep_dark]
[15:15:23] [Worker-Main-12/ERROR] (Minecraft) Detected unsafe terrain read during worldgen: reading from chunk [-108, -9] while generating chunk [-108, -11] (distance: 2, write radius: 1), step: minecraft:features, currently generating: ResourceKey[minecraft:worldgen/placed_feature / minecraft:sculk_patch_deep_dark]
[15:15:23] [Worker-Main-12/ERROR] (Minecraft) Detected unsafe terrain read during worldgen: reading from chunk [-108, -9] while generating chunk [-108, -11] (distance: 2, write radius: 1), step: minecraft:features, currently generating: ResourceKey[minecraft:worldgen/placed_feature / minecraft:sculk_patch_deep_dark]
[15:15:23] [Worker-Main-12/ERROR] (Minecraft) Detected unsafe terrain read during worldgen: reading from chunk [-109, -9] while generating chunk [-108, -11] (distance: 2, write radius: 1), step: minecraft:features, currently generating: ResourceKey[minecraft:worldgen/placed_feature / minecraft:sculk_patch_deep_dark]
[15:15:23] [Worker-Main-12/ERROR] (Minecraft) Detected unsafe terrain read during worldgen: reading from chunk [-109, -9] while generating chunk [-108, -11] (distance: 2, write radius: 1), step: minecraft:features, currently generating: ResourceKey[minecraft:worldgen/placed_feature / minecraft:sculk_patch_deep_dark]
[15:15:23] [Worker-Main-12/ERROR] (Minecraft) Detected unsafe terrain read during worldgen: reading from chunk [-108, -9] while generating chunk [-108, -11] (distance: 2, write radius: 1), step: minecraft:features, currently generating: ResourceKey[minecraft:worldgen/placed_feature / minecraft:sculk_patch_deep_dark]
[15:15:23] [Worker-Main-12/ERROR] (Minecraft) Detected unsafe terrain read during worldgen: reading from chunk [-108, -9] while generating chunk [-108, -11] (distance: 2, write radius: 1), step: minecraft:features, currently generating: ResourceKey[minecraft:worldgen/placed_feature / minecraft:sculk_patch_deep_dark]
[15:15:23] [Worker-Main-12/ERROR] (Minecraft) Detected unsafe terrain read during worldgen: reading from chunk [-108, -9] while generating chunk [-108, -11] (distance: 2, write radius: 1), step: minecraft:features, currently generating: ResourceKey[minecraft:worldgen/placed_feature / minecraft:sculk_patch_deep_dark]
[15:15:23] [Worker-Main-12/ERROR] (Minecraft) Detected unsafe terrain read during worldgen: reading from chunk [-108, -9] while generating chunk [-108, -11] (distance: 2, write radius: 1), step: minecraft:features, currently generating: ResourceKey[minecraft:worldgen/placed_feature / minecraft:sculk_patch_deep_dark]
[15:15:23] [Worker-Main-12/ERROR] (Minecraft) Detected unsafe terrain read during worldgen: reading from chunk [-108, -9] while generating chunk [-108, -11] (distance: 2, write radius: 1), step: minecraft:features, currently generating: ResourceKey[minecraft:worldgen/placed_feature / minecraft:sculk_patch_deep_dark]
[15:15:23] [Worker-Main-12/ERROR] (Minecraft) Detected unsafe terrain read during worldgen: reading from chunk [-108, -9] while generating chunk [-108, -11] (distance: 2, write radius: 1), step: minecraft:features, currently generating: ResourceKey[minecraft:worldgen/placed_feature / minecraft:sculk_patch_deep_dark]
[15:15:23] [Worker-Main-12/ERROR] (Minecraft) Detected unsafe terrain read during worldgen: reading from chunk [-108, -9] while generating chunk [-108, -11] (distance: 2, write radius: 1), step: minecraft:features, currently generating: ResourceKey[minecraft:worldgen/placed_feature / minecraft:sculk_patch_deep_dark]
[15:15:24] [Render thread/INFO] (Minecraft) Resizing Chunk Sections UBO, capacity limit of 512 reached during a single frame. New capacity will be 1024.
[15:15:42] [Test thread/INFO] (MetalLifecycleGameTest) Metal benchmark: phase=streaming frames=4173 seconds=19.9 avgFps=209.9 onePercentLow=98.9 pointOnePercentLow=45.9 p50CpuMs=4.564 p95CpuMs=5.557 p99CpuMs=6.364 p50IntervalMs=4.647 p99IntervalMs=7.704 worstIntervalMs=65.965 p50AcquireMs=0.008 p99AcquireMs=0.022 p50OutsideLoopMs=0.041 p99OutsideLoopMs=0.080
[15:15:42] [Test thread/INFO] (MetalLifecycleGameTest) Metal benchmark stall: phase=streaming whole-phase render_frame=19010.969ms/4173 gpu_frame=13853.825ms/4173 command_batch=1532.413ms/908014 1101.4MiB buffer_create=1248.280ms/691171 3239.0MiB buffer_map=1142.185ms/7175241 3504.0MiB lod_prepare=557.511ms/8346 7.1MiB client_tick=328.910ms/397 jvm_gc=141.000ms/54 client_post_tasks=116.511ms/4173 client_tasks=112.170ms/4173 client_packets=107.292ms/4173 resource_release=48.156ms/690987 3234.1MiB acquire=38.006ms/4173 submit=35.411ms/4173 client_post_render=19.057ms/4173 upload_copy=18.692ms/12164 146.0MiB client_pre_frame=16.959ms/4173 level_end_frame=10.777ms/4173 client_pre_render=7.071ms/4173 harness_handoff=2.655ms/475 arena_wait=1.692ms/4173 present=1.620ms/4173 task_drain=0.810ms/4173 client_gizmos=0.423ms/397 render_pass_merge=0.000ms/42536
[15:15:42] [Test thread/INFO] (MetalLifecycleGameTest) Metal benchmark stall: phase=streaming worst-1% render_frame=318.639ms/41 gpu_frame=142.034ms/41 jvm_gc=109.000ms/31 client_tasks=66.650ms/41 command_batch=32.484ms/8994 11.2MiB client_tick=19.042ms/18 buffer_map=18.118ms/73382 35.2MiB buffer_create=17.336ms/7096 28.6MiB lod_prepare=14.308ms/82 client_post_tasks=5.378ms/41 client_pre_render=3.860ms/41 client_packets=1.014ms/41 resource_release=0.736ms/7106 29.0MiB submit=0.597ms/41 acquire=0.555ms/41 upload_copy=0.278ms/142 2.0MiB client_post_render=0.198ms/41 client_pre_frame=0.167ms/41 level_end_frame=0.117ms/41 harness_handoff=0.091ms/17 arena_wait=0.028ms/41 present=0.027ms/41 client_gizmos=0.024ms/18 task_drain=0.012ms/41 render_pass_merge=0.000ms/414
[15:15:42] [Test thread/INFO] (MetalLifecycleGameTest) Metal benchmark stall: phase=streaming tasks total=0.000ms/0
[15:15:42] [Test thread/INFO] (MetalLifecycleGameTest) Metal benchmark stall: phase=streaming gpuPassSpans sumOfSpans=47102.431ms/49223 MetalCraft shader: shadow_terrain=6773.078ms/4202 Section layers for opaque=6701.209ms/4202 Immediate draw with minecraft:pipeline/entity_translucent=6420.621ms/4202 MetalCraft shader: grade=5795.365ms/4202 (depth clear)=5569.678ms/8404 Immediate draw with minecraft:pipeline/eyes=5492.329ms/4202 Immediate draw with minecraft:pipeline/entity_cutout=4940.251ms/4202 Immediate draw with minecraft:pipeline/item_cutout=4467.605ms/4202 Sky disc=536.675ms/4202 GUI before blur=365.220ms/4202 Animate minecraft:textures/atlas/blocks.png=28.063ms/2000 Animate minecraft:textures/atlas/particles.png=4.472ms/400
[15:15:42] [Test thread/INFO] (MetalLifecycleGameTest) Metal benchmark stall: phase=streaming frame=654 intervalMs=65.965 cpuMs=4.216 outsideLoopMs=0.049 client_tasks=60.424ms/1 render_frame=4.283ms/1 jvm_gc=3.000ms/1 gpu_frame=2.802ms/1 client_tick=0.831ms/1 client_post_tasks=0.368ms/1 command_batch=0.291ms/207 0.2MiB buffer_map=0.188ms/1117 0.6MiB lod_prepare=0.179ms/2 buffer_create=0.171ms/86 0.0MiB acquire=0.024ms/1 submit=0.017ms/1 resource_release=0.014ms/86 0.0MiB upload_copy=0.011ms/2 0.0MiB client_pre_frame=0.007ms/1 client_post_render=0.004ms/1 level_end_frame=0.003ms/1 client_pre_render=0.002ms/1 present=0.001ms/1 arena_wait=0.001ms/1 client_gizmos=0.001ms/1 client_packets=0.000ms/1 task_drain=0.000ms/1 render_pass_merge=0.000ms/10 unphasedMs=-0.003
[15:15:42] [Test thread/INFO] (MetalLifecycleGameTest) Metal benchmark stall: phase=streaming frame=2248 intervalMs=11.591 cpuMs=10.307 outsideLoopMs=0.039 render_frame=10.376ms/1 jvm_gc=4.000ms/1 gpu_frame=3.732ms/1 client_tick=0.879ms/1 command_batch=0.450ms/224 0.3MiB buffer_create=0.429ms/198 0.8MiB buffer_map=0.337ms/2001 0.9MiB client_post_tasks=0.254ms/1 lod_prepare=0.190ms/2 client_tasks=0.040ms/1 acquire=0.032ms/1 resource_release=0.019ms/198 0.8MiB submit=0.017ms/1 upload_copy=0.010ms/2 0.0MiB harness_handoff=0.005ms/1 client_post_render=0.004ms/1 level_end_frame=0.003ms/1 client_pre_frame=0.002ms/1 arena_wait=0.002ms/1 client_gizmos=0.001ms/1 present=0.000ms/1 client_pre_render=0.000ms/1 client_packets=0.000ms/1 task_drain=0.000ms/1 render_pass_merge=0.000ms/10 unphasedMs=-0.003
[15:15:42] [Test thread/INFO] (MetalLifecycleGameTest) Metal benchmark stall: phase=streaming frame=2597 intervalMs=10.629 cpuMs=9.197 outsideLoopMs=0.034 render_frame=9.248ms/1 command_batch=3.851ms/224 0.3MiB gpu_frame=3.585ms/1 jvm_gc=3.000ms/1 client_tick=0.741ms/1 buffer_create=0.457ms/215 0.8MiB client_post_tasks=0.344ms/1 buffer_map=0.341ms/2093 1.0MiB client_tasks=0.259ms/1 lod_prepare=0.179ms/2 resource_release=0.018ms/215 0.8MiB acquire=0.017ms/1 submit=0.015ms/1 upload_copy=0.006ms/2 0.0MiB client_post_render=0.003ms/1 harness_handoff=0.003ms/1 level_end_frame=0.002ms/1 client_pre_frame=0.002ms/1 client_gizmos=0.001ms/1 arena_wait=0.001ms/1 present=0.000ms/1 task_drain=0.000ms/1 client_pre_render=0.000ms/1 client_packets=0.000ms/1 render_pass_merge=0.000ms/10 unphasedMs=-0.003
[15:15:42] [Test thread/INFO] (MetalLifecycleGameTest) Metal benchmark stall: phase=streaming frame=1686 intervalMs=10.388 cpuMs=10.275 outsideLoopMs=0.060 render_frame=10.324ms/1 jvm_gc=5.000ms/1 gpu_frame=3.490ms/1 command_batch=0.381ms/221 0.3MiB buffer_create=0.302ms/149 0.8MiB buffer_map=0.280ms/1686 0.8MiB lod_prepare=0.140ms/2 upload_copy=0.029ms/26 0.9MiB resource_release=0.021ms/156 1.1MiB submit=0.015ms/1 acquire=0.008ms/1 client_post_render=0.004ms/1 level_end_frame=0.004ms/1 client_pre_frame=0.003ms/1 present=0.001ms/1 client_packets=0.000ms/1 arena_wait=0.000ms/1 client_pre_render=0.000ms/1 client_tasks=0.000ms/1 task_drain=0.000ms/1 client_post_tasks=0.000ms/1 render_pass_merge=0.000ms/10 unphasedMs=-0.004
[15:15:42] [Test thread/INFO] (MetalLifecycleGameTest) Metal benchmark stall: phase=streaming frame=803 intervalMs=10.256 cpuMs=8.928 outsideLoopMs=0.031 render_frame=8.986ms/1 command_batch=4.846ms/207 0.2MiB jvm_gc=4.000ms/1 gpu_frame=2.764ms/1 client_tick=0.903ms/1 client_post_tasks=0.275ms/1 buffer_create=0.239ms/90 0.8MiB buffer_map=0.191ms/1136 0.7MiB lod_prepare=0.174ms/2 client_tasks=0.052ms/1 resource_release=0.021ms/90 0.8MiB acquire=0.020ms/1 submit=0.017ms/1 harness_handoff=0.008ms/1 upload_copy=0.007ms/2 0.0MiB client_pre_frame=0.006ms/1 client_post_render=0.003ms/1 level_end_frame=0.002ms/1 client_pre_render=0.001ms/1 present=0.001ms/1 arena_wait=0.001ms/1 client_gizmos=0.001ms/1 client_packets=0.000ms/1 task_drain=0.000ms/1 render_pass_merge=0.000ms/11 unphasedMs=-0.003
[15:15:42] [Test thread/INFO] (MetalLifecycleGameTest) Metal benchmark stall: phase=streaming frame=250 intervalMs=10.070 cpuMs=8.553 outsideLoopMs=0.044 render_frame=8.611ms/1 jvm_gc=4.000ms/1 gpu_frame=2.295ms/1 client_tick=1.129ms/1 command_batch=0.263ms/194 0.2MiB buffer_create=0.234ms/68 0.8MiB client_post_tasks=0.228ms/1 buffer_map=0.163ms/861 0.6MiB lod_prepare=0.150ms/2 client_tasks=0.047ms/1 resource_release=0.029ms/68 0.8MiB submit=0.018ms/1 acquire=0.018ms/1 upload_copy=0.008ms/2 0.0MiB client_pre_frame=0.007ms/1 harness_handoff=0.005ms/1 client_post_render=0.005ms/1 level_end_frame=0.003ms/1 client_pre_render=0.002ms/1 arena_wait=0.001ms/1 client_gizmos=0.001ms/1 present=0.001ms/1 client_packets=0.000ms/1 task_drain=0.000ms/1 render_pass_merge=0.000ms/11 unphasedMs=-0.004
[15:15:42] [Test thread/INFO] (MetalLifecycleGameTest) Metal benchmark stall: phase=streaming frame=2134 intervalMs=10.026 cpuMs=8.963 outsideLoopMs=0.035 render_frame=9.010ms/1 jvm_gc=4.000ms/1 command_batch=3.906ms/224 0.3MiB gpu_frame=3.608ms/1 client_tick=0.692ms/1 buffer_create=0.414ms/195 0.8MiB buffer_map=0.327ms/1978 0.9MiB client_post_tasks=0.245ms/1 lod_prepare=0.210ms/2 client_tasks=0.037ms/1 submit=0.016ms/1 acquire=0.015ms/1 resource_release=0.014ms/195 0.8MiB harness_handoff=0.009ms/2 upload_copy=0.006ms/2 0.0MiB client_pre_frame=0.005ms/1 client_post_render=0.004ms/1 level_end_frame=0.002ms/1 client_gizmos=0.001ms/1 arena_wait=0.001ms/1 present=0.001ms/1 client_pre_render=0.000ms/1 client_packets=0.000ms/1 task_drain=0.000ms/1 render_pass_merge=0.000ms/10 unphasedMs=-0.004
[15:15:42] [Test thread/INFO] (MetalLifecycleGameTest) Metal benchmark stall: phase=streaming frame=1572 intervalMs=9.936 cpuMs=9.851 outsideLoopMs=0.040 render_frame=9.891ms/1 jvm_gc=5.000ms/1 gpu_frame=3.438ms/1 command_batch=0.354ms/218 0.3MiB buffer_create=0.313ms/143 0.8MiB buffer_map=0.265ms/1654 0.8MiB lod_prepare=0.176ms/2 submit=0.014ms/1 resource_release=0.013ms/143 0.8MiB acquire=0.007ms/1 upload_copy=0.004ms/2 0.0MiB client_pre_frame=0.004ms/1 client_post_render=0.003ms/1 level_end_frame=0.003ms/1 present=0.001ms/1 client_pre_render=0.001ms/1 arena_wait=0.000ms/1 client_tasks=0.000ms/1 task_drain=0.000ms/1 client_packets=0.000ms/1 client_post_tasks=0.000ms/1 render_pass_merge=0.000ms/10 unphasedMs=-0.003
[15:16:07] [Test thread/INFO] (MetalLifecycleGameTest) Metal benchmark: streaming terrain, 1.000 of the render distance loaded
[15:16:17] [Test thread/INFO] (MetalLifecycleGameTest) Metal benchmark: terrain settled at 1.000 of the render distance
[15:18:17] [Test thread/WARN] (MetalLifecycleGameTest) Metal benchmark: chunk meshing did not settle; the capture starts with meshing still in flight
[15:18:22] [Test thread/INFO] (MetalLifecycleGameTest) Metal benchmark: 1.000 of the 1089 chunks inside the render distance are loaded
[15:18:22] [Render thread/INFO] (Minecraft) Resizing Chunk Sections UBO, capacity limit of 1024 reached during a single frame. New capacity will be 2048.
[15:18:22] [Render thread/INFO] (Minecraft) Resizing Dynamic Transforms UBO, capacity limit of 16 reached during a single frame. New capacity will be 32.
[15:18:23] [Test thread/INFO] (MetalLifecycleGameTest) Metal benchmark scene: featureless frame fraction 0.862
[15:18:23] [Test thread/INFO] (MetalLifecycleGameTest) Metal benchmark scene: renderer is drawing 944 chunk sections
[15:18:23] [Server thread/INFO] (Minecraft) Teleported Player101 to -1535.500000, 174.620000, -127.500000
[15:18:23] [Render thread/INFO] (Minecraft) [System] [CHAT] [Server: Teleported Player101 to -1535.500000, 174.620000, -127.500000]
[15:18:48] [Test thread/INFO] (MetalLifecycleGameTest) Metal benchmark: phase=stationary#1 frames=4030 seconds=19.8 avgFps=203.0 onePercentLow=138.3 pointOnePercentLow=114.8 p50CpuMs=4.672 p95CpuMs=5.310 p99CpuMs=5.670 p50IntervalMs=4.734 p99IntervalMs=6.508 worstIntervalMs=9.398 p50AcquireMs=0.007 p99AcquireMs=0.015 p50OutsideLoopMs=0.032 p99OutsideLoopMs=0.059
[15:18:48] [Test thread/INFO] (MetalLifecycleGameTest) Metal benchmark stall: phase=stationary#1 whole-phase render_frame=19336.827ms/4030 gpu_frame=14958.867ms/4030 buffer_create=1651.434ms/906780 4761.9MiB command_batch=1637.129ms/926876 1235.0MiB buffer_map=1327.538ms/8527908 4026.0MiB lod_prepare=500.077ms/8060 0.6MiB client_tick=228.430ms/397 client_post_tasks=106.953ms/4030 resource_release=46.468ms/906780 4762.4MiB jvm_gc=32.000ms/20 acquire=30.454ms/4030 submit=27.987ms/4030 client_tasks=15.111ms/4030 client_post_render=13.226ms/4030 client_pre_frame=12.163ms/4030 level_end_frame=10.951ms/4030 upload_copy=9.594ms/8174 5.4MiB client_packets=9.510ms/4030 harness_handoff=2.172ms/578 client_pre_render=1.545ms/4030 present=1.397ms/4030 arena_wait=0.898ms/4030 task_drain=0.304ms/4030 client_gizmos=0.273ms/397 render_pass_merge=0.000ms/40299
[15:18:48] [Test thread/INFO] (MetalLifecycleGameTest) Metal benchmark stall: phase=stationary#1 worst-1% render_frame=257.433ms/40 gpu_frame=148.775ms/40 jvm_gc=29.000ms/13 client_tick=20.344ms/30 command_batch=19.088ms/9200 12.3MiB buffer_create=19.081ms/9000 48.2MiB buffer_map=13.689ms/84670 40.2MiB lod_prepare=10.291ms/80 client_post_tasks=9.033ms/40 client_tasks=1.355ms/40 resource_release=0.687ms/9000 48.2MiB acquire=0.556ms/40 submit=0.487ms/40 upload_copy=0.207ms/80 0.0MiB harness_handoff=0.171ms/36 client_post_render=0.140ms/40 level_end_frame=0.112ms/40 client_pre_frame=0.096ms/40 client_gizmos=0.031ms/30 arena_wait=0.028ms/40 present=0.022ms/40 client_pre_render=0.017ms/40 client_packets=0.011ms/40 task_drain=0.005ms/40 render_pass_merge=0.000ms/400
[15:18:48] [Test thread/INFO] (MetalLifecycleGameTest) Metal benchmark stall: phase=stationary#1 tasks total=0.000ms/0
[15:18:48] [Test thread/INFO] (MetalLifecycleGameTest) Metal benchmark stall: phase=stationary#1 gpuPassSpans sumOfSpans=48306.606ms/47650 MetalCraft shader: shadow_terrain=7741.637ms/4059 Section layers for opaque=7045.046ms/4059 Immediate draw with minecraft:pipeline/entity_translucent=6510.800ms/4059 MetalCraft shader: grade=5851.085ms/4059 Immediate draw with minecraft:pipeline/eyes=5650.490ms/4059 (depth clear)=5322.450ms/8118 Immediate draw with minecraft:pipeline/entity_cutout=4897.269ms/4059 Immediate draw with minecraft:pipeline/item_cutout=4436.435ms/4059 Sky disc=461.078ms/4059 GUI before blur=352.762ms/4059 Animate minecraft:textures/atlas/blocks.png=27.270ms/2000 Animate minecraft:textures/atlas/particles.png=3.707ms/400
[15:18:48] [Test thread/INFO] (MetalLifecycleGameTest) Metal benchmark stall: phase=stationary#1 frame=3633 intervalMs=9.398 cpuMs=8.472 outsideLoopMs=0.029 render_frame=8.507ms/1 gpu_frame=3.749ms/1 jvm_gc=3.000ms/1 client_tick=0.542ms/1 command_batch=0.408ms/230 0.3MiB buffer_create=0.399ms/225 0.8MiB buffer_map=0.338ms/2117 0.9MiB client_post_tasks=0.279ms/1 lod_prepare=0.132ms/2 client_tasks=0.038ms/1 resource_release=0.015ms/225 0.8MiB submit=0.012ms/1 acquire=0.009ms/1 harness_handoff=0.005ms/1 upload_copy=0.003ms/2 0.0MiB level_end_frame=0.003ms/1 client_post_render=0.003ms/1 client_pre_frame=0.001ms/1 client_gizmos=0.000ms/1 arena_wait=0.000ms/1 client_pre_render=0.000ms/1 client_packets=0.000ms/1 present=0.000ms/1 task_drain=0.000ms/1 render_pass_merge=0.000ms/10 unphasedMs=-0.002
[15:18:48] [Test thread/INFO] (MetalLifecycleGameTest) Metal benchmark stall: phase=stationary#1 frame=433 intervalMs=9.035 cpuMs=8.035 outsideLoopMs=0.033 render_frame=8.088ms/1 gpu_frame=3.720ms/1 jvm_gc=3.000ms/1 command_batch=2.790ms/230 0.3MiB client_tick=0.594ms/1 buffer_create=0.465ms/225 1.3MiB buffer_map=0.328ms/2117 1.1MiB client_post_tasks=0.279ms/1 lod_prepare=0.206ms/2 client_tasks=0.037ms/1 resource_release=0.018ms/225 1.3MiB acquire=0.017ms/1 submit=0.015ms/1 upload_copy=0.006ms/2 0.0MiB harness_handoff=0.005ms/1 client_post_render=0.003ms/1 level_end_frame=0.003ms/1 client_pre_frame=0.002ms/1 client_gizmos=0.001ms/1 arena_wait=0.001ms/1 present=0.001ms/1 client_packets=0.000ms/1 client_pre_render=0.000ms/1 task_drain=0.000ms/1 render_pass_merge=0.000ms/10 unphasedMs=-0.003
[15:18:48] [Test thread/INFO] (MetalLifecycleGameTest) Metal benchmark stall: phase=stationary#1 frame=1862 intervalMs=8.427 cpuMs=8.318 outsideLoopMs=0.057 render_frame=8.364ms/1 gpu_frame=3.777ms/1 jvm_gc=3.000ms/1 command_batch=0.422ms/230 0.3MiB buffer_create=0.387ms/225 1.3MiB buffer_map=0.338ms/2116 1.0MiB lod_prepare=0.187ms/2 resource_release=0.017ms/225 1.3MiB submit=0.013ms/1 acquire=0.011ms/1 client_post_render=0.005ms/1 client_pre_frame=0.004ms/1 upload_copy=0.004ms/2 0.0MiB level_end_frame=0.004ms/1 client_tasks=0.001ms/1 present=0.001ms/1 task_drain=0.001ms/1 client_packets=0.000ms/1 client_pre_render=0.000ms/1 arena_wait=0.000ms/1 client_post_tasks=0.000ms/1 render_pass_merge=0.000ms/10 unphasedMs=-0.004
[15:18:48] [Test thread/INFO] (MetalLifecycleGameTest) Metal benchmark stall: phase=stationary#1 frame=2932 intervalMs=8.369 cpuMs=8.273 outsideLoopMs=0.045 render_frame=8.318ms/1 gpu_frame=3.685ms/1 buffer_create=2.997ms/225 1.3MiB jvm_gc=2.000ms/1 command_batch=0.437ms/230 0.3MiB buffer_map=0.358ms/2116 1.0MiB lod_prepare=0.152ms/2 resource_release=0.017ms/225 1.3MiB submit=0.012ms/1 acquire=0.009ms/1 client_pre_frame=0.005ms/1 client_post_render=0.004ms/1 level_end_frame=0.003ms/1 upload_copy=0.003ms/2 0.0MiB present=0.001ms/1 client_pre_render=0.001ms/1 arena_wait=0.000ms/1 client_packets=0.000ms/1 client_tasks=0.000ms/1 task_drain=0.000ms/1 client_post_tasks=0.000ms/1 render_pass_merge=0.000ms/10 unphasedMs=-0.003
[15:18:48] [Test thread/INFO] (MetalLifecycleGameTest) Metal benchmark stall: phase=stationary#1 frame=797 intervalMs=8.336 cpuMs=8.239 outsideLoopMs=0.052 render_frame=8.278ms/1 gpu_frame=3.719ms/1 jvm_gc=3.000ms/1 command_batch=0.409ms/230 0.3MiB buffer_create=0.391ms/225 1.3MiB buffer_map=0.333ms/2116 1.0MiB lod_prepare=0.151ms/2 resource_release=0.016ms/225 1.3MiB submit=0.011ms/1 acquire=0.007ms/1 client_pre_frame=0.006ms/1 client_post_render=0.004ms/1 level_end_frame=0.003ms/1 upload_copy=0.003ms/2 0.0MiB present=0.001ms/1 client_pre_render=0.000ms/1 client_packets=0.000ms/1 arena_wait=0.000ms/1 client_post_tasks=0.000ms/1 client_tasks=0.000ms/1 task_drain=0.000ms/1 render_pass_merge=0.000ms/10 unphasedMs=-0.004
[15:18:48] [Test thread/INFO] (MetalLifecycleGameTest) Metal benchmark stall: phase=stationary#1 frame=4010 intervalMs=8.240 cpuMs=8.151 outsideLoopMs=0.043 render_frame=8.192ms/1 gpu_frame=3.685ms/1 jvm_gc=3.000ms/1 command_batch=0.422ms/230 0.3MiB buffer_create=0.388ms/225 0.8MiB buffer_map=0.357ms/2116 0.9MiB lod_prepare=0.139ms/2 resource_release=0.017ms/225 0.8MiB submit=0.012ms/1 acquire=0.007ms/1 client_pre_frame=0.004ms/1 level_end_frame=0.004ms/1 client_post_render=0.003ms/1 upload_copy=0.002ms/2 0.0MiB present=0.001ms/1 client_pre_render=0.000ms/1 arena_wait=0.000ms/1 client_packets=0.000ms/1 client_tasks=0.000ms/1 task_drain=0.000ms/1 client_post_tasks=0.000ms/1 render_pass_merge=0.000ms/10 unphasedMs=-0.003
[15:18:48] [Test thread/INFO] (MetalLifecycleGameTest) Metal benchmark stall: phase=stationary#1 frame=1852 intervalMs=7.850 cpuMs=6.357 outsideLoopMs=0.050 render_frame=6.409ms/1 gpu_frame=3.899ms/1 client_tick=1.015ms/1 command_batch=0.443ms/230 0.3MiB buffer_create=0.430ms/225 1.3MiB buffer_map=0.371ms/2117 1.0MiB client_post_tasks=0.322ms/1 lod_prepare=0.255ms/2 client_tasks=0.048ms/1 resource_release=0.029ms/225 1.3MiB acquire=0.020ms/1 submit=0.014ms/1 upload_copy=0.009ms/2 0.0MiB harness_handoff=0.006ms/1 client_post_render=0.003ms/1 client_pre_frame=0.003ms/1 level_end_frame=0.002ms/1 client_gizmos=0.002ms/1 arena_wait=0.001ms/1 present=0.001ms/1 client_pre_render=0.001ms/1 client_packets=0.000ms/1 task_drain=0.000ms/1 render_pass_merge=0.000ms/10 unphasedMs=-0.003
[15:18:48] [Test thread/INFO] (MetalLifecycleGameTest) Metal benchmark stall: phase=stationary#1 frame=3272 intervalMs=7.791 cpuMs=6.824 outsideLoopMs=0.031 render_frame=6.871ms/1 gpu_frame=3.785ms/1 jvm_gc=2.000ms/1 client_tick=0.581ms/1 buffer_create=0.408ms/225 0.8MiB command_batch=0.401ms/230 0.3MiB buffer_map=0.323ms/2117 1.0MiB client_post_tasks=0.260ms/1 lod_prepare=0.206ms/2 client_tasks=0.045ms/1 acquire=0.018ms/1 submit=0.014ms/1 resource_release=0.013ms/225 0.8MiB upload_copy=0.006ms/2 0.0MiB harness_handoff=0.004ms/1 client_post_render=0.003ms/1 level_end_frame=0.003ms/1 client_pre_frame=0.002ms/1 arena_wait=0.001ms/1 client_gizmos=0.001ms/1 client_packets=0.000ms/1 present=0.000ms/1 client_pre_render=0.000ms/1 task_drain=0.000ms/1 render_pass_merge=0.000ms/10 unphasedMs=-0.003
[15:19:08] [Test thread/INFO] (MetalLifecycleGameTest) Metal benchmark: phase=pan#1 frames=4553 seconds=19.8 avgFps=229.4 onePercentLow=136.5 pointOnePercentLow=112.3 p50CpuMs=3.994 p95CpuMs=5.485 p99CpuMs=6.028 p50IntervalMs=4.099 p99IntervalMs=6.941 worstIntervalMs=10.583 p50AcquireMs=0.007 p99AcquireMs=0.015 p50OutsideLoopMs=0.035 p99OutsideLoopMs=0.065
[15:19:08] [Test thread/INFO] (MetalLifecycleGameTest) Metal benchmark stall: phase=pan#1 whole-phase gpu_frame=20614.707ms/4553 render_frame=19293.186ms/4553 upload_copy=1211.814ms/10557 42.7MiB arena_wait=1198.684ms/4553 buffer_create=1068.166ms/557694 2083.7MiB command_batch=1039.920ms/442088 801.0MiB buffer_map=960.004ms/6140178 2557.5MiB lod_prepare=397.510ms/9106 5.2MiB client_tick=231.086ms/396 client_post_tasks=107.284ms/4553 submit=36.208ms/4553 acquire=33.068ms/4553 jvm_gc=30.000ms/16 resource_release=28.894ms/557522 2077.5MiB client_tasks=22.604ms/4553 client_post_render=14.712ms/4553 client_pre_frame=12.913ms/4553 level_end_frame=12.476ms/4553 client_packets=10.881ms/4553 harness_handoff=2.091ms/512 client_pre_render=1.953ms/4553 present=1.884ms/4553 task_drain=0.452ms/4553 pipeline_create=0.361ms/2 client_gizmos=0.277ms/396 texture_create=0.083ms/3 0.0MiB render_pass_merge=0.000ms/41259
[15:19:08] [Test thread/INFO] (MetalLifecycleGameTest) Metal benchmark stall: phase=pan#1 worst-1% render_frame=292.539ms/45 gpu_frame=203.450ms/47 jvm_gc=23.000ms/9 client_tick=22.933ms/39 command_batch=18.255ms/9110 13.5MiB buffer_create=18.013ms/10293 36.3MiB buffer_map=15.423ms/97087 42.2MiB client_post_tasks=10.677ms/45 lod_prepare=10.249ms/90 0.1MiB client_tasks=2.020ms/45 resource_release=0.682ms/10307 40.2MiB acquire=0.579ms/45 submit=0.511ms/45 upload_copy=0.338ms/90 0.0MiB harness_handoff=0.232ms/51 arena_wait=0.176ms/45 client_post_render=0.152ms/45 level_end_frame=0.131ms/45 client_pre_frame=0.081ms/45 client_packets=0.040ms/45 client_gizmos=0.030ms/39 client_pre_render=0.023ms/45 present=0.022ms/45 task_drain=0.003ms/45 render_pass_merge=0.000ms/436
[15:19:08] [Test thread/INFO] (MetalLifecycleGameTest) Metal benchmark stall: phase=pan#1 tasks total=0.000ms/0
[15:19:08] [Test thread/INFO] (MetalLifecycleGameTest) Metal benchmark stall: phase=pan#1 gpuPassSpans sumOfSpans=61172.206ms/51147 MetalCraft shader: shadow_terrain=10445.436ms/4582 Section layers for opaque=8279.024ms/4582 Immediate draw with minecraft:pipeline/entity_translucent=8269.182ms/4582 (depth clear)=7705.043ms/9164 MetalCraft shader: grade=7704.666ms/4582 Immediate draw with minecraft:pipeline/entity_cutout=5810.695ms/3911 Immediate draw with minecraft:pipeline/eyes=4629.361ms/2827 Immediate draw with minecraft:pipeline/item_cutout=3679.873ms/2670 Immediate draw with minecraft:pipeline/lines=1802.554ms/1063 Section layers for translucent=1123.458ms/692 Immediate draw with minecraft:pipeline/entity_cutout_cull=539.020ms/327 Sky disc=486.372ms/4582
[15:19:08] [Test thread/INFO] (MetalLifecycleGameTest) Metal benchmark stall: phase=pan#1 frame=4097 intervalMs=10.583 cpuMs=9.558 outsideLoopMs=0.071 render_frame=9.614ms/1 gpu_frame=4.244ms/1 jvm_gc=3.000ms/1 client_tick=0.587ms/1 buffer_create=0.480ms/241 0.8MiB command_batch=0.446ms/209 0.3MiB buffer_map=0.366ms/2225 0.9MiB client_post_tasks=0.253ms/1 lod_prepare=0.222ms/2 client_tasks=0.054ms/1 resource_release=0.018ms/241 0.8MiB acquire=0.016ms/1 submit=0.016ms/1 harness_handoff=0.007ms/1 upload_copy=0.006ms/2 0.0MiB client_post_render=0.005ms/1 level_end_frame=0.003ms/1 client_pre_frame=0.002ms/1 client_gizmos=0.001ms/1 arena_wait=0.001ms/1 client_pre_render=0.001ms/1 present=0.001ms/1 client_packets=0.000ms/1 task_drain=0.000ms/1 render_pass_merge=0.000ms/10 unphasedMs=-0.004
[15:19:08] [Test thread/INFO] (MetalLifecycleGameTest) Metal benchmark stall: phase=pan#1 frame=4082 intervalMs=9.694 cpuMs=8.813 outsideLoopMs=0.034 render_frame=8.861ms/1 gpu_frame=4.279ms/1 jvm_gc=2.000ms/1 client_tick=0.521ms/1 buffer_create=0.430ms/230 0.8MiB command_batch=0.426ms/204 0.3MiB buffer_map=0.369ms/2180 0.9MiB client_post_tasks=0.227ms/1 lod_prepare=0.129ms/2 client_tasks=0.048ms/1 resource_release=0.020ms/230 0.8MiB submit=0.013ms/1 acquire=0.012ms/1 harness_handoff=0.005ms/1 level_end_frame=0.004ms/1 client_post_render=0.004ms/1 upload_copy=0.003ms/2 0.0MiB client_gizmos=0.001ms/1 client_pre_frame=0.001ms/1 present=0.001ms/1 client_pre_render=0.000ms/1 arena_wait=0.000ms/1 task_drain=0.000ms/1 client_packets=0.000ms/1 render_pass_merge=0.000ms/10 unphasedMs=-0.003
[15:19:08] [Test thread/INFO] (MetalLifecycleGameTest) Metal benchmark stall: phase=pan#1 frame=2486 intervalMs=8.323 cpuMs=7.351 outsideLoopMs=0.026 gpu_frame=9.025ms/2 render_frame=7.389ms/1 jvm_gc=3.000ms/1 client_tick=0.591ms/1 client_post_tasks=0.264ms/1 buffer_map=0.134ms/844 0.4MiB buffer_create=0.127ms/49 0.0MiB command_batch=0.117ms/16 0.1MiB upload_copy=0.058ms/2 0.0MiB lod_prepare=0.057ms/2 arena_wait=0.056ms/1 client_tasks=0.051ms/1 resource_release=0.023ms/56 1.8MiB submit=0.014ms/1 acquire=0.010ms/1 harness_handoff=0.004ms/1 level_end_frame=0.003ms/1 client_post_render=0.002ms/1 client_pre_frame=0.002ms/1 client_gizmos=0.001ms/1 present=0.000ms/1 client_pre_render=0.000ms/1 task_drain=0.000ms/1 client_packets=0.000ms/1 render_pass_merge=0.000ms/7 unphasedMs=-0.002
[15:19:08] [Test thread/INFO] (MetalLifecycleGameTest) Metal benchmark stall: phase=pan#1 frame=4387 intervalMs=8.095 cpuMs=8.011 outsideLoopMs=0.043 render_frame=8.047ms/1 gpu_frame=4.357ms/1 jvm_gc=2.000ms/1 buffer_create=0.463ms/250 0.8MiB command_batch=0.430ms/227 0.3MiB buffer_map=0.373ms/2330 1.0MiB lod_prepare=0.157ms/2 resource_release=0.017ms/250 0.8MiB submit=0.011ms/1 acquire=0.009ms/1 client_pre_frame=0.004ms/1 client_post_render=0.004ms/1 upload_copy=0.003ms/2 0.0MiB level_end_frame=0.003ms/1 client_pre_render=0.001ms/1 present=0.000ms/1 client_tasks=0.000ms/1 arena_wait=0.000ms/1 client_packets=0.000ms/1 task_drain=0.000ms/1 client_post_tasks=0.000ms/1 render_pass_merge=0.000ms/10 unphasedMs=-0.003
[15:19:08] [Test thread/INFO] (MetalLifecycleGameTest) Metal benchmark stall: phase=pan#1 frame=3740 intervalMs=7.833 cpuMs=7.764 outsideLoopMs=0.032 render_frame=7.797ms/1 gpu_frame=4.304ms/1 jvm_gc=3.000ms/1 lod_prepare=2.673ms/2 command_batch=0.345ms/146 0.3MiB buffer_map=0.283ms/1805 0.7MiB buffer_create=0.283ms/147 0.5MiB resource_release=0.011ms/147 0.5MiB submit=0.010ms/1 acquire=0.006ms/1 level_end_frame=0.003ms/1 client_pre_frame=0.003ms/1 client_post_render=0.003ms/1 upload_copy=0.002ms/2 0.0MiB present=0.000ms/1 client_pre_render=0.000ms/1 client_packets=0.000ms/1 client_tasks=0.000ms/1 arena_wait=0.000ms/1 task_drain=0.000ms/1 client_post_tasks=0.000ms/1 render_pass_merge=0.000ms/7 unphasedMs=-0.002
[15:19:08] [Test thread/INFO] (MetalLifecycleGameTest) Metal benchmark stall: phase=pan#1 frame=4089 intervalMs=7.624 cpuMs=6.471 outsideLoopMs=0.044 render_frame=6.510ms/1 gpu_frame=4.311ms/1 client_tick=0.654ms/1 command_batch=0.435ms/209 0.3MiB buffer_create=0.431ms/241 0.8MiB buffer_map=0.370ms/2225 0.9MiB client_post_tasks=0.341ms/1 lod_prepare=0.180ms/2 client_tasks=0.072ms/1 resource_release=0.018ms/241 0.8MiB submit=0.012ms/1 acquire=0.012ms/1 harness_handoff=0.009ms/1 upload_copy=0.004ms/2 0.0MiB client_post_render=0.003ms/1 level_end_frame=0.003ms/1 client_pre_frame=0.002ms/1 client_gizmos=0.001ms/1 client_pre_render=0.001ms/1 arena_wait=0.000ms/1 present=0.000ms/1 client_packets=0.000ms/1 task_drain=0.000ms/1 render_pass_merge=0.000ms/10 unphasedMs=-0.003
[15:19:08] [Test thread/INFO] (MetalLifecycleGameTest) Metal benchmark stall: phase=pan#1 frame=2952 intervalMs=7.541 cpuMs=7.452 outsideLoopMs=0.042 render_frame=7.494ms/1 gpu_frame=4.117ms/1 jvm_gc=3.000ms/1 command_batch=0.208ms/53 0.2MiB buffer_map=0.204ms/1278 0.5MiB buffer_create=0.176ms/78 0.5MiB lod_prepare=0.100ms/2 submit=0.013ms/1 resource_release=0.011ms/78 0.5MiB acquire=0.008ms/1 client_pre_frame=0.004ms/1 level_end_frame=0.003ms/1 client_post_render=0.003ms/1 upload_copy=0.002ms/2 0.0MiB present=0.001ms/1 client_pre_render=0.001ms/1 client_packets=0.000ms/1 arena_wait=0.000ms/1 client_tasks=0.000ms/1 task_drain=0.000ms/1 client_post_tasks=0.000ms/1 render_pass_merge=0.000ms/7 unphasedMs=-0.003
[15:19:08] [Test thread/INFO] (MetalLifecycleGameTest) Metal benchmark stall: phase=pan#1 frame=4105 intervalMs=7.482 cpuMs=6.229 outsideLoopMs=0.064 render_frame=6.271ms/1 gpu_frame=4.340ms/1 client_tick=0.774ms/1 buffer_create=0.426ms/246 0.8MiB command_batch=0.424ms/214 0.3MiB buffer_map=0.357ms/2261 0.9MiB client_post_tasks=0.304ms/1 lod_prepare=0.238ms/2 client_tasks=0.064ms/1 acquire=0.015ms/1 resource_release=0.014ms/246 0.8MiB submit=0.011ms/1 upload_copy=0.006ms/2 0.0MiB client_post_render=0.005ms/1 harness_handoff=0.005ms/1 level_end_frame=0.003ms/1 client_pre_frame=0.002ms/1 client_gizmos=0.001ms/1 client_pre_render=0.001ms/1 arena_wait=0.001ms/1 client_packets=0.000ms/1 present=0.000ms/1 task_drain=0.000ms/1 render_pass_merge=0.000ms/10 unphasedMs=-0.005
[15:19:28] [Test thread/INFO] (MetalLifecycleGameTest) Metal benchmark: phase=traversal#1 frames=2561 seconds=19.8 avgFps=129.2 onePercentLow=82.0 pointOnePercentLow=72.5 p50CpuMs=7.734 p95CpuMs=8.844 p99CpuMs=9.778 p50IntervalMs=7.865 p99IntervalMs=10.987 worstIntervalMs=13.825 p50AcquireMs=0.009 p99AcquireMs=0.018 p50OutsideLoopMs=0.047 p99OutsideLoopMs=0.083
[15:19:28] [Test thread/INFO] (MetalLifecycleGameTest) Metal benchmark stall: phase=traversal#1 whole-phase render_frame=19245.307ms/2561 gpu_frame=16021.177ms/2561 buffer_create=2285.145ms/1257691 1158.3MiB buffer_map=1146.315ms/7076216 2395.4MiB command_batch=895.717ms/217467 694.0MiB lod_prepare=361.156ms/5122 1.3MiB client_tick=228.848ms/396 client_post_tasks=109.309ms/2561 jvm_gc=89.000ms/34 client_packets=67.154ms/2561 resource_release=35.514ms/1256874 1012.9MiB client_tasks=33.049ms/2561 acquire=24.559ms/2561 submit=22.602ms/2561 upload_copy=14.205ms/12470 191.4MiB client_post_render=9.709ms/2561 client_pre_frame=8.378ms/2561 level_end_frame=6.685ms/2561 harness_handoff=2.633ms/521 client_pre_render=1.347ms/2561 present=1.102ms/2561 arena_wait=0.993ms/2561 client_gizmos=0.311ms/396 task_drain=0.296ms/2561 render_pass_merge=0.000ms/19562
[15:19:28] [Test thread/INFO] (MetalLifecycleGameTest) Metal benchmark stall: phase=traversal#1 worst-1% render_frame=278.852ms/25 gpu_frame=165.869ms/25 jvm_gc=72.000ms/21 buffer_create=22.730ms/13810 7.2MiB buffer_map=18.505ms/73164 23.6MiB client_tick=9.402ms/9 command_batch=8.752ms/1521 6.7MiB lod_prepare=8.250ms/50 client_tasks=5.193ms/25 client_packets=5.011ms/25 client_post_tasks=2.644ms/25 resource_release=0.494ms/13812 7.2MiB acquire=0.351ms/25 submit=0.341ms/25 upload_copy=0.214ms/184 3.4MiB client_post_render=0.101ms/25 client_pre_frame=0.086ms/25 level_end_frame=0.074ms/25 harness_handoff=0.061ms/11 present=0.016ms/25 client_pre_render=0.014ms/25 arena_wait=0.014ms/25 client_gizmos=0.011ms/9 task_drain=0.003ms/25 render_pass_merge=0.000ms/170
[15:19:28] [Test thread/INFO] (MetalLifecycleGameTest) Metal benchmark stall: phase=traversal#1 tasks total=0.000ms/0
[15:19:28] [Test thread/INFO] (MetalLifecycleGameTest) Metal benchmark stall: phase=traversal#1 gpuPassSpans sumOfSpans=45540.225ms/28254 MetalCraft shader: shadow_terrain=9862.249ms/2590 Immediate draw with minecraft:pipeline/entity_translucent=6950.187ms/2590 MetalCraft shader: grade=6563.988ms/2590 (depth clear)=6043.059ms/5180 Section layers for opaque=5844.025ms/2590 Section layers for translucent=5074.571ms/1856 Immediate draw with minecraft:pipeline/entity_cutout=2197.020ms/1340 Immediate draw with minecraft:pipeline/eyes=1510.620ms/734 Immediate draw with minecraft:pipeline/item_cutout=793.154ms/583 Sky disc=387.412ms/2590 GUI before blur=225.544ms/2590 Clouds=50.428ms/21
[15:19:28] [Test thread/INFO] (MetalLifecycleGameTest) Metal benchmark stall: phase=traversal#1 frame=934 intervalMs=13.825 cpuMs=12.794 outsideLoopMs=0.047 render_frame=12.835ms/1 gpu_frame=6.205ms/1 jvm_gc=4.000ms/1 buffer_create=0.898ms/565 0.1MiB buffer_map=0.577ms/3359 1.1MiB client_tick=0.569ms/1 command_batch=0.450ms/99 0.3MiB client_post_tasks=0.322ms/1 lod_prepare=0.170ms/2 client_tasks=0.049ms/1 resource_release=0.015ms/565 0.1MiB submit=0.013ms/1 acquire=0.011ms/1 harness_handoff=0.008ms/2 client_post_render=0.004ms/1 upload_copy=0.004ms/2 0.0MiB level_end_frame=0.002ms/1 client_pre_frame=0.002ms/1 client_gizmos=0.001ms/1 present=0.001ms/1 client_pre_render=0.001ms/1 arena_wait=0.000ms/1 client_packets=0.000ms/1 task_drain=0.000ms/1 render_pass_merge=0.000ms/6 unphasedMs=-0.004
[15:19:28] [Test thread/INFO] (MetalLifecycleGameTest) Metal benchmark stall: phase=traversal#1 frame=1604 intervalMs=13.823 cpuMs=8.148 outsideLoopMs=0.043 render_frame=8.204ms/1 gpu_frame=6.717ms/1 jvm_gc=5.000ms/1 client_tasks=4.692ms/1 buffer_create=0.902ms/551 0.6MiB client_tick=0.573ms/1 buffer_map=0.457ms/2811 0.9MiB command_batch=0.309ms/42 0.2MiB client_post_tasks=0.308ms/1 lod_prepare=0.178ms/2 acquire=0.025ms/1 resource_release=0.022ms/551 0.6MiB submit=0.015ms/1 harness_handoff=0.006ms/1 upload_copy=0.006ms/2 0.0MiB client_post_render=0.003ms/1 level_end_frame=0.002ms/1 client_pre_frame=0.001ms/1 arena_wait=0.001ms/1 client_gizmos=0.001ms/1 present=0.001ms/1 client_pre_render=0.000ms/1 client_packets=0.000ms/1 task_drain=0.000ms/1 render_pass_merge=0.000ms/8 unphasedMs=-0.003
[15:19:28] [Test thread/INFO] (MetalLifecycleGameTest) Metal benchmark stall: phase=traversal#1 frame=1221 intervalMs=13.743 cpuMs=8.435 outsideLoopMs=0.042 render_frame=8.530ms/1 gpu_frame=6.433ms/1 client_tick=4.810ms/1 jvm_gc=4.000ms/1 buffer_create=0.917ms/565 0.1MiB buffer_map=0.513ms/3020 0.9MiB command_batch=0.372ms/70 0.3MiB client_post_tasks=0.302ms/1 lod_prepare=0.202ms/2 acquire=0.060ms/1 client_tasks=0.052ms/1 submit=0.014ms/1 resource_release=0.012ms/565 0.1MiB harness_handoff=0.010ms/1 upload_copy=0.006ms/2 0.0MiB client_post_render=0.004ms/1 client_gizmos=0.003ms/1 level_end_frame=0.002ms/1 client_pre_frame=0.002ms/1 arena_wait=0.001ms/1 present=0.001ms/1 client_pre_render=0.000ms/1 client_packets=0.000ms/1 task_drain=0.000ms/1 render_pass_merge=0.000ms/6 unphasedMs=-0.004
[15:19:28] [Test thread/INFO] (MetalLifecycleGameTest) Metal benchmark stall: phase=traversal#1 frame=2351 intervalMs=13.432 cpuMs=12.627 outsideLoopMs=0.042 render_frame=12.663ms/1 gpu_frame=7.293ms/1 lod_prepare=4.253ms/2 jvm_gc=4.000ms/1 buffer_create=0.898ms/622 0.1MiB buffer_map=0.470ms/2961 0.9MiB client_tick=0.370ms/1 command_batch=0.294ms/29 0.2MiB client_post_tasks=0.291ms/1 client_tasks=0.063ms/1 resource_release=0.013ms/622 0.1MiB submit=0.011ms/1 acquire=0.009ms/1 harness_handoff=0.007ms/1 upload_copy=0.004ms/2 0.0MiB client_post_render=0.003ms/1 level_end_frame=0.003ms/1 client_pre_frame=0.001ms/1 client_gizmos=0.001ms/1 client_pre_render=0.001ms/1 present=0.000ms/1 arena_wait=0.000ms/1 client_packets=0.000ms/1 task_drain=0.000ms/1 render_pass_merge=0.000ms/6 unphasedMs=-0.003
[15:19:28] [Test thread/INFO] (MetalLifecycleGameTest) Metal benchmark stall: phase=traversal#1 frame=1735 intervalMs=13.081 cpuMs=12.984 outsideLoopMs=0.042 render_frame=13.035ms/1 gpu_frame=6.638ms/1 jvm_gc=3.000ms/1 buffer_create=0.944ms/543 0.6MiB buffer_map=0.475ms/2756 0.9MiB command_batch=0.308ms/41 0.2MiB lod_prepare=0.118ms/2 resource_release=0.030ms/543 0.6MiB submit=0.017ms/1 acquire=0.009ms/1 level_end_frame=0.003ms/1 client_post_render=0.003ms/1 client_pre_frame=0.003ms/1 upload_copy=0.003ms/2 0.0MiB present=0.001ms/1 arena_wait=0.001ms/1 client_pre_render=0.001ms/1 client_tasks=0.000ms/1 client_packets=0.000ms/1 client_post_tasks=0.000ms/1 task_drain=0.000ms/1 render_pass_merge=0.000ms/7 unphasedMs=-0.003
[15:19:28] [Test thread/INFO] (MetalLifecycleGameTest) Metal benchmark stall: phase=traversal#1 frame=2074 intervalMs=13.009 cpuMs=12.209 outsideLoopMs=0.043 render_frame=12.265ms/1 gpu_frame=7.026ms/1 buffer_map=3.689ms/2885 0.9MiB jvm_gc=3.000ms/1 buffer_create=1.030ms/590 0.6MiB client_tick=0.414ms/1 command_batch=0.360ms/39 0.2MiB client_post_tasks=0.239ms/1 lod_prepare=0.107ms/2 client_tasks=0.045ms/1 resource_release=0.024ms/590 0.6MiB submit=0.019ms/1 acquire=0.009ms/1 harness_handoff=0.007ms/1 level_end_frame=0.004ms/1 client_post_render=0.004ms/1 upload_copy=0.003ms/2 0.0MiB client_pre_frame=0.002ms/1 present=0.001ms/1 client_gizmos=0.001ms/1 arena_wait=0.000ms/1 client_packets=0.000ms/1 client_pre_render=0.000ms/1 task_drain=0.000ms/1 render_pass_merge=0.000ms/6 unphasedMs=-0.003
[15:19:28] [Test thread/INFO] (MetalLifecycleGameTest) Metal benchmark stall: phase=traversal#1 frame=2460 intervalMs=12.936 cpuMs=12.630 outsideLoopMs=0.057 render_frame=12.680ms/1 gpu_frame=7.666ms/1 jvm_gc=4.000ms/1 buffer_create=1.166ms/637 0.1MiB buffer_map=0.492ms/3035 0.9MiB command_batch=0.321ms/31 0.2MiB client_packets=0.196ms/1 lod_prepare=0.168ms/2 submit=0.016ms/1 resource_release=0.012ms/636 0.1MiB acquire=0.007ms/1 client_post_render=0.004ms/1 level_end_frame=0.004ms/1 upload_copy=0.004ms/2 0.0MiB client_pre_frame=0.003ms/1 present=0.001ms/1 arena_wait=0.000ms/1 client_pre_render=0.000ms/1 client_tasks=0.000ms/1 task_drain=0.000ms/1 client_post_tasks=0.000ms/1 render_pass_merge=0.000ms/6 unphasedMs=-0.004
[15:19:28] [Test thread/INFO] (MetalLifecycleGameTest) Metal benchmark stall: phase=traversal#1 frame=862 intervalMs=12.797 cpuMs=10.811 outsideLoopMs=0.065 render_frame=10.855ms/1 gpu_frame=5.672ms/1 jvm_gc=4.000ms/1 client_packets=1.871ms/1 buffer_create=0.699ms/431 0.1MiB buffer_map=0.455ms/2723 0.9MiB command_batch=0.387ms/111 0.3MiB lod_prepare=0.202ms/2 resource_release=0.020ms/433 0.1MiB acquire=0.013ms/1 submit=0.013ms/1 upload_copy=0.006ms/4 0.0MiB client_pre_frame=0.005ms/1 client_post_render=0.005ms/1 level_end_frame=0.003ms/1 client_pre_render=0.001ms/1 arena_wait=0.001ms/1 present=0.001ms/1 client_tasks=0.000ms/1 client_post_tasks=0.000ms/1 task_drain=0.000ms/1 render_pass_merge=0.000ms/6 unphasedMs=-0.004
[15:19:28] [Server thread/INFO] (Minecraft) Teleported Player101 to -1535.500000, 174.620000, -127.500000
[15:19:28] [Render thread/INFO] (Minecraft) [System] [CHAT] [Server: Teleported Player101 to -1535.500000, 174.620000, -127.500000]
[15:19:53] [Test thread/INFO] (MetalLifecycleGameTest) Metal benchmark: phase=stationary#2 frames=3264 seconds=19.8 avgFps=164.7 onePercentLow=110.5 pointOnePercentLow=87.4 p50CpuMs=5.755 p95CpuMs=6.531 p99CpuMs=6.907 p50IntervalMs=5.828 p99IntervalMs=7.823 worstIntervalMs=12.953 p50AcquireMs=0.008 p99AcquireMs=0.016 p50OutsideLoopMs=0.038 p99OutsideLoopMs=0.065
[15:19:53] [Test thread/INFO] (MetalLifecycleGameTest) Metal benchmark stall: phase=stationary#2 whole-phase render_frame=19311.812ms/3264 gpu_frame=16787.688ms/3264 buffer_create=1532.735ms/786662 2626.6MiB command_batch=1376.344ms/747442 1041.8MiB buffer_map=1144.931ms/7331361 2988.3MiB lod_prepare=451.296ms/6528 0.3MiB client_tick=227.215ms/396 client_post_tasks=105.866ms/3264 jvm_gc=51.000ms/19 resource_release=39.560ms/786668 2626.8MiB acquire=27.536ms/3264 submit=25.747ms/3264 client_tasks=14.793ms/3264 client_post_render=11.436ms/3264 client_pre_frame=10.426ms/3264 client_packets=9.726ms/3264 level_end_frame=8.938ms/3264 upload_copy=8.907ms/6592 3.2MiB harness_handoff=2.181ms/547 client_pre_render=1.589ms/3264 present=1.236ms/3264 arena_wait=0.981ms/3264 client_gizmos=0.301ms/396 task_drain=0.282ms/3264 render_pass_merge=0.000ms/32639
[15:19:53] [Test thread/INFO] (MetalLifecycleGameTest) Metal benchmark stall: phase=stationary#2 worst-1% render_frame=268.621ms/32 gpu_frame=165.431ms/32 jvm_gc=51.000ms/15 buffer_map=14.869ms/71892 29.3MiB buffer_create=14.123ms/7712 25.7MiB command_batch=13.902ms/7328 10.2MiB client_tick=13.566ms/20 lod_prepare=9.234ms/64 client_post_tasks=5.908ms/32 client_tasks=1.091ms/32 resource_release=0.564ms/7712 25.7MiB submit=0.409ms/32 acquire=0.384ms/32 upload_copy=0.141ms/64 0.0MiB harness_handoff=0.128ms/21 client_post_render=0.117ms/32 level_end_frame=0.090ms/32 client_pre_frame=0.081ms/32 client_packets=0.058ms/32 client_gizmos=0.020ms/20 present=0.019ms/32 client_pre_render=0.018ms/32 arena_wait=0.017ms/32 task_drain=0.005ms/32 render_pass_merge=0.000ms/320
[15:19:53] [Test thread/INFO] (MetalLifecycleGameTest) Metal benchmark stall: phase=stationary#2 tasks total=0.000ms/0
[15:19:53] [Test thread/INFO] (MetalLifecycleGameTest) Metal benchmark stall: phase=stationary#2 gpuPassSpans sumOfSpans=53740.966ms/39224 MetalCraft shader: shadow_terrain=10967.171ms/3293 Section layers for opaque=7252.542ms/3293 Immediate draw with minecraft:pipeline/entity_translucent=6585.873ms/3293 MetalCraft shader: grade=6151.013ms/3293 Immediate draw with minecraft:pipeline/eyes=5965.312ms/3293 (depth clear)=5764.617ms/6586 Immediate draw with minecraft:pipeline/entity_cutout=5348.486ms/3293 Immediate draw with minecraft:pipeline/item_cutout=4973.057ms/3293 Sky disc=407.745ms/3293 GUI before blur=287.063ms/3293 Animate minecraft:textures/atlas/blocks.png=27.438ms/2000 Animate minecraft:textures/atlas/particles.png=3.580ms/400
[15:19:53] [Test thread/INFO] (MetalLifecycleGameTest) Metal benchmark stall: phase=stationary#2 frame=599 intervalMs=12.953 cpuMs=11.942 outsideLoopMs=0.038 render_frame=11.987ms/1 jvm_gc=6.000ms/1 gpu_frame=5.472ms/1 client_tick=0.582ms/1 buffer_create=0.443ms/241 0.8MiB command_batch=0.439ms/229 0.3MiB buffer_map=0.361ms/2247 0.9MiB client_post_tasks=0.295ms/1 lod_prepare=0.159ms/2 client_tasks=0.048ms/1 resource_release=0.016ms/241 0.8MiB acquire=0.014ms/1 submit=0.014ms/1 harness_handoff=0.006ms/1 upload_copy=0.004ms/2 0.0MiB client_post_render=0.004ms/1 level_end_frame=0.003ms/1 client_pre_frame=0.001ms/1 client_gizmos=0.001ms/1 present=0.001ms/1 client_pre_render=0.001ms/1 arena_wait=0.000ms/1 task_drain=0.000ms/1 client_packets=0.000ms/1 render_pass_merge=0.000ms/10 unphasedMs=-0.003
[15:19:53] [Test thread/INFO] (MetalLifecycleGameTest) Metal benchmark stall: phase=stationary#2 frame=36 intervalMs=11.396 cpuMs=10.421 outsideLoopMs=0.043 render_frame=10.481ms/1 gpu_frame=5.406ms/1 jvm_gc=3.000ms/1 client_tick=0.595ms/1 buffer_create=0.477ms/241 0.8MiB command_batch=0.452ms/229 0.3MiB buffer_map=0.383ms/2247 0.9MiB client_post_tasks=0.237ms/1 lod_prepare=0.156ms/2 client_tasks=0.035ms/1 resource_release=0.022ms/241 0.8MiB submit=0.019ms/1 acquire=0.012ms/1 harness_handoff=0.005ms/1 level_end_frame=0.004ms/1 upload_copy=0.004ms/2 0.0MiB client_post_render=0.004ms/1 client_pre_frame=0.002ms/1 present=0.001ms/1 client_gizmos=0.001ms/1 arena_wait=0.000ms/1 client_pre_render=0.000ms/1 client_packets=0.000ms/1 task_drain=0.000ms/1 render_pass_merge=0.000ms/10 unphasedMs=-0.003
[15:19:53] [Test thread/INFO] (MetalLifecycleGameTest) Metal benchmark stall: phase=stationary#2 frame=2853 intervalMs=11.039 cpuMs=10.116 outsideLoopMs=0.038 render_frame=10.176ms/1 gpu_frame=5.227ms/1 jvm_gc=3.000ms/1 client_tick=0.543ms/1 buffer_create=0.471ms/241 0.8MiB command_batch=0.447ms/229 0.3MiB buffer_map=0.365ms/2247 0.9MiB client_post_tasks=0.245ms/1 lod_prepare=0.184ms/2 client_tasks=0.034ms/1 resource_release=0.025ms/241 0.8MiB submit=0.017ms/1 acquire=0.016ms/1 harness_handoff=0.006ms/2 upload_copy=0.005ms/2 0.0MiB client_post_render=0.004ms/1 level_end_frame=0.004ms/1 client_pre_frame=0.002ms/1 present=0.001ms/1 arena_wait=0.001ms/1 client_gizmos=0.001ms/1 client_pre_render=0.000ms/1 client_packets=0.000ms/1 task_drain=0.000ms/1 render_pass_merge=0.000ms/10 unphasedMs=-0.003
[15:19:53] [Test thread/INFO] (MetalLifecycleGameTest) Metal benchmark stall: phase=stationary#2 frame=2526 intervalMs=10.368 cpuMs=10.295 outsideLoopMs=0.036 render_frame=10.327ms/1 gpu_frame=5.062ms/1 jvm_gc=5.000ms/1 command_batch=0.406ms/229 0.3MiB buffer_create=0.383ms/241 0.8MiB buffer_map=0.343ms/2246 0.9MiB lod_prepare=0.129ms/2 resource_release=0.012ms/241 0.8MiB submit=0.010ms/1 acquire=0.007ms/1 client_pre_frame=0.003ms/1 client_post_render=0.003ms/1 level_end_frame=0.003ms/1 upload_copy=0.002ms/2 0.0MiB client_pre_render=0.001ms/1 present=0.001ms/1 arena_wait=0.000ms/1 client_packets=0.000ms/1 client_post_tasks=0.000ms/1 client_tasks=0.000ms/1 task_drain=0.000ms/1 render_pass_merge=0.000ms/10 unphasedMs=-0.003
[15:19:53] [Test thread/INFO] (MetalLifecycleGameTest) Metal benchmark stall: phase=stationary#2 frame=1891 intervalMs=10.308 cpuMs=10.206 outsideLoopMs=0.054 render_frame=10.250ms/1 gpu_frame=5.158ms/1 jvm_gc=3.000ms/1 command_batch=0.431ms/229 0.3MiB buffer_create=0.426ms/241 0.8MiB buffer_map=0.354ms/2246 0.9MiB lod_prepare=0.156ms/2 resource_release=0.015ms/241 0.8MiB submit=0.013ms/1 acquire=0.008ms/1 level_end_frame=0.004ms/1 client_pre_frame=0.004ms/1 client_post_render=0.003ms/1 upload_copy=0.002ms/2 0.0MiB present=0.001ms/1 client_pre_render=0.001ms/1 arena_wait=0.000ms/1 client_packets=0.000ms/1 client_tasks=0.000ms/1 task_drain=0.000ms/1 client_post_tasks=0.000ms/1 render_pass_merge=0.000ms/10 unphasedMs=-0.003
[15:19:53] [Test thread/INFO] (MetalLifecycleGameTest) Metal benchmark stall: phase=stationary#2 frame=1552 intervalMs=10.217 cpuMs=10.140 outsideLoopMs=0.036 render_frame=10.177ms/1 gpu_frame=5.135ms/1 jvm_gc=4.000ms/1 buffer_create=0.469ms/241 0.8MiB command_batch=0.416ms/229 0.3MiB buffer_map=0.345ms/2246 0.9MiB lod_prepare=0.120ms/2 resource_release=0.016ms/241 0.8MiB submit=0.013ms/1 acquire=0.007ms/1 client_post_render=0.003ms/1 client_pre_frame=0.003ms/1 level_end_frame=0.003ms/1 upload_copy=0.002ms/2 0.0MiB present=0.000ms/1 client_pre_render=0.000ms/1 client_packets=0.000ms/1 arena_wait=0.000ms/1 client_tasks=0.000ms/1 client_post_tasks=0.000ms/1 task_drain=0.000ms/1 render_pass_merge=0.000ms/10 unphasedMs=-0.003
[15:19:53] [Test thread/INFO] (MetalLifecycleGameTest) Metal benchmark stall: phase=stationary#2 frame=2868 intervalMs=9.991 cpuMs=9.839 outsideLoopMs=0.078 render_frame=9.888ms/1 gpu_frame=5.286ms/1 jvm_gc=3.000ms/1 buffer_create=0.452ms/241 0.8MiB command_batch=0.432ms/229 0.3MiB buffer_map=0.360ms/2246 0.9MiB lod_prepare=0.222ms/2 client_packets=0.019ms/1 resource_release=0.018ms/241 0.8MiB submit=0.016ms/1 acquire=0.009ms/1 client_post_render=0.006ms/1 upload_copy=0.004ms/2 0.0MiB client_pre_frame=0.004ms/1 level_end_frame=0.003ms/1 client_pre_render=0.001ms/1 present=0.001ms/1 arena_wait=0.001ms/1 client_tasks=0.000ms/1 task_drain=0.000ms/1 client_post_tasks=0.000ms/1 render_pass_merge=0.000ms/10 unphasedMs=-0.006
[15:19:53] [Test thread/INFO] (MetalLifecycleGameTest) Metal benchmark stall: phase=stationary#2 frame=930 intervalMs=9.943 cpuMs=9.830 outsideLoopMs=0.059 render_frame=9.878ms/1 gpu_frame=5.091ms/1 jvm_gc=3.000ms/1 command_batch=0.451ms/229 0.3MiB buffer_create=0.439ms/241 0.8MiB buffer_map=0.375ms/2246 0.9MiB lod_prepare=0.212ms/2 resource_release=0.018ms/241 0.8MiB submit=0.014ms/1 acquire=0.009ms/1 upload_copy=0.005ms/2 0.0MiB level_end_frame=0.003ms/1 client_pre_frame=0.003ms/1 client_post_render=0.003ms/1 present=0.001ms/1 arena_wait=0.001ms/1 client_tasks=0.001ms/1 client_pre_render=0.001ms/1 task_drain=0.000ms/1 client_packets=0.000ms/1 client_post_tasks=0.000ms/1 render_pass_merge=0.000ms/10 unphasedMs=-0.003
[15:20:13] [Test thread/INFO] (MetalLifecycleGameTest) Metal benchmark: phase=pan#2 frames=3592 seconds=19.8 avgFps=181.3 onePercentLow=115.0 pointOnePercentLow=102.0 p50CpuMs=5.132 p95CpuMs=6.538 p99CpuMs=7.249 p50IntervalMs=5.240 p99IntervalMs=8.130 worstIntervalMs=10.065 p50AcquireMs=0.008 p99AcquireMs=0.016 p50OutsideLoopMs=0.039 p99OutsideLoopMs=0.071
[15:20:13] [Test thread/INFO] (MetalLifecycleGameTest) Metal benchmark stall: phase=pan#2 whole-phase gpu_frame=20893.558ms/3592 render_frame=19296.935ms/3592 upload_copy=1133.539ms/8394 35.6MiB arena_wait=1122.087ms/3592 buffer_create=955.153ms/499728 1467.7MiB command_batch=922.580ms/360044 704.9MiB buffer_map=855.408ms/5483405 2445.2MiB lod_prepare=364.965ms/7184 0.7MiB client_tick=218.416ms/396 client_post_tasks=106.879ms/3592 jvm_gc=33.000ms/15 submit=32.484ms/3592 acquire=29.163ms/3592 resource_release=22.411ms/499634 1466.4MiB client_tasks=19.977ms/3592 client_post_render=12.685ms/3592 client_pre_frame=10.730ms/3592 level_end_frame=10.221ms/3592 client_packets=9.590ms/3592 harness_handoff=2.198ms/511 client_pre_render=1.814ms/3592 present=1.584ms/3592 task_drain=0.386ms/3592 client_gizmos=0.299ms/396 render_pass_merge=0.000ms/33431
[15:20:13] [Test thread/INFO] (MetalLifecycleGameTest) Metal benchmark stall: phase=pan#2 worst-1% render_frame=278.889ms/35 gpu_frame=226.253ms/42 jvm_gc=33.000ms/12 client_tick=15.599ms/26 buffer_create=14.458ms/8155 16.9MiB lod_prepare=14.247ms/70 command_batch=13.542ms/6173 10.1MiB buffer_map=12.054ms/75122 31.1MiB client_post_tasks=7.440ms/35 upload_copy=1.814ms/70 0.0MiB arena_wait=1.674ms/35 client_tasks=1.360ms/35 resource_release=0.590ms/8209 30.4MiB acquire=0.457ms/35 submit=0.421ms/35 harness_handoff=0.149ms/32 client_post_render=0.122ms/35 level_end_frame=0.102ms/35 client_pre_frame=0.071ms/35 client_packets=0.063ms/35 client_gizmos=0.022ms/26 present=0.019ms/35 client_pre_render=0.017ms/35 task_drain=0.003ms/35 render_pass_merge=0.000ms/287
[15:20:13] [Test thread/INFO] (MetalLifecycleGameTest) Metal benchmark stall: phase=pan#2 tasks total=0.000ms/0
[15:20:13] [Test thread/INFO] (MetalLifecycleGameTest) Metal benchmark stall: phase=pan#2 gpuPassSpans sumOfSpans=61205.871ms/42843 MetalCraft shader: shadow_terrain=12391.820ms/3622 Section layers for opaque=7626.601ms/3622 Immediate draw with minecraft:pipeline/entity_translucent=7184.351ms/3622 MetalCraft shader: grade=7019.950ms/3622 (depth clear)=6808.507ms/7244 Immediate draw with minecraft:pipeline/entity_cutout=6354.038ms/3622 Immediate draw with minecraft:pipeline/item_cutout=5941.686ms/3622 Immediate draw with minecraft:pipeline/eyes=2947.459ms/1575 Section layers for translucent=2218.557ms/1202 Immediate draw with minecraft:pipeline/lines=1717.405ms/845 Sky disc=403.394ms/3622 GUI before blur=324.515ms/3622
[15:20:13] [Test thread/INFO] (MetalLifecycleGameTest) Metal benchmark stall: phase=pan#2 frame=3112 intervalMs=10.065 cpuMs=9.966 outsideLoopMs=0.051 render_frame=10.009ms/1 gpu_frame=5.588ms/1 jvm_gc=3.000ms/1 command_batch=0.410ms/188 0.3MiB buffer_create=0.397ms/240 0.6MiB buffer_map=0.362ms/2260 0.9MiB lod_prepare=0.164ms/2 resource_release=0.012ms/240 0.6MiB submit=0.012ms/1 acquire=0.008ms/1 level_end_frame=0.004ms/1 client_post_render=0.003ms/1 client_pre_frame=0.003ms/1 upload_copy=0.003ms/2 0.0MiB present=0.001ms/1 client_pre_render=0.001ms/1 client_packets=0.000ms/1 arena_wait=0.000ms/1 client_tasks=0.000ms/1 task_drain=0.000ms/1 client_post_tasks=0.000ms/1 render_pass_merge=0.000ms/7 unphasedMs=-0.003
[15:20:13] [Test thread/INFO] (MetalLifecycleGameTest) Metal benchmark stall: phase=pan#2 frame=616 intervalMs=9.902 cpuMs=8.950 outsideLoopMs=0.037 gpu_frame=11.165ms/2 render_frame=8.998ms/1 jvm_gc=3.000ms/1 client_tick=0.563ms/1 buffer_create=0.362ms/182 0.1MiB command_batch=0.267ms/110 0.2MiB buffer_map=0.258ms/1471 0.6MiB client_post_tasks=0.255ms/1 lod_prepare=0.094ms/2 client_tasks=0.046ms/1 resource_release=0.031ms/189 1.8MiB submit=0.014ms/1 acquire=0.008ms/1 harness_handoff=0.005ms/1 level_end_frame=0.004ms/1 client_post_render=0.003ms/1 upload_copy=0.003ms/2 0.0MiB client_pre_frame=0.001ms/1 client_gizmos=0.001ms/1 present=0.001ms/1 client_pre_render=0.000ms/1 client_packets=0.000ms/1 arena_wait=0.000ms/1 task_drain=0.000ms/1 render_pass_merge=0.000ms/7 unphasedMs=-0.003
[15:20:13] [Test thread/INFO] (MetalLifecycleGameTest) Metal benchmark stall: phase=pan#2 frame=1595 intervalMs=9.716 cpuMs=8.791 outsideLoopMs=0.029 gpu_frame=11.069ms/2 render_frame=8.831ms/1 jvm_gc=3.000ms/1 client_tick=0.512ms/1 upload_copy=0.380ms/2 0.0MiB arena_wait=0.376ms/1 client_post_tasks=0.299ms/1 buffer_create=0.122ms/44 0.1MiB buffer_map=0.121ms/738 0.4MiB command_batch=0.115ms/14 0.1MiB lod_prepare=0.062ms/2 client_tasks=0.043ms/1 resource_release=0.022ms/52 2.1MiB submit=0.012ms/1 acquire=0.011ms/1 harness_handoff=0.005ms/2 level_end_frame=0.003ms/1 client_post_render=0.002ms/1 client_pre_frame=0.001ms/1 client_gizmos=0.001ms/1 present=0.000ms/1 client_pre_render=0.000ms/1 client_packets=0.000ms/1 task_drain=0.000ms/1 render_pass_merge=0.000ms/10 unphasedMs=-0.002
[15:20:13] [Test thread/INFO] (MetalLifecycleGameTest) Metal benchmark stall: phase=pan#2 frame=2053 intervalMs=9.519 cpuMs=9.436 outsideLoopMs=0.035 gpu_frame=11.271ms/2 render_frame=9.479ms/1 lod_prepare=2.423ms/2 jvm_gc=2.000ms/1 upload_copy=0.970ms/2 0.0MiB arena_wait=0.967ms/1 buffer_map=0.203ms/1191 0.6MiB command_batch=0.194ms/26 0.1MiB buffer_create=0.177ms/63 0.1MiB resource_release=0.026ms/71 2.1MiB submit=0.014ms/1 acquire=0.006ms/1 level_end_frame=0.004ms/1 client_pre_frame=0.003ms/1 client_post_render=0.003ms/1 present=0.001ms/1 client_pre_render=0.000ms/1 client_tasks=0.000ms/1 client_packets=0.000ms/1 task_drain=0.000ms/1 client_post_tasks=0.000ms/1 render_pass_merge=0.000ms/12 unphasedMs=-0.003
[15:20:13] [Test thread/INFO] (MetalLifecycleGameTest) Metal benchmark stall: phase=pan#2 frame=225 intervalMs=9.460 cpuMs=9.384 outsideLoopMs=0.034 render_frame=9.421ms/1 gpu_frame=4.937ms/1 jvm_gc=4.000ms/1 buffer_create=0.456ms/240 0.6MiB command_batch=0.336ms/166 0.3MiB buffer_map=0.308ms/1976 0.8MiB lod_prepare=0.099ms/2 resource_release=0.014ms/240 0.6MiB submit=0.013ms/1 acquire=0.007ms/1 client_post_render=0.003ms/1 client_pre_frame=0.003ms/1 level_end_frame=0.003ms/1 upload_copy=0.002ms/2 0.0MiB present=0.000ms/1 client_pre_render=0.000ms/1 client_tasks=0.000ms/1 task_drain=0.000ms/1 arena_wait=0.000ms/1 client_post_tasks=0.000ms/1 client_packets=0.000ms/1 render_pass_merge=0.000ms/8 unphasedMs=-0.003
[15:20:13] [Test thread/INFO] (MetalLifecycleGameTest) Metal benchmark stall: phase=pan#2 frame=3097 intervalMs=9.453 cpuMs=9.362 outsideLoopMs=0.040 render_frame=9.408ms/1 gpu_frame=5.327ms/1 jvm_gc=2.000ms/1 buffer_create=0.436ms/236 0.6MiB command_batch=0.407ms/180 0.3MiB buffer_map=0.385ms/2250 0.9MiB lod_prepare=0.126ms/2 resource_release=0.018ms/236 0.6MiB submit=0.014ms/1 acquire=0.008ms/1 level_end_frame=0.004ms/1 client_pre_frame=0.003ms/1 client_post_render=0.003ms/1 upload_copy=0.002ms/2 0.0MiB present=0.001ms/1 client_pre_render=0.001ms/1 client_packets=0.000ms/1 client_tasks=0.000ms/1 arena_wait=0.000ms/1 task_drain=0.000ms/1 client_post_tasks=0.000ms/1 render_pass_merge=0.000ms/7 unphasedMs=-0.003
[15:20:13] [Test thread/INFO] (MetalLifecycleGameTest) Metal benchmark stall: phase=pan#2 frame=3394 intervalMs=9.442 cpuMs=9.302 outsideLoopMs=0.061 render_frame=9.338ms/1 gpu_frame=5.631ms/1 jvm_gc=2.000ms/1 buffer_create=0.461ms/280 0.6MiB command_batch=0.441ms/226 0.3MiB buffer_map=0.378ms/2470 1.0MiB lod_prepare=0.207ms/2 client_packets=0.038ms/1 resource_release=0.013ms/280 0.6MiB submit=0.010ms/1 acquire=0.010ms/1 upload_copy=0.006ms/2 0.0MiB client_post_render=0.005ms/1 client_pre_frame=0.003ms/1 level_end_frame=0.003ms/1 arena_wait=0.001ms/1 present=0.001ms/1 client_pre_render=0.001ms/1 client_tasks=0.000ms/1 task_drain=0.000ms/1 client_post_tasks=0.000ms/1 render_pass_merge=0.000ms/8 unphasedMs=-0.005
[15:20:13] [Test thread/INFO] (MetalLifecycleGameTest) Metal benchmark stall: phase=pan#2 frame=2771 intervalMs=9.356 cpuMs=9.285 outsideLoopMs=0.038 gpu_frame=10.819ms/2 render_frame=9.314ms/1 lod_prepare=3.448ms/2 jvm_gc=3.000ms/1 command_batch=0.315ms/122 0.2MiB buffer_map=0.279ms/1819 0.9MiB buffer_create=0.239ms/134 0.1MiB resource_release=0.023ms/142 2.1MiB submit=0.008ms/1 acquire=0.007ms/1 client_post_render=0.003ms/1 client_pre_frame=0.003ms/1 level_end_frame=0.003ms/1 upload_copy=0.002ms/2 0.0MiB client_pre_render=0.000ms/1 present=0.000ms/1 client_packets=0.000ms/1 arena_wait=0.000ms/1 client_tasks=0.000ms/1 task_drain=0.000ms/1 client_post_tasks=0.000ms/1 render_pass_merge=0.000ms/11 unphasedMs=-0.003
[15:20:33] [Test thread/INFO] (MetalLifecycleGameTest) Metal benchmark: phase=traversal#2 frames=2488 seconds=19.8 avgFps=125.6 onePercentLow=82.6 pointOnePercentLow=68.0 p50CpuMs=7.821 p95CpuMs=8.928 p99CpuMs=9.676 p50IntervalMs=7.954 p99IntervalMs=10.778 worstIntervalMs=15.464 p50AcquireMs=0.009 p99AcquireMs=0.018 p50OutsideLoopMs=0.043 p99OutsideLoopMs=0.074
[15:20:33] [Test thread/INFO] (MetalLifecycleGameTest) Metal benchmark stall: phase=traversal#2 whole-phase render_frame=19265.968ms/2488 gpu_frame=16469.926ms/2488 buffer_create=2280.537ms/1254068 936.4MiB buffer_map=1125.538ms/7025524 2377.4MiB command_batch=875.413ms/206015 684.2MiB lod_prepare=341.269ms/4976 0.5MiB client_tick=215.873ms/396 client_post_tasks=109.321ms/2488 jvm_gc=60.000ms/21 client_packets=53.470ms/2488 resource_release=33.243ms/1253610 925.4MiB client_tasks=29.263ms/2488 acquire=23.537ms/2488 submit=21.690ms/2488 client_pre_frame=15.880ms/2488 upload_copy=12.326ms/10811 138.2MiB client_post_render=9.507ms/2488 level_end_frame=6.852ms/2488 harness_handoff=2.389ms/523 client_pre_render=1.280ms/2488 present=1.028ms/2488 arena_wait=0.961ms/2488 client_gizmos=0.307ms/396 task_drain=0.256ms/2488 render_pass_merge=0.000ms/17337
[15:20:33] [Test thread/INFO] (MetalLifecycleGameTest) Metal benchmark stall: phase=traversal#2 worst-1% render_frame=257.359ms/24 gpu_frame=159.561ms/24 jvm_gc=57.000ms/16 buffer_create=21.290ms/12682 6.5MiB client_tick=12.768ms/12 buffer_map=11.768ms/70080 24.4MiB command_batch=8.800ms/1843 6.7MiB client_pre_frame=8.094ms/24 lod_prepare=7.435ms/48 0.0MiB client_tasks=5.993ms/24 client_post_tasks=3.499ms/24 client_packets=2.953ms/24 resource_release=0.399ms/12680 6.5MiB acquire=0.343ms/24 upload_copy=0.321ms/327 7.1MiB submit=0.307ms/24 client_post_render=0.096ms/24 level_end_frame=0.070ms/24 harness_handoff=0.068ms/13 client_gizmos=0.016ms/12 client_pre_render=0.014ms/24 arena_wait=0.014ms/24 present=0.014ms/24 task_drain=0.003ms/24 render_pass_merge=0.000ms/160
[15:20:33] [Test thread/INFO] (MetalLifecycleGameTest) Metal benchmark stall: phase=traversal#2 tasks total=0.000ms/0
[15:20:33] [Test thread/INFO] (MetalLifecycleGameTest) Metal benchmark stall: phase=traversal#2 gpuPassSpans sumOfSpans=46932.329ms/27844 MetalCraft shader: shadow_terrain=10442.920ms/2518 Immediate draw with minecraft:pipeline/entity_translucent=6935.774ms/2518 Section layers for translucent=6619.340ms/2517 MetalCraft shader: grade=6586.552ms/2518 (depth clear)=6110.407ms/5036 Section layers for opaque=5890.414ms/2518 Immediate draw with minecraft:pipeline/entity_cutout=2588.620ms/1471 Immediate draw with minecraft:pipeline/item_cutout=1074.706ms/690 Sky disc=370.507ms/2518 GUI before blur=219.683ms/2518 Clouds=56.173ms/22 Animate minecraft:textures/atlas/blocks.png=27.406ms/2000
[15:20:33] [Test thread/INFO] (MetalLifecycleGameTest) Metal benchmark stall: phase=traversal#2 frame=403 intervalMs=15.464 cpuMs=7.321 outsideLoopMs=0.071 client_pre_frame=8.024ms/1 jvm_gc=8.000ms/1 render_frame=7.368ms/1 gpu_frame=6.275ms/1 buffer_create=0.562ms/317 0.1MiB buffer_map=0.387ms/2370 0.9MiB command_batch=0.386ms/146 0.3MiB lod_prepare=0.203ms/2 acquire=0.020ms/1 resource_release=0.015ms/317 0.1MiB submit=0.010ms/1 upload_copy=0.006ms/6 0.0MiB client_post_render=0.003ms/1 level_end_frame=0.003ms/1 arena_wait=0.001ms/1 client_pre_render=0.001ms/1 client_tasks=0.000ms/1 client_packets=0.000ms/1 task_drain=0.000ms/1 present=0.000ms/1 client_post_tasks=0.000ms/1 render_pass_merge=0.000ms/9 unphasedMs=-0.003
[15:20:33] [Test thread/INFO] (MetalLifecycleGameTest) Metal benchmark stall: phase=traversal#2 frame=1974 intervalMs=14.379 cpuMs=9.907 outsideLoopMs=0.044 render_frame=9.983ms/1 gpu_frame=6.838ms/1 client_tick=3.539ms/1 jvm_gc=3.000ms/1 buffer_create=1.009ms/571 0.2MiB client_tasks=0.522ms/1 buffer_map=0.496ms/2799 1.0MiB command_batch=0.320ms/33 0.2MiB client_post_tasks=0.282ms/1 lod_prepare=0.218ms/2 upload_copy=0.047ms/52 1.4MiB resource_release=0.030ms/566 0.1MiB acquire=0.028ms/1 submit=0.015ms/1 harness_handoff=0.005ms/1 client_pre_frame=0.004ms/1 level_end_frame=0.004ms/1 client_post_render=0.003ms/1 client_gizmos=0.003ms/1 arena_wait=0.001ms/1 client_pre_render=0.001ms/1 present=0.001ms/1 client_packets=0.000ms/1 task_drain=0.000ms/1 render_pass_merge=0.000ms/6 unphasedMs=-0.003
[15:20:33] [Test thread/INFO] (MetalLifecycleGameTest) Metal benchmark stall: phase=traversal#2 frame=811 intervalMs=14.249 cpuMs=12.737 outsideLoopMs=0.082 render_frame=12.789ms/1 gpu_frame=6.192ms/1 jvm_gc=3.000ms/1 client_packets=1.373ms/1 buffer_create=0.930ms/571 0.1MiB buffer_map=0.593ms/3455 1.1MiB command_batch=0.454ms/107 0.4MiB lod_prepare=0.277ms/2 resource_release=0.020ms/571 0.1MiB acquire=0.014ms/1 submit=0.013ms/1 upload_copy=0.008ms/5 0.1MiB client_post_render=0.005ms/1 client_pre_frame=0.004ms/1 level_end_frame=0.003ms/1 client_pre_render=0.001ms/1 present=0.001ms/1 client_tasks=0.001ms/1 arena_wait=0.001ms/1 task_drain=0.000ms/1 client_post_tasks=0.000ms/1 render_pass_merge=0.000ms/6 unphasedMs=-0.005
[15:20:33] [Test thread/INFO] (MetalLifecycleGameTest) Metal benchmark stall: phase=traversal#2 frame=2174 intervalMs=13.446 cpuMs=12.478 outsideLoopMs=0.074 render_frame=12.529ms/1 gpu_frame=7.195ms/1 jvm_gc=4.000ms/1 buffer_create=1.025ms/621 0.1MiB buffer_map=0.496ms/3022 0.9MiB client_tick=0.422ms/1 client_post_tasks=0.364ms/1 command_batch=0.335ms/29 0.3MiB lod_prepare=0.195ms/2 client_tasks=0.053ms/1 acquire=0.020ms/1 submit=0.015ms/1 resource_release=0.012ms/621 0.1MiB harness_handoff=0.006ms/1 client_post_render=0.006ms/1 upload_copy=0.006ms/2 0.0MiB level_end_frame=0.002ms/1 client_pre_frame=0.002ms/1 arena_wait=0.001ms/1 client_gizmos=0.001ms/1 client_pre_render=0.001ms/1 present=0.001ms/1 client_packets=0.000ms/1 task_drain=0.000ms/1 render_pass_merge=0.000ms/6 unphasedMs=-0.006
[15:20:33] [Test thread/INFO] (MetalLifecycleGameTest) Metal benchmark stall: phase=traversal#2 frame=978 intervalMs=13.026 cpuMs=12.027 outsideLoopMs=0.039 render_frame=12.072ms/1 gpu_frame=6.480ms/1 jvm_gc=3.000ms/1 buffer_create=0.940ms/601 0.1MiB buffer_map=0.561ms/3435 1.1MiB client_tick=0.536ms/1 command_batch=0.419ms/92 0.3MiB client_post_tasks=0.330ms/1 lod_prepare=0.233ms/2 client_tasks=0.046ms/1 acquire=0.014ms/1 resource_release=0.014ms/601 0.1MiB submit=0.013ms/1 upload_copy=0.009ms/13 0.0MiB harness_handoff=0.004ms/1 level_end_frame=0.003ms/1 client_post_render=0.003ms/1 client_pre_frame=0.001ms/1 arena_wait=0.001ms/1 client_gizmos=0.001ms/1 client_pre_render=0.001ms/1 present=0.000ms/1 client_packets=0.000ms/1 task_drain=0.000ms/1 render_pass_merge=0.000ms/6 unphasedMs=-0.002
[15:20:33] [Test thread/INFO] (MetalLifecycleGameTest) Metal benchmark stall: phase=traversal#2 frame=1985 intervalMs=12.704 cpuMs=12.565 outsideLoopMs=0.062 render_frame=12.609ms/1 gpu_frame=6.869ms/1 jvm_gc=4.000ms/1 buffer_create=0.935ms/593 0.1MiB buffer_map=0.481ms/2960 0.9MiB command_batch=0.318ms/36 0.3MiB lod_prepare=0.165ms/2 client_packets=0.029ms/1 submit=0.013ms/1 resource_release=0.012ms/593 0.1MiB acquire=0.009ms/1 upload_copy=0.005ms/2 0.0MiB client_post_render=0.004ms/1 level_end_frame=0.004ms/1 client_pre_frame=0.003ms/1 client_pre_render=0.001ms/1 arena_wait=0.001ms/1 present=0.001ms/1 client_tasks=0.000ms/1 client_post_tasks=0.000ms/1 task_drain=0.000ms/1 render_pass_merge=0.000ms/6 unphasedMs=-0.004
[15:20:33] [Test thread/INFO] (MetalLifecycleGameTest) Metal benchmark stall: phase=traversal#2 frame=1356 intervalMs=12.602 cpuMs=12.507 outsideLoopMs=0.042 render_frame=12.556ms/1 gpu_frame=6.777ms/1 jvm_gc=4.000ms/1 buffer_create=0.990ms/557 0.6MiB buffer_map=0.489ms/2871 0.9MiB command_batch=0.335ms/51 0.3MiB lod_prepare=0.109ms/2 resource_release=0.028ms/557 0.6MiB submit=0.014ms/1 acquire=0.009ms/1 level_end_frame=0.004ms/1 client_post_render=0.003ms/1 client_pre_frame=0.003ms/1 upload_copy=0.003ms/2 0.0MiB present=0.001ms/1 client_pre_render=0.001ms/1 client_packets=0.000ms/1 arena_wait=0.000ms/1 client_post_tasks=0.000ms/1 client_tasks=0.000ms/1 task_drain=0.000ms/1 render_pass_merge=0.000ms/8 unphasedMs=-0.003
[15:20:33] [Test thread/INFO] (MetalLifecycleGameTest) Metal benchmark stall: phase=traversal#2 frame=1757 intervalMs=12.443 cpuMs=12.348 outsideLoopMs=0.046 render_frame=12.392ms/1 gpu_frame=6.804ms/1 jvm_gc=4.000ms/1 buffer_create=0.986ms/549 0.6MiB buffer_map=0.443ms/2768 0.9MiB command_batch=0.290ms/35 0.2MiB lod_prepare=0.125ms/2 resource_release=0.022ms/549 0.6MiB submit=0.016ms/1 acquire=0.010ms/1 client_post_render=0.005ms/1 client_pre_frame=0.004ms/1 upload_copy=0.003ms/2 0.0MiB level_end_frame=0.003ms/1 client_pre_render=0.001ms/1 present=0.000ms/1 arena_wait=0.000ms/1 client_packets=0.000ms/1 client_tasks=0.000ms/1 task_drain=0.000ms/1 client_post_tasks=0.000ms/1 render_pass_merge=0.000ms/6 unphasedMs=-0.005
[15:20:33] [Server thread/INFO] (Minecraft) Teleported Player101 to -1535.500000, 174.620000, -127.500000
[15:20:33] [Render thread/INFO] (Minecraft) [System] [CHAT] [Server: Teleported Player101 to -1535.500000, 174.620000, -127.500000]
[15:20:58] [Test thread/INFO] (MetalLifecycleGameTest) Metal benchmark: phase=stationary#3 frames=3229 seconds=19.8 avgFps=163.0 onePercentLow=111.9 pointOnePercentLow=91.5 p50CpuMs=5.828 p95CpuMs=6.607 p99CpuMs=6.973 p50IntervalMs=5.899 p99IntervalMs=7.761 worstIntervalMs=11.153 p50AcquireMs=0.008 p99AcquireMs=0.017 p50OutsideLoopMs=0.036 p99OutsideLoopMs=0.062
[15:20:58] [Test thread/INFO] (MetalLifecycleGameTest) Metal benchmark stall: phase=stationary#3 whole-phase render_frame=19329.565ms/3229 gpu_frame=16752.009ms/3230 buffer_create=1522.705ms/778198 2596.1MiB command_batch=1357.207ms/736212 1029.5MiB buffer_map=1132.489ms/7258559 3262.9MiB lod_prepare=448.326ms/6458 client_tick=215.071ms/396 client_post_tasks=106.105ms/3229 resource_release=39.623ms/778206 2598.1MiB jvm_gc=39.000ms/15 acquire=27.232ms/3229 submit=25.212ms/3229 client_tasks=14.822ms/3229 client_post_render=11.447ms/3229 client_pre_frame=10.259ms/3229 client_packets=9.553ms/3229 level_end_frame=9.092ms/3229 upload_copy=8.975ms/6498 2.4MiB harness_handoff=2.275ms/614 client_pre_render=1.493ms/3229 present=1.273ms/3229 arena_wait=1.032ms/3229 client_gizmos=0.283ms/396 task_drain=0.252ms/3229 render_pass_merge=0.000ms/35200
[15:20:58] [Test thread/INFO] (MetalLifecycleGameTest) Metal benchmark stall: phase=stationary#3 worst-1% render_frame=260.109ms/32 gpu_frame=165.700ms/32 jvm_gc=39.000ms/13 client_tick=17.516ms/23 buffer_create=14.259ms/7712 25.7MiB command_batch=14.055ms/7296 10.2MiB buffer_map=11.815ms/71959 32.3MiB lod_prepare=9.271ms/64 client_post_tasks=6.666ms/32 client_tasks=1.074ms/32 resource_release=0.575ms/7712 25.7MiB acquire=0.419ms/32 submit=0.397ms/32 upload_copy=0.148ms/64 0.0MiB harness_handoff=0.145ms/31 client_post_render=0.118ms/32 client_packets=0.116ms/32 level_end_frame=0.093ms/32 client_pre_frame=0.072ms/32 client_gizmos=0.025ms/23 arena_wait=0.019ms/32 present=0.017ms/32 client_pre_render=0.015ms/32 task_drain=0.002ms/32 render_pass_merge=0.000ms/352
[15:20:58] [Test thread/INFO] (MetalLifecycleGameTest) Metal benchmark stall: phase=stationary#3 tasks total=0.000ms/0
[15:20:58] [Test thread/INFO] (MetalLifecycleGameTest) Metal benchmark stall: phase=stationary#3 gpuPassSpans sumOfSpans=53470.964ms/38839 MetalCraft shader: shadow_terrain=10998.881ms/3258 Section layers for opaque=7187.352ms/3258 Immediate draw with minecraft:pipeline/entity_translucent=6523.645ms/3258 MetalCraft shader: grade=6089.714ms/3258 Immediate draw with minecraft:pipeline/eyes=5909.846ms/3258 (depth clear)=5795.628ms/6516 Immediate draw with minecraft:pipeline/entity_cutout=5300.232ms/3258 Immediate draw with minecraft:pipeline/item_cutout=4929.610ms/3258 Sky disc=414.292ms/3258 GUI before blur=284.123ms/3258 Animate minecraft:textures/atlas/blocks.png=27.433ms/2000 Animate minecraft:textures/atlas/particles.png=3.567ms/400
[15:20:58] [Test thread/INFO] (MetalLifecycleGameTest) Metal benchmark stall: phase=stationary#3 frame=2223 intervalMs=11.153 cpuMs=10.191 outsideLoopMs=0.052 render_frame=10.243ms/1 gpu_frame=5.259ms/1 jvm_gc=3.000ms/1 client_tick=0.544ms/1 buffer_create=0.495ms/241 0.8MiB command_batch=0.443ms/228 0.3MiB buffer_map=0.373ms/2249 1.0MiB client_post_tasks=0.271ms/1 lod_prepare=0.236ms/2 client_tasks=0.039ms/1 resource_release=0.024ms/241 0.8MiB submit=0.019ms/1 acquire=0.012ms/1 harness_handoff=0.006ms/1 upload_copy=0.005ms/2 0.0MiB client_post_render=0.003ms/1 level_end_frame=0.003ms/1 client_pre_frame=0.002ms/1 client_gizmos=0.001ms/1 arena_wait=0.001ms/1 present=0.001ms/1 client_pre_render=0.000ms/1 client_packets=0.000ms/1 task_drain=0.000ms/1 render_pass_merge=0.000ms/11 unphasedMs=-0.003
[15:20:58] [Test thread/INFO] (MetalLifecycleGameTest) Metal benchmark stall: phase=stationary#3 frame=140 intervalMs=11.078 cpuMs=10.075 outsideLoopMs=0.036 render_frame=10.130ms/1 gpu_frame=5.154ms/1 jvm_gc=3.000ms/1 client_tick=0.572ms/1 buffer_create=0.486ms/241 0.8MiB command_batch=0.446ms/228 0.3MiB buffer_map=0.385ms/2249 1.0MiB client_post_tasks=0.288ms/1 lod_prepare=0.173ms/2 client_tasks=0.050ms/1 resource_release=0.022ms/241 0.8MiB submit=0.017ms/1 acquire=0.013ms/1 harness_handoff=0.005ms/1 upload_copy=0.004ms/2 0.0MiB level_end_frame=0.004ms/1 client_post_render=0.004ms/1 client_pre_frame=0.001ms/1 client_gizmos=0.001ms/1 arena_wait=0.001ms/1 present=0.001ms/1 client_pre_render=0.001ms/1 client_packets=0.000ms/1 task_drain=0.000ms/1 render_pass_merge=0.000ms/11 unphasedMs=-0.003
[15:20:58] [Test thread/INFO] (MetalLifecycleGameTest) Metal benchmark stall: phase=stationary#3 frame=1163 intervalMs=10.767 cpuMs=10.676 outsideLoopMs=0.038 render_frame=10.724ms/1 gpu_frame=5.249ms/1 lod_prepare=3.125ms/2 jvm_gc=3.000ms/1 buffer_create=0.472ms/241 0.8MiB command_batch=0.450ms/228 0.3MiB buffer_map=0.380ms/2248 1.0MiB resource_release=0.022ms/241 0.8MiB submit=0.014ms/1 acquire=0.008ms/1 level_end_frame=0.004ms/1 client_post_render=0.003ms/1 client_pre_frame=0.003ms/1 upload_copy=0.002ms/2 0.0MiB present=0.001ms/1 client_pre_render=0.001ms/1 client_packets=0.000ms/1 arena_wait=0.000ms/1 client_tasks=0.000ms/1 task_drain=0.000ms/1 client_post_tasks=0.000ms/1 render_pass_merge=0.000ms/11 unphasedMs=-0.003
[15:20:58] [Test thread/INFO] (MetalLifecycleGameTest) Metal benchmark stall: phase=stationary#3 frame=477 intervalMs=10.733 cpuMs=6.516 outsideLoopMs=0.036 render_frame=6.571ms/1 gpu_frame=5.296ms/1 client_tick=3.795ms/1 jvm_gc=3.000ms/1 buffer_create=0.447ms/241 0.8MiB command_batch=0.430ms/228 0.3MiB buffer_map=0.351ms/2249 1.0MiB client_post_tasks=0.291ms/1 lod_prepare=0.196ms/2 client_tasks=0.037ms/1 acquire=0.023ms/1 resource_release=0.015ms/241 0.8MiB submit=0.014ms/1 harness_handoff=0.008ms/2 upload_copy=0.005ms/2 0.0MiB client_post_render=0.003ms/1 level_end_frame=0.003ms/1 client_pre_frame=0.002ms/1 client_gizmos=0.001ms/1 arena_wait=0.001ms/1 present=0.000ms/1 client_pre_render=0.000ms/1 task_drain=0.000ms/1 client_packets=0.000ms/1 render_pass_merge=0.000ms/11 unphasedMs=-0.003
[15:20:58] [Test thread/INFO] (MetalLifecycleGameTest) Metal benchmark stall: phase=stationary#3 frame=1857 intervalMs=10.460 cpuMs=10.385 outsideLoopMs=0.036 render_frame=10.420ms/1 gpu_frame=5.221ms/1 jvm_gc=4.000ms/1 command_batch=0.457ms/228 0.3MiB buffer_create=0.423ms/241 0.8MiB buffer_map=0.356ms/2248 1.0MiB lod_prepare=0.122ms/2 resource_release=0.016ms/241 0.8MiB submit=0.012ms/1 acquire=0.007ms/1 level_end_frame=0.004ms/1 client_pre_frame=0.003ms/1 client_post_render=0.003ms/1 upload_copy=0.002ms/2 0.0MiB client_pre_render=0.001ms/1 present=0.000ms/1 client_packets=0.000ms/1 client_tasks=0.000ms/1 arena_wait=0.000ms/1 task_drain=0.000ms/1 client_post_tasks=0.000ms/1 render_pass_merge=0.000ms/11 unphasedMs=-0.003
[15:20:58] [Test thread/INFO] (MetalLifecycleGameTest) Metal benchmark stall: phase=stationary#3 frame=816 intervalMs=10.415 cpuMs=10.336 outsideLoopMs=0.037 render_frame=10.373ms/1 gpu_frame=5.072ms/1 jvm_gc=4.000ms/1 buffer_create=0.422ms/241 0.8MiB command_batch=0.418ms/228 0.3MiB buffer_map=0.353ms/2248 1.0MiB lod_prepare=0.122ms/2 resource_release=0.015ms/241 0.8MiB submit=0.012ms/1 acquire=0.008ms/1 client_post_render=0.003ms/1 client_pre_frame=0.003ms/1 upload_copy=0.003ms/2 0.0MiB level_end_frame=0.003ms/1 present=0.001ms/1 arena_wait=0.001ms/1 client_packets=0.000ms/1 client_pre_render=0.000ms/1 client_tasks=0.000ms/1 task_drain=0.000ms/1 client_post_tasks=0.000ms/1 render_pass_merge=0.000ms/11 unphasedMs=-0.003
[15:20:58] [Test thread/INFO] (MetalLifecycleGameTest) Metal benchmark stall: phase=stationary#3 frame=2910 intervalMs=10.383 cpuMs=10.311 outsideLoopMs=0.035 render_frame=10.344ms/1 gpu_frame=5.255ms/1 jvm_gc=4.000ms/1 command_batch=0.413ms/228 0.3MiB buffer_create=0.398ms/241 0.8MiB buffer_map=0.352ms/2248 1.0MiB lod_prepare=0.127ms/2 resource_release=0.014ms/241 0.8MiB submit=0.010ms/1 acquire=0.008ms/1 level_end_frame=0.003ms/1 client_pre_frame=0.003ms/1 client_post_render=0.003ms/1 upload_copy=0.002ms/2 0.0MiB client_pre_render=0.001ms/1 arena_wait=0.000ms/1 present=0.000ms/1 client_tasks=0.000ms/1 client_packets=0.000ms/1 task_drain=0.000ms/1 client_post_tasks=0.000ms/1 render_pass_merge=0.000ms/11 unphasedMs=-0.003
[15:20:58] [Test thread/INFO] (MetalLifecycleGameTest) Metal benchmark stall: phase=stationary#3 frame=155 intervalMs=10.375 cpuMs=10.161 outsideLoopMs=0.056 render_frame=10.207ms/1 gpu_frame=5.166ms/1 jvm_gc=3.000ms/1 command_batch=0.425ms/228 0.3MiB buffer_create=0.424ms/241 0.8MiB buffer_map=0.364ms/2248 1.0MiB lod_prepare=0.192ms/2 client_packets=0.108ms/1 resource_release=0.015ms/241 0.8MiB submit=0.013ms/1 acquire=0.009ms/1 upload_copy=0.004ms/2 0.0MiB level_end_frame=0.004ms/1 client_post_render=0.004ms/1 client_pre_frame=0.003ms/1 present=0.001ms/1 client_pre_render=0.001ms/1 arena_wait=0.000ms/1 client_tasks=0.000ms/1 task_drain=0.000ms/1 client_post_tasks=0.000ms/1 render_pass_merge=0.000ms/11 unphasedMs=-0.003
[15:21:18] [Test thread/INFO] (MetalLifecycleGameTest) Metal benchmark: phase=pan#3 frames=3572 seconds=19.8 avgFps=180.2 onePercentLow=115.2 pointOnePercentLow=95.5 p50CpuMs=5.133 p95CpuMs=6.585 p99CpuMs=7.268 p50IntervalMs=5.243 p99IntervalMs=8.152 worstIntervalMs=11.256 p50AcquireMs=0.008 p99AcquireMs=0.015 p50OutsideLoopMs=0.036 p99OutsideLoopMs=0.067
[15:21:18] [Test thread/INFO] (MetalLifecycleGameTest) Metal benchmark stall: phase=pan#3 whole-phase gpu_frame=28280.759ms/3572 render_frame=19325.751ms/3572 upload_copy=1172.427ms/8359 35.5MiB arena_wait=1161.581ms/3572 buffer_create=955.325ms/498236 1747.9MiB command_batch=913.807ms/351531 698.0MiB buffer_map=859.716ms/5457956 2417.1MiB lod_prepare=356.879ms/7144 0.7MiB client_tick=206.671ms/396 client_post_tasks=107.001ms/3572 jvm_gc=34.000ms/15 submit=30.647ms/3572 acquire=28.653ms/3572 resource_release=23.195ms/498159 1746.4MiB client_tasks=20.307ms/3572 client_post_render=12.595ms/3572 client_pre_frame=10.528ms/3572 level_end_frame=10.338ms/3572 client_packets=9.510ms/3572 harness_handoff=2.146ms/552 client_pre_render=1.699ms/3572 present=1.577ms/3572 task_drain=0.391ms/3572 client_gizmos=0.281ms/396 render_pass_merge=0.000ms/36946
[15:21:18] [Test thread/INFO] (MetalLifecycleGameTest) Metal benchmark stall: phase=pan#3 worst-1% render_frame=274.500ms/35 gpu_frame=233.289ms/39 jvm_gc=28.000ms/10 buffer_map=19.016ms/80258 36.4MiB client_tick=18.338ms/30 buffer_create=15.615ms/8933 37.7MiB command_batch=14.458ms/6991 10.8MiB client_post_tasks=8.413ms/35 lod_prepare=6.517ms/70 client_tasks=1.512ms/35 upload_copy=0.951ms/70 0.0MiB arena_wait=0.815ms/35 resource_release=0.592ms/8964 45.4MiB acquire=0.457ms/35 submit=0.404ms/35 harness_handoff=0.164ms/41 client_post_render=0.125ms/35 level_end_frame=0.105ms/35 client_packets=0.086ms/35 client_pre_frame=0.058ms/35 client_gizmos=0.023ms/30 present=0.019ms/35 client_pre_render=0.017ms/35 task_drain=0.002ms/35 render_pass_merge=0.000ms/434
[15:21:18] [Test thread/INFO] (MetalLifecycleGameTest) Metal benchmark stall: phase=pan#3 tasks total=0.000ms/0
[15:21:18] [Test thread/INFO] (MetalLifecycleGameTest) Metal benchmark stall: phase=pan#3 gpuPassSpans sumOfSpans=59384.112ms/41499 MetalCraft shader: shadow_terrain=12394.707ms/3602 Section layers for opaque=7598.177ms/3602 Immediate draw with minecraft:pipeline/entity_translucent=7296.176ms/3602 MetalCraft shader: grade=6977.713ms/3602 (depth clear)=6856.275ms/7204 Immediate draw with minecraft:pipeline/entity_cutout=5642.494ms/3245 Immediate draw with minecraft:pipeline/eyes=4446.470ms/2350 Immediate draw with minecraft:pipeline/item_cutout=4024.678ms/2478 Immediate draw with minecraft:pipeline/lines=1970.002ms/1009 Immediate draw with minecraft:pipeline/entity_cutout_cull=684.213ms/357 Sky disc=438.472ms/3602 Section layers for translucent=436.144ms/243
[15:21:18] [Test thread/INFO] (MetalLifecycleGameTest) Metal benchmark stall: phase=pan#3 frame=3413 intervalMs=11.256 cpuMs=10.299 outsideLoopMs=0.037 render_frame=10.352ms/1 gpu_frame=5.539ms/1 jvm_gc=3.000ms/1 buffer_create=0.518ms/272 1.3MiB client_tick=0.509ms/1 command_batch=0.441ms/228 0.3MiB buffer_map=0.381ms/2444 1.1MiB client_post_tasks=0.307ms/1 lod_prepare=0.211ms/2 client_tasks=0.048ms/1 resource_release=0.020ms/272 1.3MiB acquire=0.017ms/1 submit=0.014ms/1 harness_handoff=0.008ms/2 upload_copy=0.006ms/2 0.0MiB client_post_render=0.004ms/1 level_end_frame=0.003ms/1 client_pre_frame=0.002ms/1 arena_wait=0.001ms/1 client_gizmos=0.001ms/1 present=0.001ms/1 client_pre_render=0.000ms/1 client_packets=0.000ms/1 task_drain=0.000ms/1 render_pass_merge=0.000ms/13 unphasedMs=-0.004
[15:21:18] [Test thread/INFO] (MetalLifecycleGameTest) Metal benchmark stall: phase=pan#3 frame=381 intervalMs=10.468 cpuMs=6.404 outsideLoopMs=0.052 gpu_frame=10.996ms/2 render_frame=6.461ms/1 client_tick=3.569ms/1 jvm_gc=3.000ms/1 buffer_create=0.405ms/227 0.1MiB client_post_tasks=0.313ms/1 command_batch=0.308ms/138 0.2MiB buffer_map=0.278ms/1777 0.8MiB lod_prepare=0.190ms/2 client_tasks=0.070ms/1 acquire=0.026ms/1 resource_release=0.026ms/235 2.1MiB submit=0.013ms/1 harness_handoff=0.010ms/1 upload_copy=0.007ms/2 0.0MiB client_post_render=0.005ms/1 level_end_frame=0.003ms/1 client_gizmos=0.001ms/1 client_pre_render=0.001ms/1 client_pre_frame=0.001ms/1 arena_wait=0.001ms/1 task_drain=0.001ms/1 present=0.001ms/1 client_packets=0.000ms/1 render_pass_merge=0.000ms/13 unphasedMs=-0.004
[15:21:18] [Test thread/INFO] (MetalLifecycleGameTest) Metal benchmark stall: phase=pan#3 frame=3104 intervalMs=10.130 cpuMs=9.255 outsideLoopMs=0.033 render_frame=9.293ms/1 gpu_frame=5.244ms/1 jvm_gc=2.000ms/1 client_tick=0.475ms/1 command_batch=0.417ms/188 0.3MiB buffer_create=0.415ms/243 0.8MiB buffer_map=0.368ms/2278 1.0MiB client_post_tasks=0.279ms/1 lod_prepare=0.124ms/2 client_tasks=0.048ms/1 resource_release=0.016ms/243 0.8MiB submit=0.014ms/1 acquire=0.008ms/1 harness_handoff=0.004ms/1 upload_copy=0.003ms/2 0.0MiB client_post_render=0.003ms/1 level_end_frame=0.003ms/1 client_pre_frame=0.001ms/1 present=0.001ms/1 client_gizmos=0.001ms/1 client_pre_render=0.000ms/1 arena_wait=0.000ms/1 client_packets=0.000ms/1 task_drain=0.000ms/1 render_pass_merge=0.000ms/12 unphasedMs=-0.003
[15:21:18] [Test thread/INFO] (MetalLifecycleGameTest) Metal benchmark stall: phase=pan#3 frame=21 intervalMs=10.024 cpuMs=9.929 outsideLoopMs=0.047 render_frame=9.972ms/1 gpu_frame=5.048ms/1 jvm_gc=3.000ms/1 command_batch=0.410ms/217 0.3MiB buffer_create=0.408ms/240 0.8MiB buffer_map=0.354ms/2212 1.0MiB lod_prepare=0.156ms/2 resource_release=0.014ms/240 0.8MiB submit=0.012ms/1 acquire=0.008ms/1 client_pre_frame=0.004ms/1 client_post_render=0.004ms/1 level_end_frame=0.003ms/1 upload_copy=0.003ms/2 0.0MiB present=0.001ms/1 arena_wait=0.000ms/1 client_pre_render=0.000ms/1 client_packets=0.000ms/1 client_post_tasks=0.000ms/1 client_tasks=0.000ms/1 task_drain=0.000ms/1 render_pass_merge=0.000ms/11 unphasedMs=-0.003
[15:21:18] [Test thread/INFO] (MetalLifecycleGameTest) Metal benchmark stall: phase=pan#3 frame=2751 intervalMs=9.994 cpuMs=9.087 outsideLoopMs=0.034 gpu_frame=10.807ms/2 render_frame=9.139ms/1 jvm_gc=3.000ms/1 client_tick=0.513ms/1 command_batch=0.342ms/119 0.2MiB buffer_map=0.312ms/1829 0.8MiB buffer_create=0.287ms/136 0.1MiB client_post_tasks=0.256ms/1 lod_prepare=0.185ms/2 client_tasks=0.050ms/1 resource_release=0.028ms/144 2.1MiB submit=0.014ms/1 acquire=0.012ms/1 harness_handoff=0.008ms/2 upload_copy=0.004ms/2 0.0MiB client_post_render=0.004ms/1 level_end_frame=0.004ms/1 client_pre_frame=0.001ms/1 client_pre_render=0.001ms/1 client_gizmos=0.001ms/1 present=0.001ms/1 arena_wait=0.001ms/1 client_packets=0.000ms/1 task_drain=0.000ms/1 render_pass_merge=0.000ms/12 unphasedMs=-0.004
[15:21:18] [Test thread/INFO] (MetalLifecycleGameTest) Metal benchmark stall: phase=pan#3 frame=2767 intervalMs=9.745 cpuMs=9.558 outsideLoopMs=0.054 render_frame=9.609ms/1 gpu_frame=5.405ms/1 jvm_gc=3.000ms/1 command_batch=0.358ms/121 0.2MiB buffer_create=0.311ms/142 0.8MiB buffer_map=0.307ms/1849 0.8MiB lod_prepare=0.159ms/2 client_packets=0.078ms/1 resource_release=0.016ms/142 0.8MiB submit=0.016ms/1 acquire=0.008ms/1 client_post_render=0.004ms/1 level_end_frame=0.004ms/1 upload_copy=0.003ms/2 0.0MiB client_pre_frame=0.003ms/1 present=0.001ms/1 arena_wait=0.000ms/1 client_pre_render=0.000ms/1 client_tasks=0.000ms/1 task_drain=0.000ms/1 client_post_tasks=0.000ms/1 render_pass_merge=0.000ms/12 unphasedMs=-0.004
[15:21:18] [Test thread/INFO] (MetalLifecycleGameTest) Metal benchmark stall: phase=pan#3 frame=5 intervalMs=9.043 cpuMs=8.949 outsideLoopMs=0.038 render_frame=9.001ms/1 gpu_frame=5.103ms/1 buffer_map=3.163ms/2212 1.0MiB jvm_gc=3.000ms/1 buffer_create=0.432ms/240 0.8MiB command_batch=0.408ms/217 0.3MiB lod_prepare=0.127ms/2 resource_release=0.018ms/240 0.8MiB submit=0.017ms/1 acquire=0.009ms/1 level_end_frame=0.004ms/1 client_pre_frame=0.004ms/1 client_post_render=0.003ms/1 upload_copy=0.002ms/2 0.0MiB present=0.001ms/1 arena_wait=0.000ms/1 client_pre_render=0.000ms/1 client_tasks=0.000ms/1 client_post_tasks=0.000ms/1 client_packets=0.000ms/1 task_drain=0.000ms/1 render_pass_merge=0.000ms/11 unphasedMs=-0.003
[15:21:18] [Test thread/INFO] (MetalLifecycleGameTest) Metal benchmark stall: phase=pan#3 frame=1372 intervalMs=8.930 cpuMs=7.943 outsideLoopMs=0.027 gpu_frame=22.184ms/2 render_frame=8.002ms/1 jvm_gc=2.000ms/1 client_tick=0.549ms/1 client_post_tasks=0.305ms/1 buffer_create=0.140ms/42 0.1MiB buffer_map=0.134ms/743 0.4MiB command_batch=0.113ms/12 0.1MiB lod_prepare=0.068ms/2 client_tasks=0.045ms/1 resource_release=0.028ms/49 1.8MiB submit=0.017ms/1 acquire=0.012ms/1 harness_handoff=0.005ms/2 level_end_frame=0.004ms/1 upload_copy=0.003ms/2 0.0MiB client_post_render=0.002ms/1 client_pre_frame=0.001ms/1 present=0.001ms/1 client_gizmos=0.001ms/1 arena_wait=0.000ms/1 client_pre_render=0.000ms/1 client_packets=0.000ms/1 task_drain=0.000ms/1 render_pass_merge=0.000ms/8 unphasedMs=-0.002
[15:21:38] [Test thread/INFO] (MetalLifecycleGameTest) Metal benchmark: phase=traversal#3 frames=2524 seconds=19.8 avgFps=127.4 onePercentLow=87.3 pointOnePercentLow=73.0 p50CpuMs=7.745 p95CpuMs=8.786 p99CpuMs=9.493 p50IntervalMs=7.874 p99IntervalMs=10.375 worstIntervalMs=14.800 p50AcquireMs=0.008 p99AcquireMs=0.017 p50OutsideLoopMs=0.041 p99OutsideLoopMs=0.071
[15:21:38] [Test thread/INFO] (MetalLifecycleGameTest) Metal benchmark stall: phase=traversal#3 whole-phase render_frame=19319.283ms/2524 gpu_frame=16677.837ms/2524 buffer_create=2333.058ms/1271294 816.5MiB buffer_map=1149.448ms/7126811 2396.4MiB command_batch=886.491ms/211165 694.8MiB lod_prepare=343.898ms/5048 0.1MiB client_tick=175.954ms/396 client_post_tasks=108.610ms/2524 client_packets=46.742ms/2524 jvm_gc=45.000ms/19 client_tasks=33.380ms/2524 resource_release=32.045ms/1270820 805.4MiB acquire=22.914ms/2524 submit=21.270ms/2524 upload_copy=11.659ms/10419 125.2MiB client_post_render=9.397ms/2524 client_pre_frame=7.954ms/2524 level_end_frame=6.992ms/2524 harness_handoff=2.355ms/552 client_pre_render=1.259ms/2524 present=1.038ms/2524 arena_wait=0.931ms/2524 client_gizmos=0.304ms/396 task_drain=0.237ms/2524 texture_create=0.022ms/1 0.0MiB render_pass_merge=0.000ms/17942
[15:21:38] [Test thread/INFO] (MetalLifecycleGameTest) Metal benchmark stall: phase=traversal#3 worst-1% render_frame=263.600ms/25 gpu_frame=173.595ms/25 jvm_gc=40.000ms/13 buffer_create=27.199ms/14303 5.4MiB buffer_map=15.849ms/74766 24.4MiB lod_prepare=11.041ms/50 client_tasks=10.807ms/25 command_batch=8.789ms/1437 6.8MiB client_tick=5.652ms/13 client_post_tasks=3.857ms/25 client_packets=2.288ms/25 upload_copy=0.413ms/468 10.8MiB resource_release=0.412ms/14299 5.6MiB acquire=0.315ms/25 submit=0.312ms/25 client_post_render=0.089ms/25 harness_handoff=0.074ms/17 level_end_frame=0.072ms/25 client_pre_frame=0.071ms/25 present=0.015ms/25 arena_wait=0.013ms/25 client_pre_render=0.013ms/25 client_gizmos=0.012ms/13 task_drain=0.002ms/25 render_pass_merge=0.000ms/164
[15:21:38] [Test thread/INFO] (MetalLifecycleGameTest) Metal benchmark stall: phase=traversal#3 tasks total=0.000ms/0
[15:21:38] [Test thread/INFO] (MetalLifecycleGameTest) Metal benchmark stall: phase=traversal#3 gpuPassSpans sumOfSpans=46562.116ms/27594 MetalCraft shader: shadow_terrain=10611.334ms/2554 Immediate draw with minecraft:pipeline/entity_translucent=7027.936ms/2554 Section layers for translucent=6671.451ms/2539 MetalCraft shader: grade=6663.560ms/2554 (depth clear)=6169.906ms/5108 Section layers for opaque=5991.311ms/2554 Immediate draw with minecraft:pipeline/entity_cutout=1435.221ms/798 Immediate draw with minecraft:pipeline/entity_cutout_cull=702.617ms/423 Immediate draw with minecraft:pipeline/item_cutout=562.285ms/364 Sky disc=381.893ms/2554 GUI before blur=222.910ms/2554 Clouds=55.254ms/22
[15:21:38] [Test thread/INFO] (MetalLifecycleGameTest) Metal benchmark stall: phase=traversal#3 frame=2259 intervalMs=14.800 cpuMs=9.730 outsideLoopMs=0.039 render_frame=9.804ms/1 gpu_frame=7.383ms/1 client_tasks=4.132ms/1 jvm_gc=2.000ms/1 buffer_create=1.052ms/614 0.1MiB buffer_map=0.534ms/2942 0.9MiB client_tick=0.463ms/1 client_post_tasks=0.357ms/1 command_batch=0.311ms/21 0.2MiB lod_prepare=0.227ms/2 upload_copy=0.033ms/37 0.9MiB resource_release=0.031ms/614 0.1MiB acquire=0.025ms/1 submit=0.017ms/1 harness_handoff=0.006ms/1 level_end_frame=0.004ms/1 client_post_render=0.003ms/1 client_gizmos=0.003ms/1 client_pre_frame=0.002ms/1 present=0.001ms/1 arena_wait=0.001ms/1 client_pre_render=0.001ms/1 client_packets=0.000ms/1 task_drain=0.000ms/1 render_pass_merge=0.000ms/6 unphasedMs=-0.003
[15:21:38] [Test thread/INFO] (MetalLifecycleGameTest) Metal benchmark stall: phase=traversal#3 frame=888 intervalMs=13.199 cpuMs=12.289 outsideLoopMs=0.040 render_frame=12.338ms/1 gpu_frame=6.456ms/1 jvm_gc=3.000ms/1 buffer_create=0.975ms/606 0.1MiB buffer_map=0.643ms/3599 1.2MiB command_batch=0.492ms/109 0.4MiB client_tick=0.489ms/1 client_post_tasks=0.279ms/1 lod_prepare=0.154ms/2 client_tasks=0.050ms/1 resource_release=0.029ms/606 0.1MiB submit=0.014ms/1 acquire=0.010ms/1 harness_handoff=0.005ms/1 level_end_frame=0.004ms/1 upload_copy=0.004ms/2 0.0MiB client_post_render=0.004ms/1 client_pre_frame=0.001ms/1 present=0.001ms/1 client_gizmos=0.001ms/1 client_pre_render=0.001ms/1 arena_wait=0.000ms/1 task_drain=0.000ms/1 client_packets=0.000ms/1 render_pass_merge=0.000ms/6 unphasedMs=-0.003
[15:21:38] [Test thread/INFO] (MetalLifecycleGameTest) Metal benchmark stall: phase=traversal#3 frame=1324 intervalMs=13.098 cpuMs=12.180 outsideLoopMs=0.040 render_frame=12.219ms/1 gpu_frame=6.950ms/1 jvm_gc=4.000ms/1 buffer_create=0.871ms/567 0.6MiB client_tick=0.510ms/1 buffer_map=0.481ms/2938 0.9MiB command_batch=0.343ms/52 0.3MiB client_post_tasks=0.282ms/1 lod_prepare=0.142ms/2 client_tasks=0.043ms/1 resource_release=0.020ms/567 0.6MiB submit=0.012ms/1 acquire=0.011ms/1 upload_copy=0.004ms/6 0.0MiB harness_handoff=0.004ms/2 client_post_render=0.003ms/1 level_end_frame=0.003ms/1 client_pre_frame=0.001ms/1 client_gizmos=0.001ms/1 client_pre_render=0.000ms/1 arena_wait=0.000ms/1 present=0.000ms/1 client_packets=0.000ms/1 task_drain=0.000ms/1 render_pass_merge=0.000ms/8 unphasedMs=-0.003
[15:21:38] [Test thread/INFO] (MetalLifecycleGameTest) Metal benchmark stall: phase=traversal#3 frame=899 intervalMs=12.520 cpuMs=12.202 outsideLoopMs=0.062 render_frame=12.252ms/1 gpu_frame=6.194ms/1 jvm_gc=3.000ms/1 buffer_create=0.958ms/598 0.1MiB buffer_map=0.572ms/3498 1.1MiB command_batch=0.453ms/104 0.3MiB lod_prepare=0.267ms/2 client_packets=0.202ms/1 submit=0.015ms/1 resource_release=0.013ms/598 0.1MiB acquire=0.011ms/1 upload_copy=0.004ms/2 0.0MiB level_end_frame=0.004ms/1 client_post_render=0.003ms/1 client_pre_frame=0.002ms/1 present=0.001ms/1 client_pre_render=0.001ms/1 arena_wait=0.001ms/1 client_tasks=0.000ms/1 client_post_tasks=0.000ms/1 task_drain=0.000ms/1 render_pass_merge=0.000ms/6 unphasedMs=-0.003
[15:21:38] [Test thread/INFO] (MetalLifecycleGameTest) Metal benchmark stall: phase=traversal#3 frame=2465 intervalMs=12.297 cpuMs=11.539 outsideLoopMs=0.040 render_frame=11.588ms/1 gpu_frame=7.714ms/1 jvm_gc=3.000ms/1 buffer_create=0.986ms/625 0.1MiB buffer_map=0.484ms/3012 0.9MiB client_tick=0.366ms/1 command_batch=0.293ms/19 0.2MiB client_post_tasks=0.243ms/1 lod_prepare=0.155ms/2 client_tasks=0.057ms/1 acquire=0.017ms/1 resource_release=0.013ms/625 0.1MiB submit=0.012ms/1 harness_handoff=0.005ms/1 upload_copy=0.005ms/2 0.0MiB client_post_render=0.003ms/1 level_end_frame=0.003ms/1 client_pre_frame=0.001ms/1 arena_wait=0.001ms/1 client_gizmos=0.001ms/1 present=0.001ms/1 client_pre_render=0.001ms/1 client_packets=0.000ms/1 task_drain=0.000ms/1 render_pass_merge=0.000ms/6 unphasedMs=-0.003
[15:21:38] [Test thread/INFO] (MetalLifecycleGameTest) Metal benchmark stall: phase=traversal#3 frame=2270 intervalMs=12.284 cpuMs=12.146 outsideLoopMs=0.065 render_frame=12.189ms/1 gpu_frame=7.525ms/1 jvm_gc=3.000ms/1 buffer_create=0.973ms/626 0.1MiB buffer_map=0.481ms/2997 0.9MiB command_batch=0.306ms/21 0.2MiB lod_prepare=0.181ms/2 client_packets=0.025ms/1 resource_release=0.013ms/626 0.1MiB submit=0.011ms/1 acquire=0.008ms/1 upload_copy=0.004ms/2 0.0MiB client_post_render=0.004ms/1 level_end_frame=0.004ms/1 client_pre_frame=0.003ms/1 present=0.001ms/1 client_pre_render=0.001ms/1 arena_wait=0.000ms/1 client_tasks=0.000ms/1 task_drain=0.000ms/1 client_post_tasks=0.000ms/1 render_pass_merge=0.000ms/6 unphasedMs=-0.003
[15:21:38] [Test thread/INFO] (MetalLifecycleGameTest) Metal benchmark stall: phase=traversal#3 frame=496 intervalMs=11.956 cpuMs=8.080 outsideLoopMs=0.052 render_frame=8.141ms/1 gpu_frame=5.768ms/1 client_tasks=2.871ms/1 buffer_create=0.713ms/351 0.6MiB client_tick=0.538ms/1 buffer_map=0.418ms/2434 0.9MiB command_batch=0.400ms/131 0.3MiB client_post_tasks=0.351ms/1 lod_prepare=0.230ms/2 upload_copy=0.052ms/50 1.6MiB acquire=0.026ms/1 resource_release=0.023ms/362 1.0MiB submit=0.016ms/1 harness_handoff=0.005ms/1 client_post_render=0.003ms/1 level_end_frame=0.002ms/1 arena_wait=0.001ms/1 client_gizmos=0.001ms/1 client_pre_frame=0.001ms/1 present=0.001ms/1 client_pre_render=0.000ms/1 client_packets=0.000ms/1 task_drain=0.000ms/1 render_pass_merge=0.000ms/10 unphasedMs=-0.003
[15:21:38] [Test thread/INFO] (MetalLifecycleGameTest) Metal benchmark stall: phase=traversal#3 frame=2018 intervalMs=11.893 cpuMs=11.815 outsideLoopMs=0.042 render_frame=11.847ms/1 gpu_frame=7.034ms/1 jvm_gc=4.000ms/1 lod_prepare=3.867ms/2 buffer_create=0.875ms/595 0.1MiB buffer_map=0.498ms/2962 0.9MiB command_batch=0.309ms/34 0.3MiB resource_release=0.011ms/593 0.1MiB submit=0.008ms/1 acquire=0.008ms/1 client_post_render=0.004ms/1 client_pre_frame=0.003ms/1 level_end_frame=0.003ms/1 upload_copy=0.002ms/2 0.0MiB client_pre_render=0.001ms/1 present=0.000ms/1 arena_wait=0.000ms/1 client_tasks=0.000ms/1 task_drain=0.000ms/1 client_packets=0.000ms/1 client_post_tasks=0.000ms/1 render_pass_merge=0.000ms/6 unphasedMs=-0.004
[15:21:38] [Test thread/INFO] (MetalLifecycleGameTest) Metal benchmark result: backend=Metal arch=aarch64 maxHeapMiB=16384 gc=G1 Young Generation+G1 Concurrent GC+G1 Old Generation resolution=3840x2104 drawable=3840x2104 renderDistance=16 simulationDistance=16 seed=metalcraft site=-1536,173,-128 roughness=32.938 flatFrameFraction=0.862 loadedChunkFraction=1.000 visibleSections=944
[15:21:38] [Test thread/INFO] (MetalLifecycleGameTest) Metal benchmark result: phase=stationary#1 frames=4030 seconds=19.8 avgFps=203.0 onePercentLow=138.3 pointOnePercentLow=114.8 p50CpuMs=4.672 p95CpuMs=5.310 p99CpuMs=5.670 p50IntervalMs=4.734 p99IntervalMs=6.508 worstIntervalMs=9.398 p50AcquireMs=0.007 p99AcquireMs=0.015 p50OutsideLoopMs=0.032 p99OutsideLoopMs=0.059
[15:21:38] [Test thread/INFO] (MetalLifecycleGameTest) Metal benchmark result: phase=pan#1 frames=4553 seconds=19.8 avgFps=229.4 onePercentLow=136.5 pointOnePercentLow=112.3 p50CpuMs=3.994 p95CpuMs=5.485 p99CpuMs=6.028 p50IntervalMs=4.099 p99IntervalMs=6.941 worstIntervalMs=10.583 p50AcquireMs=0.007 p99AcquireMs=0.015 p50OutsideLoopMs=0.035 p99OutsideLoopMs=0.065
[15:21:38] [Test thread/INFO] (MetalLifecycleGameTest) Metal benchmark result: phase=traversal#1 frames=2561 seconds=19.8 avgFps=129.2 onePercentLow=82.0 pointOnePercentLow=72.5 p50CpuMs=7.734 p95CpuMs=8.844 p99CpuMs=9.778 p50IntervalMs=7.865 p99IntervalMs=10.987 worstIntervalMs=13.825 p50AcquireMs=0.009 p99AcquireMs=0.018 p50OutsideLoopMs=0.047 p99OutsideLoopMs=0.083
[15:21:38] [Test thread/INFO] (MetalLifecycleGameTest) Metal benchmark result: phase=stationary#2 frames=3264 seconds=19.8 avgFps=164.7 onePercentLow=110.5 pointOnePercentLow=87.4 p50CpuMs=5.755 p95CpuMs=6.531 p99CpuMs=6.907 p50IntervalMs=5.828 p99IntervalMs=7.823 worstIntervalMs=12.953 p50AcquireMs=0.008 p99AcquireMs=0.016 p50OutsideLoopMs=0.038 p99OutsideLoopMs=0.065
[15:21:38] [Test thread/INFO] (MetalLifecycleGameTest) Metal benchmark result: phase=pan#2 frames=3592 seconds=19.8 avgFps=181.3 onePercentLow=115.0 pointOnePercentLow=102.0 p50CpuMs=5.132 p95CpuMs=6.538 p99CpuMs=7.249 p50IntervalMs=5.240 p99IntervalMs=8.130 worstIntervalMs=10.065 p50AcquireMs=0.008 p99AcquireMs=0.016 p50OutsideLoopMs=0.039 p99OutsideLoopMs=0.071
[15:21:38] [Test thread/INFO] (MetalLifecycleGameTest) Metal benchmark result: phase=traversal#2 frames=2488 seconds=19.8 avgFps=125.6 onePercentLow=82.6 pointOnePercentLow=68.0 p50CpuMs=7.821 p95CpuMs=8.928 p99CpuMs=9.676 p50IntervalMs=7.954 p99IntervalMs=10.778 worstIntervalMs=15.464 p50AcquireMs=0.009 p99AcquireMs=0.018 p50OutsideLoopMs=0.043 p99OutsideLoopMs=0.074
[15:21:38] [Test thread/INFO] (MetalLifecycleGameTest) Metal benchmark result: phase=stationary#3 frames=3229 seconds=19.8 avgFps=163.0 onePercentLow=111.9 pointOnePercentLow=91.5 p50CpuMs=5.828 p95CpuMs=6.607 p99CpuMs=6.973 p50IntervalMs=5.899 p99IntervalMs=7.761 worstIntervalMs=11.153 p50AcquireMs=0.008 p99AcquireMs=0.017 p50OutsideLoopMs=0.036 p99OutsideLoopMs=0.062
[15:21:38] [Test thread/INFO] (MetalLifecycleGameTest) Metal benchmark result: phase=pan#3 frames=3572 seconds=19.8 avgFps=180.2 onePercentLow=115.2 pointOnePercentLow=95.5 p50CpuMs=5.133 p95CpuMs=6.585 p99CpuMs=7.268 p50IntervalMs=5.243 p99IntervalMs=8.152 worstIntervalMs=11.256 p50AcquireMs=0.008 p99AcquireMs=0.015 p50OutsideLoopMs=0.036 p99OutsideLoopMs=0.067
[15:21:38] [Test thread/INFO] (MetalLifecycleGameTest) Metal benchmark result: phase=traversal#3 frames=2524 seconds=19.8 avgFps=127.4 onePercentLow=87.3 pointOnePercentLow=73.0 p50CpuMs=7.745 p95CpuMs=8.786 p99CpuMs=9.493 p50IntervalMs=7.874 p99IntervalMs=10.375 worstIntervalMs=14.800 p50AcquireMs=0.008 p99AcquireMs=0.017 p50OutsideLoopMs=0.041 p99OutsideLoopMs=0.071
[15:21:38] [Test thread/INFO] (MetalLifecycleGameTest) Metal benchmark summary: phase=stationary repeats=3 medianFps=164.7 minFps=163.0 maxFps=203.0 spreadFps=40.1 spreadPercent=24.3 medianOnePercentLow=111.9 worstIntervalMs=12.953
[15:21:38] [Test thread/INFO] (MetalLifecycleGameTest) Metal benchmark summary: phase=pan repeats=3 medianFps=181.3 minFps=180.2 maxFps=229.4 spreadFps=49.2 spreadPercent=27.1 medianOnePercentLow=115.2 worstIntervalMs=11.256
[15:21:38] [Test thread/INFO] (MetalLifecycleGameTest) Metal benchmark summary: phase=traversal repeats=3 medianFps=127.4 minFps=125.6 maxFps=129.2 spreadFps=3.6 spreadPercent=2.8 medianOnePercentLow=82.6 worstIntervalMs=15.464
[15:21:38] [Test thread/INFO] (MetalLifecycleGameTest) Metal benchmark result written to /Users/jackangione/Desktop/VULKAN SHADERS/run/benchmarks/metalcraft-metal.json
[15:21:38] [Server thread/INFO] (Minecraft) Player101 lost connection: Disconnected
[15:21:38] [Server thread/INFO] (Minecraft) Player101 left the game
[15:21:38] [Server thread/INFO] (Minecraft) Stopping singleplayer server as player logged out
[15:21:38] [Server thread/INFO] (Minecraft) Stopping server
[15:21:38] [Server thread/INFO] (Minecraft) Saving players
[15:21:38] [Server thread/INFO] (Minecraft) Saving worlds
[15:21:38] [Server thread/INFO] (Minecraft) Saving chunks for level 'ServerLevel[New World]'/minecraft:overworld
[15:21:39] [Server thread/INFO] (Minecraft) Saving chunks for level 'ServerLevel[New World]'/minecraft:the_nether
[15:21:39] [Server thread/INFO] (Minecraft) Saving chunks for level 'ServerLevel[New World]'/minecraft:the_end
[15:21:39] [Server thread/INFO] (Minecraft) ThreadedAnvilChunkStorage (world): All chunks are saved
[15:21:39] [Server thread/INFO] (Minecraft) ThreadedAnvilChunkStorage (DIM-1): All chunks are saved
[15:21:39] [Server thread/INFO] (Minecraft) ThreadedAnvilChunkStorage (DIM1): All chunks are saved
[15:21:39] [Server thread/INFO] (Minecraft) ThreadedAnvilChunkStorage: All dimensions are saved
[15:21:39] [Test thread/INFO] (MetalLifecycleGameTest) Metal benchmark: world closed; clean client shutdown requested
[15:21:39] [Render thread/INFO] (WorldGeometryAdapter) Shader pack 'metalcraft-standard' leaves 5 pipeline(s) outside the G-buffer: [minecraft:pipeline/translucent_terrain, minecraft:pipeline/entity_translucent, minecraft:pipeline/eyes, minecraft:pipeline/item_cutout, minecraft:pipeline/lines]
[15:21:39] [Render thread/INFO] (MetalGpuSurface) MetalCraft surface configured: 1708x960 presentMode=IMMEDIATE displaySync=false unlockedFrameRate=true
[15:21:39] [Render thread/INFO] (Minecraft) Stopping!
